공지분류,등록 번호,기본 제목,공지 제목,부서,등록일,조회수,링크,본문 내용,학사공지_수업/강의 관련,학사공지_시험/평가,학사공지_졸업/학위,학사공지_등록/휴학/복학,학사공지_장학/재정,학사공지_행사/일정,학사공지_행정/공지,학사공지_기타
학사공지,공지,학사지원실+2025-2학기 복학 및 휴학 신청 안내+2025-06-04,2025-2학기 복학 및 휴학 신청 안내,학사지원실,2025-06-04,0,https://www.jj.ac.kr/jj/community/notice02.do?mode=view&articleNo=481231&article.offset=0&articleLimit=500,"2025학년도 2학기 복학 및 휴학 신청 안내1복학 신청1.복학 신청 주요사항 안내구 분내 용대 상■ 일반휴학 및 군휴학 후, 휴학기간 만료(예정)인 자 (2025-2학기 복학예정자)■ 휴학기간이 남아있으나 조기 복학을 희망하는 자신청 기간■2025. 6. 22.(일)~2025. 10. 4.(토), 개강 후 5주 이내※ 수강바구니(2025. 7. 22.(화)~7. 24.(목))전 복학 권장신청 방법■ inSTAR(인스타) 홈페이지 학사관리 메뉴에서 직접 신청 (인스타 입력 방법 붙임 참고)처리 절차■ 인스타 로그인 → 학사관리 메뉴 → 복학신청 →신청 즉시 복학 처리됨증빙 서류■ 일반휴학 후 복학자: 증빙서류 없음■군휴학 후 복학자: 전역증 또는 전역 확인 증명서(①~③ 중 1부)를 온라인으로 첨부① 병적증명서(병무청 발급)② 복무확인서(부대/근무처 발급)③ 병역사항 기재된 초본(주민센터 발급)※ 군 전역일 전 수강신청을 위해 우선 복학 신청하여도 무방함(증명서 추후 학과에 제출)2.복학자 수강신청 안내구 분내 용신청기간■ 수강바구니 신청 기간: 2025. 7. 22.(화) ~ 7. 24.(목)■ 수강신청 기간: 2025. 8. 5.(화) ~ 8. 7.(목)■ 수강신청 정정 기간: 2025. 8. 29.(금) ~ 9. 6.(토)※ 수강신청 기간 후에 복학하는 경우: 복학 신청 후 인스타에서 수강신청 가능함(세부사항 학과 사무실 문의)수강신청방법■ 인스타 로그인 → 학사관리 메뉴 → 수강신청※ 복학 신청이 완료되어야 수강바구니 기간에 수강 희망과목 담기 가능기타사항■ 수강신청 기간에 홀,짝수 구분 없이 동시 진행함!(2021-2학기부터 적용됨)■복학 예정자의 경우 가급적 수강바구니 전일(2025. 7. 22.)까지 복학 신청을 완료하여 수강바구니를 통해 수강 희망과목을 수강할 수 있도록 준비하여 주시기 바랍니다.3. 등록금 납부[1] 등록금 고지서 출력: 인스타로그인 → 수강신청 메뉴 → 등록금 고지서- 등록금 납부기간 공지 전 복학한 경우:등록금고지서가 아직 조회되지 않음(8월 말 재확인 바람)- 등록금 납부기간 공지 후 복학한 경우 : 복학 즉시 등록금 고지서 조회 및 출력, 납부 가능[2] 등록금 납부기간 내 가상계좌로 납부-납부 기간 : 2025. 8월 말 경(일정변경 가능, 추후 홈페이지 확인 요망)[3] 안내사항-휴학 전에 등록금을 미리 납부한 경우에는 복학학기 등록금 납부 대상이 아님(휴학 전 납부한 등록금이 이월되어 복학 후 첫 학기 등록금으로 자동 처리)2휴학 신청1. 일반휴학 신청 주요사항 안내가.일반 휴학구 분내 용대 상(휴학사유)■ 질병: 4주 이상 출석할 수 없는 자 (4주 이상 치료 진단서)■ 창업: 창업 또는 기존사업체를 경영하려는 자(사업자등록증 또는 법인등기부등본 사본)■ 임신·출산·육아: 임신, 출산, 육아로 인한 휴학이 필요한 자(진단서, 가족관계 증명서)■ 기타 사유: 자기개발, 가계곤란, 천재지변, 돌발사고, 장애학생 등(증빙서류 없음)휴학 기간■ 1년 단위(2학기) 휴학 신청 (※ 1년 휴학 신청하였어도, 6개월 뒤 복학 신청 가능함)신청 기간2025. 6. 22.(일) ~2025. 10. 4.(토), 개강 5주차(수업일수 1/3)까지, 질병휴학(수업일수 2/3)까지접수 방법■ inSTAR(인스타) 홈페이지에서 휴학신청 입력 후 학과사무실 방문 접수 (인스타 입력방법 붙임 참고)※인스타로그인 (학사관리 메뉴)→ 휴학신청 입력 → 신청서 출력→ 학과 사무실 방문(CA 및 지도교수 또는 학과장 상담) 제출※ 인스타입력은 상시 가능,신청서 제출은 접수기간만 가능(긴급한 경우 학과 상담 요망, 미래융합대학만 토요일접수가능)주의사항■신·편입생 및 재입학생의 입학 첫 학기는 휴학 불가(단, 병역, 질병, 임신출산육아 제외)■휴학 가능 학기 소진 시 일반휴학신청 불가(단, 병역,창업,임신출산육아,특별휴학기간은 미산입)※ 일반휴학가능 학기 수: 신입학생 8개 학기, 재입학 및 3학년 편입생 4개 학기, 4학년 편입생 2개 학기접수 기간1차2025. 6. 23.(월) ~ 6. 27.(금) 1주간등록금 미납자는5차까지만신청 가능2차2025. 7. 14.(월) ~ 7. 18.(금) 1주간3차2025. 8. 11.(월) ~ 8. 22.(금) 2주간4차2025. 9. 15.(월) ~ 9. 20.(토) 1주간5차2025. 9. 29.(월) ~10.4.(토), 개강 5주 차6차2025. 10. 13.(월) ~10. 18.(토), 개강 7주 차등록금 납부자만 가능나. 병역(군입대)휴학구 분내 용대 상■ 군입대 예정인 자 ■ 군복무 연장 예정인 자신청기간■ 군입대 전.군입대일 1주일 전부터만 신청 가능함(입영일이 확정되지 않은 경우 일반휴학신청 후 군휴학으로 변경)신청방법■inSTAR(인스타) 홈페이지에서 군휴학 신청 후 학과사무실 방문 접수(인스타 입력방법 붙임 참고)처리절차■ 인스타 로그인 → 학사관리 메뉴 → 군휴학신청서 작성 → 신청서 출력→ 학과 사무실 방문(CA 및 지도교수 또는 학과장 상담) 및 제출→ 접수완료증빙서류■ 병역의무 이행 증빙서류 1부.(입영통지서, 사회복무요원 소집 통지서 등)2.휴학 변경 안내가. 일반휴학 → 군휴학 변경구 분내 용대 상■ 일반휴학 후 군입대 사유로 군휴학으로 변경하려는 자신청기간■ 군입대 전(군 입대일 1주일 전부터만 신청 가능함)신청방법■inSTAR(인스타) 홈페이지에서군휴학을 신규로 신청처리절차■ 인스타로그인 →학사관리 메뉴:휴학신청→군휴학신청서작성 → 신청서 출력→ 학과 사무실 방문(CA 및 지도교수 또는 학과장 상담)및 제출 →접수완료증빙서류■ 병역의무 이행 증빙서류 1부(입영통지서, 사회복무요원 소집 통지서 등)주의사항■ 군휴학으로변경하지 않고 입대한 경우 해당학기 일반휴학으로처리됨※ 이미입대하여 본인이 신청할 수 없는 경우,가족의 대리 신청 가능(학과 사무실 문의)나. 군휴학 → 일반휴학 변경구 분내 용대 상 자■ 전역 후, 복학 예정학기에 복학하지 않고 일반 휴학을 신청하려는 자신청기간■ 전역 후, 복학 예정학기 개강일 전까지신청방법■inSTAR(인스타) 홈페이지에서먼저 복학신청후일반휴학을 신규로 신청※ 인스타입력은 상시 가능,신청서 제출은 접수기간만 가능처리절차■ 인스타로그인 →학사관리 메뉴:복학신청(→즉시 복학처리 완료됨)→인스타재로그인→학사관리 메뉴:휴학신청→일반휴학신청작성 → 신청서 출력→ 학과 사무실 방문(CA 및 지도교수 또는 학과장 상담)및 제출 →접수완료증빙서류■군휴학후 복학 시 전역증또는 전역 확인 증명(①~③ 중 1부)를 온라인으로첨부※ 증명 유형: ① 병적증명서(병무청 발급) ② 복무확인서(부대/근무처 발급)③ 병역사항(전역일)이 기재된 초본(주민센터/온라인 발급 가능)※ 군 전역일 전 수강신청을 위해 우선 복학 신청하여도 무방함(증명서 추후 학과에 제출)주의사항■ 인스타에서 먼저 복학신청을 처리해야 신규 일반휴학신청이 가능함■ 일반 휴학의 경우 신입생의 경우 최대 8개 학기(4년)까지만일반휴학신청이 가능함(3학년 편입생의 경우 최대 4개 학기까지 휴학 신청 가능함)3.휴학 연장 안내구 분내 용대 상■ 일반휴학(1년 단위) 기간 만료 후, 휴학을 연장하려는 자■ 병역의무 만료 복학 예정자 중 일반휴학을 신청하려는 자신청기간■ 휴학 만료 학기 수업종료일부터 복학 학기 개시 이전까지(복학 학기 수업일수 1/3 이내에 휴학 연장 신청 가능함)신청방법■inSTAR(인스타) 홈페이지에서먼저 복학신청후일반휴학을신규로 신청※ 인스타입력은 상시 가능,신청서 제출은 접수기간만 가능(접수기간은 “1. 일반유학 신청 안내”참고)처리절차■ 인스타로그인 →학사관리 메뉴:복학신청(→즉시 복학처리 완료됨)→인스타재로그인→학사관리 메뉴:휴학신청→일반휴학신청작성 → 신청서 출력→ 학과 사무실 방문(CA 및 지도교수 또는 학과장 상담)및 제출 →접수완료주의사항■ 인스타에서 먼저 복학신청을 처리해야 신규 일반휴학신청이 가능함(인스타복학신청 입력 시 즉시 처리됨, 복학신청서는 학과 제출 불필요)■ 일반 휴학의 경우 신입생의 경우 최대 8개 학기(4년)까지만일반휴학신청이 가능함(3학년 편입생의 경우 최대 4개 학기까지 휴학 신청 가능함)3기타 사항1.개인정보 수정 안내가. 대상자: 개인정보(주소, 핸드폰 연락처 등)가 변경된 재학생 및 휴학생나. 수정방법: 인스타 → 개인정보 수정 클릭 → 개인정보 수정 후 저장다. 유의사항- 학사 관련 업무 발생 시 연락할 수 있도록 개인정보를 업데이트하여야 합니다.- 학부모 알리미 서비스 이용 희망시 학부모 휴대폰을 등록(수정)할 수 있습니다.( 학부모알리미 서비스 페이지:https://instar.jj.ac.kr/?mode=jjpa)2.관련 문의: 담당자(☎063-220-2135, 2417), 학과사무실 연락처(별도 파일 참조)3.온라인 휴복학 상담 문의: 카카오톡에서 “전주대휴복학도우미”검색하여 채널 추가교무처 학사지원실",0.069204152,0,0.00461361,4.90496966,0.055363322,0.046136101,1.590391655,0
학사공지,공지,학사지원실+2025학년도 2학기 학과 선택 안내(통합모집 단과대학 및 자유전공학부)+2025-05-26,2025학년도 2학기 학과 선택 안내(통합모집 단과대학 및 자유전공학부),학사지원실,2025-05-26,0,https://www.jj.ac.kr/jj/community/notice02.do?mode=view&articleNo=480759&article.offset=0&articleLimit=500,"□ 학과 선택: 통합모집 단과대학(인문콘텐츠대학 및 경영대학) 및 수퍼스타칼리지 자유전공학부 입학생이 통합학사단위의 선택 가능 학과 내에서 학과를 선택1. 신청 자격가. 통합모집 단과대학(인문콘텐츠대학 1학년)나. 통합모집 단과대학(경영대학 1학년)나. 수퍼스타칼리지 자유전공학부2. 확인 사항가. 통합모집 단과대학 소속 학생은 모집요강(붙임1)의 단과대학 소속 학과, 자유전공학부 소속 학생은 모집요강(붙임1 참고)의 단과대학별 선택 가능 학과로 한정하여 신청나. 통합학사단위 소속 학생은 1학년 2학기까지 학과 선택을 유예할 수 있되, 1학년 2학기까지 학과 선택을 신청하지 않은 학생은 설문조사 등에서 응답한 희망 전공을 학과 선택으로 신청한 것으로 간주함다. 나)항에 따라 학과가 결정된 학생의 경우는 2학년 1학기 2주차까지 이의신청 및 학과변경(붙임1 참고)을 신청할 수 있음3. 방법 :학생포털서비스(inSTAR) → 학사관리 → 학과선택에서 신청서 작성 후 저장(붙임 2 참고)4. 학과 선택일정구분일자내용신청 기간2025. 6. 2.(월) ~  6. 18.(수)결과 안내2025. 7. 18.(금)등록금 납부추후 공지수강바구니2025. 7. 22.(화) ~ 7. 24.(목)※시행 일정은 학사 일정에 따라 변동 가능함5. 유의사항가. 학과 선택을 하려는 자는 모집요강을 잘 숙지하고 신청해야 하며, 숙지하지 못하여 발생한 문제는 신청자의 책임으로 한다.나. 학과 선택 기간 중 주요 사항은 우리 대학 홈페이지 공지사항(학사)에 게시할 예정이며 등록 완료 시까지 공지사항을 유의해서 확인해야 한다.다. 학과 선택은 1개의 모집단위에 한하여 신청한다.라. 학과 선택을 한 학생의 수업연한은 학과선택 이전 학과의 기간을 포함한다. 따라서 수업연한을 초과하면 학점등록 대상이 될 수 있다.마. 학과 선택과 관련하여 전주대학교 학칙, 학칙시행세칙 및 본 모집요강에 정하여지지 않은 사항은 총장이 따로 정하여 시행한다.★★★  자세한 내용은 모집요강 및 신청 매뉴얼(붙임 문서)을 참고해 주시기 바랍니다 ★★★6. 문의사항□학사지원실: (063)220-2083붙임  1. 2025학년도 2학기 학과선택 모집요강 1부.2. 학과선택 매뉴얼(학생용) 1부.  끝.",0.036330609,0,0.018165304,0.272479564,0.036330609,0.054495913,0.840699143,0
학사공지,공지,학사지원실+2025학년도 2학기 전공 선택 안내(학부 해당)+2025-05-26,2025학년도 2학기 전공 선택 안내(학부 해당),학사지원실,2025-05-26,0,https://www.jj.ac.kr/jj/community/notice02.do?mode=view&articleNo=480758&article.offset=0&articleLimit=500,"□ 전공 선택: 학생의 현재 소속 학부내에서 전공을 선택1. 신청 자격가. 인문콘텐츠대학 한국어문학창작학부나. 미래융합대학 미네르바학부나. 미래융합대학 로컬벤처학부2. 확인 사항가. 전공 선택은 각 학부에서 정한 기간에 시행됨나. 인문콘텐츠대학 한국어문학창작학부의 경우, 전공 선택 기간 중 신청하지 않은 학생은 추후 재학생 소속 변경 신청을 통해학부 → 학과(전공)으로 변경 예정3. 방법 :학생포털서비스(inSTAR) → 학사관리 → 전과/전공선택에서 신청서 작성 후 저장(붙임 2 참고)4. 전공 선택일정구분일자내용신청 기간2025. 6. 2.(월) ~  6. 30.(월)결과 안내2025. 7. 18.(금)등록금 납부추후 공지수강바구니2025. 7. 22.(화) ~ 7. 24.(목)※시행 일정은 학사 일정에 따라 변동 가능함5. 유의사항1) 전공 선택을 하려는 자는 모집요강을 잘 숙지하고 신청해야 하며, 숙지 하지 못하여 발생한 문제는 신청자의 책임으로 한다.2) 전공 선택 기간 중 주요 사항은 우리 대학 홈페이지 공지사항(학사)에 게시할 예정이며 등록 완료 시까지 공지사항을 유의해서 확인해야 한다.3) 전공 선택은 1개의 모집단위에 한하여 신청한다.4) 전공 선택을 한 학생의 수업연한은 전공 선택 이전 학부의 기간을 포함한다. 따라서 수업연한을 초과하면 학점등록 대상이 될 수 있다.5) 전공 선택과 관련하여 전주대학교 학칙, 학칙시행세칙 및 본 모집요강에 정하여지지 않은 사항은 총장이 따로 정하여 시행한다.6. 문의사항□학사지원실: (063)220-2083★★★  자세한 내용은 모집요강 및 신청 매뉴얼(붙임 문서)을 참고해 주시기 바랍니다 ★★★붙임  1. 2025학년도 2학기 전공선택 모집요강 1부.2. 전공선택 매뉴얼(학생용) 1부.  끝.",0.045506257,0,0.022753129,0.273037543,0.045506257,0.068259386,1.230700471,0
학사공지,공지,학사지원실+2025학년도 2학기 전과 신청 안내+2025-05-26,2025학년도 2학기 전과 신청 안내,학사지원실,2025-05-26,0,https://www.jj.ac.kr/jj/community/notice02.do?mode=view&articleNo=480756&article.offset=0&articleLimit=500,"□전과: 학생이 현재 소속된 학과, 학부(전공) 및 계열 외의 다른 학과(전공)로 이동1. 신청 자격:별도의 지원 자격 없음(휴학생은 복학 후에 신청해야함)2. 확인 사항가. 사범대학 및 보건계열학과의 전과는 2학년 1학기에만 모집함(보건계열학과: 간호학과, 물리치료학과, 방사선학과, 보건관리학과, 작업치료학과)나. 미래융합대학으로의 전과는 아래 내용 중 1개 이상 충족한 자에 한하여 가능함① 만 30세 이상, ② 특성화고(실업계) 졸업 후 3년 이상 재직자, ③ 재직자다. 미래융합대학에서 그 외 단과대학으로의 전과는 불가함3. 신청 방법1) 학생포털서비스(inSTAR) → 학사관리 → 전과/전공선택에서 신청서 작성 후 저장2) 신청서를 출력하여 현재 학과(전공) 및 전과 신청 학과(전공) 소속 교수에게 상담 후 확인 서명3) 신청서를 스캔하여 학생포털서비스(inSTAR)에 업로드*업로드 한 신청서가 식별이 어려울 경우 전과 신청이 취소 됨학생포털서비스(inSTAR)⇨전출학과(전공)⇨전입학과(전공)⇨학생포털서비스(inSTAR)· 전과 신청서 작성소속 교수와상담 후확인 서명소속 교수와상담 후확인 서명신청서 업로드· 신청서 출력4.전과 시행 일정구분일자비고신청 기간2025. 6. 2.(월) ~  6. 30.(월)미래융합대학은 전형 실시결과 안내2025. 7. 18.(금)등록금 납부추후 공지수강바구니2025. 7. 22.(화) ~ 7. 24.(목)※시행 일정은 학사 일정에 따라 변동 가능함5. 유의사항1) 전과를 하려는 자는 모집요강을 잘 숙지하고 신청해야 하며, 숙지 하지 못하여 발생한 문제는 신청자의 책임으로 한다.2) 전과 기간 중 주요 사항은 우리 대학 홈페이지 공지사항(학사)에 게시할 예정이며 등록 완료 시까지 공지사항을 유의해서 확인해야 한다.3) 전과는 1개의 모집단위에 한하여 신청하되, 전과 횟수는 제한하지 않는다.4) 전과 신청일 현재 소속 학과에서 교직이수를 하고 있는 자가 다른 학과로 전과하는 경우 해당 교직이수는 포기한 것으로 본다.5) 전과한 학생의 수업연한은 전과 이전 학과의 기간을 포함한다. 따라서 수업연한을 초과하면 학점등록 대상이 될 수 있으며, 장학금 지급 대상에서도 제외한다.6) 전과생은 장학규정 제6조제1항제8호에 의거하여 전입학기에는 성적장학금 지급 대상에서 제외한다.7) 등록금을 기 납부한 학생이 전입학과와 등록금과 차액이 발생한 경우에는 정산 납부하여야 한다.8) 전과와 관련하여 전주대학교 학칙, 학칙시행세칙 및 본 모집요강에 정하여지지 않은 사항은 총장이 따로 정하여 시행한다.9)추후 안내를 위해 신청서 및 학생포털서비스(inSTAR)에 본인의 연락처를 정확히 기재하여야 함.6. 문의사항□학사지원실: (063)220-2083★★★  자세한 내용은 모집요강 및 신청 매뉴얼(붙임 문서)을 참고해 주시기 바랍니다 ★★★붙임  1. 2025학년도 2학기 전과  모집요강 1부.2. 전과 신청 매뉴얼(학생용) 1부.  끝.",0.027567195,0.013783598,0.027567195,1.800728562,0.192970365,0.041350793,1.525056611,0
학사공지,공지,학사지원실+2025학년도 하계 계절수업 운영 안내+2025-05-12,2025학년도 하계 계절수업 운영 안내,학사지원실,2025-05-12,0,https://www.jj.ac.kr/jj/community/notice02.do?mode=view&articleNo=480076&article.offset=0&articleLimit=500,"2025학년도 하계 계절수업을 다음과 같이 운영하고자 하오니 관심있는 재학생들의 많은 신청바랍니다.1.계절수업 운영 일정구 분기 간비 고수강신청5. 27.(화) 11:00~5. 30.(금) 18:00인스타(inSTAR)-수강신청폐강과목 공고6. 4.(수) 15:00본교 홈페이지 학사게시판 공고폐강과목 수강신청 정정기간6. 5.(목) 11:00∼18:00수업료납부(등록기간)6. 11.(수)~13.(금)고지서 출력(6. 9.(월) 오후 11시 부터 가능)우리은행 영업시간 내 납부가능수강취소6. 16.(월)~7. 4.(금)-미등록 시 수강신청내역은 일괄 취소처리함- 등록 후, 수강취소 시 환불기준에 의거 환불 조치함- 수강취소 방법: inSTAR 로그인-학사관리-수강신청내역/취소-수강신청리스트에서 수강취소 과목 선택 후 저장계절수업 기간6. 23.(월)~7. 11.(금)-원격중심수업은 온라인으로 진행-기말시험 수업시간표 시간에 대면시험 참석하여야 함성적 확인 및이의신청 기간2025. 7. 16.(수)11:00~17.(목) 15:00-성적확인 기간 중 성적 정정 처리 업데이트 시간(오후1시~1시30분,오   후5시~5시30분)에는성적 확인 불가-이의신청:inSTAR->학사관리-> '성적이의신청’을 통해서만 이의신청 가능-합리적 사유가 없는 이의신청(장학금 및 재수강 등 개인적 사정 등에 호소)은 이의신청 사유에해당되지 않으며,해당 내용으로 성적이의신청 시청탁금지법에 위배되며 근거 자료로 남을수 있음* 등록금 고지서(납부확인서) 출력: inSTAR-장학/등록-등록관리-등록금 고지서/납부확인서(출력)2.수강신청 학점: 최대 6학점 이내(2015학번 이전 최대 9학점 이내)* 수강신청방법: 인스타(inSTAR) 로그인 -수강신청 - 수강신청 메뉴에서 수강 희망과목 선택 및 저장* 원격중심 수업: 최대 3학점 이내(야간교육과정 재학생 최대 6학점 이내)- 전체학기:2015학번 까지 42학점, 2016학번부터 32학점 이내 수강 가능*원격중심 수업은 출석인정(취업사유)을 제출한 학생인 경우도 사이버캠퍼스에서 수업을 정상수강해야 함(취업사유로 인한 출석인정 해당사항 없음)3. 수업방식가.대면수업 원칙/원격중심수업은 온라인으로 진행나. 기말시험은 대면평가를 원칙으로 함- 원격수업 중 대면시험 과목이 있을 수 있음[교과목 개설 현황 참조]다. 계절수업 수강생은 수업 방식 및 수업 시간표를 사전에 확인하여 수업 참석 요망4. 평가(성적산출)방법: 정규학기와 동일5. 수업료: 1학점 당 85,000원6. 개설과목: 붙임 자료 참조7. 등록금 환불기준사유 발생 시기반환 금액비고개강 전전액 환불개강 후 수업일 수1/3 이내 (2025. 6. 29.(일) 까지)납입금2/3 반환개강 후 수업일 수2/3 이내 (2025. 7. 6.(일) 까지)납입금1/3 반환개강 후 수업일 수2/3 초과 (2025. 7. 7.(월) 부터)반환하지 않음취소 불가8.유의사항가. 등록일자 엄수 요망:등록기간 내 등록금을 납부하지 않은 자의 수강신청 내역은 무효 처리함나.2025-1학기에 기 수강한 과목과 동일과목을 수강한 경우 해당 수강 내역은 수강취소처리 함다. 채플 과목은 8학기 이상 이수자(건축학과 10학기 이상) 중, 채플미이수한 재학생만 수강신청 가능함라. 수강신청 정정신청은 최초 수강신청 후, 폐강과목을 수강신청 한 재학생에 한하여 가능함마. 사회봉사 과목 수강신청 방법:inSTAR 로그인-학사관리-사회봉사 교과목-교과목 신청(※자세한 사항: 사회봉사센터 홈페이지 수강신청 관련 게시물 참조)9. 계절수업 관련 문의처가. 교양과목: 수퍼스타칼리지 교양학부 220-2008, 3097나. 융합전공: 수퍼스타칼리지 융합학부 220-2821, 2823다. 채플: 선교지원실 220-2423라. 수업료 납부 및 환불: 재무지원실 220-3110마. 원격강좌 수업: 원격교육지원센터 220-2402바. 사회봉사 과목 수강 신청 및 취소: 사회봉사센터 220-4697사. 계절수업 수강신청 및 취소: 학사지원실 220-2134붙임 2025학년도 하계 계절수업 개설 교과목 현황(게시용) 1부. 끝.",1.870594614,0.129224652,0.099403579,0.397614314,0.049701789,0.069582505,1.482920658,0
학사공지,815,805+학사지원실_25학년도 1학기 수강취소 기간 안내,2025학년도 1학기 수강취소 기간 안내,학사지원실,2025-12-03,955,https://www.jj.ac.kr/jj/community/notice02.do?mode=view&articleNo=477662&article.offset=0&articleLimit=100,"2025학년도 1학기 수강과목의 수강취소에 대하여 다음과 같이 안내하오니수강신청한 과목의 수강취소를 희망하는 재학생은 해당 공지 내용을 참조하여 기간 내 취소하여 주시기  바랍니다.1. 취소 방법:학생포털웹서비스(inSTAR) -> 학사관리 ->  수강신청내역/수강취소(***수강신청 메뉴와 다름***)=> 수강 취소 희망 교과목 수강취소(삭제) 신청2. 취소기간: 2025. 3. 10.(월) 11:00∼3. 12.(수) 18:00까지3. 수강취소 시 주의사항가.최대 6학점 이내에서 수강취소 가능(6학점을 초과하여 수강취소 불가)나. 수강취소 처리 완료 후, 이를 번복하여 수강취소 신청 취소 (복구)불가다. 수강취소 처리 완료 후, 다른 과목으로 대체하여 수강신청 불가라.장학규정에 의한 교내 성적장학생 선발 기준이 학기별 이수 기준이 12학점 이상 취득자 이므로수강취소 신청 시 이에 유의하여 취소 요망교 무 처 장",0.21691974,0.043383948,0.130151844,0.303687636,0.086767896,0,1.564651514,0
학사공지,814,806+학사지원실_25.8. 졸업) 조기졸업 신청 안내,2024학년도 후기(2025.8. 졸업) 조기졸업 신청 안내,학사지원실,2025-12-03,1465,https://www.jj.ac.kr/jj/community/notice02.do?mode=view&articleNo=477663&article.offset=0&articleLimit=100,"2024학년도 후기(2025년 8월 졸업) 조기졸업 신청을 다음과 같이 안내 하오니 대상 학생들은 신청하여 주시기바랍니다.1. 신청기간:2025. 3. 4.(화) ~ 3. 14.(금)2. 신청방법구분신청 방법비고조기졸업 신청inSTAR → 학사관리 → 조기졸업 신청* 단과대학 확인: JUIS → 학사 → 학적 → 조기졸업 신청관리조기졸업 포기신청신청서 접수 → 학과장 및 학장 결재 → 학사지원실에 공문 제출3. 신청대상구분신청자격일반학과2015학번 이전○ 5학기 이상 수료하고 6학기 등록을 필한 자로서 119학점 이상 취득하고,총 평점평균이 4.0 이상인자2016학번 이후○ 5학기 이상 수료하고 6학기 등록을 필한 자로서 112학점 이상 취득하고,총 평점평균이 4.1 이상인자* 간호학과 2016~2022학번은 취득학점 119학점 이상미래융합대학○ 5학기 이상 수료하고 6학기 등록을 필한 자로서 105학점 이상 취득하고,총 평점평균이 4.1 이상인자4. 참고사항가. 조기졸업 요건구분졸업요건일반학과2015학번 이전○ 3학년(6학기)이상 등록하고, 총 140학점 이상을 취득한 자로서,해당 학과(전공)의 졸업기준을 충족한 자* 건축학과(2013학번 이전): 160학점○ 총 평점평균이 4.0이상인 자2016학번 이후○ 3학년(6학기)이상 등록하고, 총 130학점 이상을 취득한 자로서,해당 학과(전공)의 졸업기준을 충족한 자* 간호학과 2016~2022학번은 취득학점 140학점 이상○ 총 평점평균이 4.1이상인 자미래융합대학○ 3학년(6학기)이상 등록하고, 총 120학점 이상을 취득한 자로서,해당 학과(전공)의 졸업 기준을 충족한 자○ 총 평점평균이 4.1이상인 자나. 조기졸업 탈락 시, 다음 학기 정규등록을 하여야 하며 성적장학금 수혜 대상에서 제외됨다. 조기졸업 신청을 취소하고자 하는 경우는 신청학기 기말고사 시작 전(2025. 6. 13.(금))까지 조기졸업 포기 신청서를 작성하여각 단과대학 행정지원실에 제출하여야 하며, 이 경우에는 성적장학금 수혜대상에 포함됨라. 조기졸업 이후라도 착오 또는 부정한 방법으로 조기졸업을 하게 된 경우에는 조기졸업을 취소할 수 있음5. 문의처: 학사지원실(063-220-2083)2025. 3.교 무 처 장",0,0.054595086,3.429588396,1.282716908,0.127388535,0,0.973344752,0
학사공지,813,795+학사지원실_년도 1학기 신/편입생 수강신청 안내,2025학년도 1학기 신/편입생 수강신청 안내,학사지원실,2025-10-02,10396,https://www.jj.ac.kr/jj/community/notice02.do?mode=view&articleNo=190591&article.offset=0&articleLimit=100,"1.수강신청 기간:  2025. 2. 26.(수) 14:00∼2. 27.(목) 17:002.수강신청 방법신청방법전주대학교 inSTAR(학생포털)에서 진행  / 사전에 학번 확인 필수https://instar.jj.ac.kr/신청방법 동영상홈페이지-입학정보-신(편)인생 대학생활 길잡이-수강신청 안내(https://youtu.be/jMguLIlYbeI)비 고신입생 일부 기본과목(기초,전공,교필 등)은 수강신청 되어 있음<인스타-수강신청 내역에서 확인>3. 문의가. 전공: 각 학과사무실(바로가기)클릭 후 학과 사무실 확인나. 교양(수퍼스타칼리지 교양학부):220-3097 (균형/핵심, 자유, 일반, 소프트웨어/AI&SW),220-2008 ((외국어,의사소통)/언어, 시민공동체/인성)다. 채플&기독교과목(선교지원실): 220-2423, 2737, 3149라. 교직: 220-2346(교육학과)마. 수강신청시스템 및 기타문의(학사지원실): 220-2134, 2083, 2417",1.438978537,0,0,2.633557888,0.081466395,0,1.194579351,0
학사공지,812,796+교양학부_SW (소프트웨어) 교과목 개편 안내,2025학년도 교양필수 AI&SW (소프트웨어) 교과목 개편 안내,교양학부,2025-10-02,1068,https://www.jj.ac.kr/jj/community/notice02.do?mode=view&articleNo=190590&article.offset=0&articleLimit=100,2025학년도 교양 AI&SW (소프트웨어) 교과목 개편에 따른 대체동일과목 지정을 안내하오니 재수강신청시 참고하시기 바랍니다.폐강과목2025학년도 대체 동일 과목학수번호교과목명학수번호교과목명15974컴퓨터적사고17484인공지능기초화활용15965소프트웨어적사고17488컴퓨팅사고와SW코딩문의 : 063-220-3097,1.260249013,0,0,0.112359551,0,0,1.035529912,0
학사공지,811,788+학사지원실_점교류 실시 및 신청 안내(일반대학),2025학년도 1학기 학점교류 실시 및 신청 안내(일반대학),학사지원실,2025-09-01,1752,https://www.jj.ac.kr/jj/community/notice02.do?mode=view&articleNo=190583&article.offset=0&articleLimit=100,"국내 대학 간 학점교류 협정에 의거하여 2025학년도 1학기 학점교류 학생을 다음과 같이 접수하오니 관심 있는 재학생들의 많은 신청 바랍니다.번호교류대학신청기한수학 안내문(대학명 클릭)신청자격1전북대25. 1. 21.(화)전북대학교- 2학년 이상인 자- 2학기 이상 수료한 자- 직전 학기까지 총 평점평균 3.0이상인 자- 타대학 학점교류이수 후, 1학기 이상 본교 등록이 가능한 자(2025년 8월 졸업 예정자 신청 대상 제외)- 재학 중 최대 4개 학기 수학 가능2제주대25. 1. 21.(화)제주대학교3울산대25. 1. 20.(월)울산대학교4경남대25. 1. 21.(화)경남대학교추천자 명단5계명대25. 1. 21.(화)계명대학교추천자 명단6군산대25. 1. 31.(금)군산대학교추천자 명단7한남대25. 2. 12.(수)한남대학교학점교류생 명단8아주대25. 2. 7.(금)아주대학교9호남대10고려대25. 1. 21.(화)고려대학교- 3학년 이상인 자- 4학기(70학점) 이상 수료한 자- 직전 학기까지 총 평점평균 3.0이상인 자- 타대학 학점교류이수 후, 1학기 이상 본교 등록이 가능한 자(2024년 8월 졸업 예정자 신청 대상 제외)- 재학 중 최대 2개 학기 수학 가능11연세대25. 2. 6.(목)연세대학교신청자 명단수강가능 교과목12한양대25. 1. 24.(금)온라인 접수(학사지원실 문의)* 학점교류 협약 대학에서 안내 공문이 도착하면 해당 자료를 추가로 업데이트할 예정입니다.* 우리대학 홈페이지에 게시된 신청기한 엄수1. 신청방법: 학점교류 과목 이수계획서 작성 후, 소속 학과 제출(소속 학과 조교 및 학과장 서명)-교류대학에서 이수하려는 교과목과 매칭되는 우리 대학의 동일(유사) 교과목이 없는 경우 공란으로 둔 후 소속 학과 조교 선생님께 기입 요청-우리대학 학점인정 예정 과목은 학과 조교 선생님을 통해 해당 학과 또는 교양학부에서 확인 후 필수 기입2. 제출서류(붙임 참조)가. 국내대학 학점교류 신청서 1부.나. 국내대학 학점교류 과목 이수 계획서 1부.3. 유의사항가. 교류대학별로 추천기한이 상이하니 유의하시기 바랍니다.(학생의 교류 수학 신청은 우리대학 홈페이지에 게시된 신청기한에 한합니다.)나. 붙임 자료의 수학 안내문이 없는 대학의 경우, 해당 대학에서 공문이 발송되지 않은 것입니다. (안내문이 없는 대학으로의 학점교류는 접수하는 대로 공지할 예정임)다. 이수 계획서에 기재된 과목이 아닌 다른 과목을 신청할 시에는 성적부여가 불가합니다.라. 편입생 및 2025년 8월 졸업예정자(2025-1학기가 마지막 학기인 학생)는 신청 대상에서 제외됩니다.마. 학칙 및 대학 간 협약에 따라 취득한 학점은 학기당 16학점 이내로 인정하되, 졸업 학점의 2분의 1을 초과할 수 없습니다. (2015학번 이전은 18학점 이내)바. 우리 대학과 교류 대학 수강신청 학점의 합은 우리 대학 수강신청 제한 학점을 초과할 수 없습니다. (계절수업은 최대 6학점)사. 이수계획서 및 신청서에 오류가 있을 경우에는 학점 교류가 불가하니 정확히 작성해주시기 바랍니다.아. 교류 대학별 수강신청 방법이 상이하기 때문에 반드시 수강신청 관련 사항을 확인하시기 바랍니다.자. 교류 대학에서 이수하려는 교과목 중 우리 대학에서 학점인정 예정 과목으로 매칭되는 교과목이 없는 경우 우리 대학에서 생성한 '자유선택' 학점으로 학점이 부여 됩니다.차. 학점교류로 이수한 타 대학 성적은 인정하나, 학점교류생은 다음 학기 성적장학금 대상에서 제외됩니다.4. 관련 문의: 학과 사무실 또는 학사지원실(063-220-2083)붙임 1. 학점교류 신청서 및 교류대학 과목 이수계획서 1부.2. 수학대학 안내문 각 1부.",0.110926234,0.03327787,1.23731689,1.126390656,0.06655574,0,0.993279175,0
학사공지,810,787+융합학부_기 JST공유대학 융합전공 학생 모집,2025학년도 1학기 JST공유대학 융합전공 학생 모집,융합학부,2025-08-01,454,https://www.jj.ac.kr/jj/community/notice02.do?mode=view&articleNo=190582&article.offset=0&articleLimit=100,,0,0,0,0,0,0,0,1
학사공지,809,785+학사지원실_ 1학기 학사학위취득 유예 신청 안내,2025학년도 1학기 학사학위취득 유예 신청 안내,학사지원실,2025-06-01,683,https://www.jj.ac.kr/jj/community/notice02.do?mode=view&articleNo=190580&article.offset=0&articleLimit=100,2025학년도 1학기 학사학위취득 유예(구.졸업연장) 신청에 대해 다음과 같이 안내하오니 참고하시기 바랍니다.1. 신청대상: 2024학년도 전기 졸업대상자(2025년 2월 졸업) 중 학칙이 정한 졸업 요건을 전부 갖춘 학생2. 신청기간:2025. 1. 6.(월) ~ 1. 16.(목) 17:00까지3. 신청방법 : inSTAR → 학사관리 → 학사학위취득유예 신청 (※ 졸업사정 종료 후 최종 승인여부를 인스타 또는 학과에 확인필수)4. 학사학위취득 유예구분 및 등록구분등록신청목적재 수 강계절학기 수강료 기준: 학점당 8만원교과목 재이수를 통한 성적 향상 목적자기개발별도의 학점등록 없음순수 자기개발 목적5.주의사항(필독)가. 학사학위취득 유예는 1개 학기 단위로최대 2회까지 신청 가능나. 신청제외: 외국인 유학생은 신청 불가다. 학사학위취득 유예기간 중 휴학 불가라. 신청자가 졸업사정에서 불합격한 경우 그 신청은 당연 취소됨마. 신청취소:2025. 2. 3.(화) ~ 2. 28.(금)까지'학사학위취득 유예 포기신청서(첨부)를소속 단과대학에 제출6. 문의:각 학과 사무실교 무 처 장,0.036036036,0.036036036,1.575933076,1.684041184,0.036036036,0,1.17953668,0
학사공지,808,786+융합학부_합·마이크로전공 이수신청 안내(3차),2024학년도 2학기 연계·융합·마이크로전공 이수신청 안내(3차),융합학부,2025-06-01,674,https://www.jj.ac.kr/jj/community/notice02.do?mode=view&articleNo=190581&article.offset=0&articleLimit=100,"2024학년도 2학기 연계‧융합‧마이크로전공 이수신청(3차)관련 안내합니다.재학생 여러분의 많은 관심과 신청 바랍니다.1. 신청 관련 안내1) 신청자격: 신(편)입학 후 2학기 이상 등록한 자2) 신청기간:1. 13.(월)~1. 19.(일)3) 신청절차: inSTAR 신청 > 융합교육지원센터 승인(세부 신청방법은 첨부파일 참고)2. 전공 관련 안내1) 전공별 이수 기준구분복수(부)전공총이수학점주전공중복인정 학점융합교과목이수학점ⓐ참여전공이수학점ⓑ선택이수학점ⓐ or ⓑ연계전공복수전공36학점15학점 이내-21학점 이상-융합전공복수전공36학점12학점 이내9학점 이상9학점 이상6학점부전공21학점6학점 이내6학점 이상3학점 이상6학점마이크로전공12학점3학점 이내-9학점 이상-2) 전공별 소개:http://www.jj.ac.kr/sc홈페이지의 전공별 안내자료 참고3) 이수 관련 문의: 교육혁신본부 융합교육지원센터(대학본관 228호 / 063-220-2824)3. 전공 현황 안내1) 7개 연계전공연계전공공공인재독서·논술교육벤처창업보육학일영멀티링구얼중국비즈니스중국어관광통역-2) 12개 융합전공융합전공경영법학국민연금글로컬콘텐츠제작드론라이프스타일기획보컬퍼포먼스스마트시티실감미디어일본AI탄소Food R&BD하림산학---3) 14개 마이크로융합전공 -이수기준([붙임2]) 확인마이크로융합전공지역문화콘텐츠글로벌역사문화관광레저서비스태권도문화산업로컬관광콘텐츠전북역사콘텐츠글로컬관광콘텐츠개발전북형콘텐츠창업첨단탄소산업모빌리티이차전지Food Tech첨단농생명Culinary & Food Service-4) 81개 마이크로전공- 이수제한 학과([붙임3]) 확인마이크로전공게임공학게임그래픽디자인게임기획공항서비스실무글로벌문화콘텐츠글로벌외식조리글로벌음식문화글로컬관광콘텐츠글로컬호텔객실서비스노인체육서비스데이터분석실무드론응용로봇메카트로닉스로컬문화실감미디어리빙랩디자인리빙랩외식컨설턴트마이스&이벤트플래닝메디푸드모빌리티반도체문화적도시재생문화콘텐츠기획방산소재배터리관리시스템선수트레이닝및재활세계외식조리소셜디자인소셜리빙랩실감미디어스마트농생명스마트팜분석스마트팜운영스마트팜응용스마트팩토리실무식품개발식품데이터분석식품신기술개발식품품질관리실감미디어기획실감미디어지산학협력실감미디어펀더멘털역사미디어스토리텔링영상콘텐츠마케팅영상콘텐츠제작영어플러스외식창업과뉴비즈니스외식창업및컨설팅우주항공부품설계이차전지모듈이차전지소재이차전지재활용인공지능기획일본어플러스장애인직업평가전기자동차전장부품제로하우스조리외식응용기술조선해양에너지시스템중국어플러스지능형특수목적모빌리티창업컨설턴트축제스토리텔링치유웰니스관광태권도비즈니스태권도선교푸드스토리텔링푸드콘텐츠디자인호남선교역사콘텐츠창작호텔객실서비스호텔경영지원호텔세일즈앤마케팅호텔식음료서비스호텔회계회계현장실무AI+금융AI+식품AI+일본어ESG경영F&B디자인개발Glocal태권도문화전파IT회계금융J-역사문화관광K-Food실무심화----4. 기타 안내1) 이수신청을 하지 않았더라도 관련 교과목의 수강신청이 가능하며,이수신청 전에 수강한 교과목도 인정 가능2) 마이크로전공 이수제한 학과([붙임3]참고) 학생은 해당 마이크로전공 신청 시 미승인 처리됨(단, 해당 학생이 마이크로전공 교육과정에 포함된 교과목을 12학점 이상 이수할 경우 마이크로전공 인증서 발급 가능)- 수퍼스타칼리지 융합학부 -",0.062656642,0.012531328,0.275689223,0.973718079,0.037593985,0,0.948655422,0
학사공지,807,공지+관리자_청 안내(실감미디어혁신융합대학사업단),2025학년도 하계 계절수업 국내대학 학점교류 신청 안내(실감미디어혁신융합대학사업단),관리자,2025-05-28,0,https://www.jj.ac.kr/jj/community/notice02.do?mode=view&articleNo=479824&article.offset=0&articleLimit=100,"국내 대학 간 학점교류 협정에 의거하여 2025학년도 하계 학점교류 학생을 다음과 같이 접수하오니 관심 있는 재학생들의 많은 신청 바랍니다.순교류 대학추천 기한수학 안내문(대학명 클릭)신청 자격1건국대학교2025. 5. 23.(금)(수정)건국대학교개설교과목추천자 명단홍보포스터멀티모달- 타대학 학점교류 이수 후, 1학기 이상 본교 등록이 가능한 자(2025년 8월 졸업예정자 신청 대상 제외)-본교와 학술교류 협정을 체결한 대학 학생으로서 소속 대학교 총장의 추천을 받은 학생2경희대학교2025. 5. 21.(수)경희대학교추천자 명단신청 매뉴얼통합ID 등록 매뉴얼3계명대학교4계원예술대학교2025. 5. 27.(화)5배재대학교2025. 5. 28.(수)배재대학교개설 교과목추천자 명단학점교류 신청서6중앙대학교2025. 5. 14.(수)중앙대학교신청자 명단개인정보동의서*학점교류 협약대학에서 학점 교류 안내 공문이 도착하면 해당 대학 자료를 추가로 업데이트 예정입니다.* 우리대학 홈페이지에 게시된 신청기한 엄수1. 신청방법: 제출서류를 실감미디어혁신융합대학사업단에 제출- 학점교류 과목 이수계획서 작성 ->학과장 서명 -> 사업단 제출- 교류대학에서 이수하려는 교과목과 매칭되는 우리 대학의 동일(유사) 교과목이 없는 경우 공란으로 둔 후 사업단 선생님께 기입 요청- 우리대학 학점인정 예정 과목은 사업단 선생님을 통해 해당 학과 또는 교양학부에서 확인 후 필수 기입2. 제출서류(붙임 양식 참조)가. 국내대학 학점교류 신청서 1부.나. 국내대학 학점교류 과목 이수 계획서 1부.3.유의사항가. 교류대학별로 추천기한이 상이하여 신청기간이 다른 점을 유의하시기 바랍니다.(학생의 교류 수학 신청은 홈페이지에 게시된 신청기한에 한합니다.)나. 붙임 자료의 수학 안내문이 없는 대학의 경우 해당 대학에서 공문이 발송되지 않은 것입니다.(안내문이 없는 대학으로의 학점교류는 접수하는 대로 공지할 예정임)다.이수 계획서에 기재된 과목이 아닌 다른 과목을 신청할 시에는 성적부여가 불가합니다.라.편입생 및2025년8월 졸업예정자(2025-1학기가 마지막 학기인 학생)는 신청 대상에서 제외 됩니다.마. 학칙 및 대학 간 협약에 따라 취득한 학점은 학기당 16학점 이내로 인정하되, 졸업 학점의 2분의 1을 초과할 수 없습니다. (2015학번 이전은 18학점 이내)바. 우리 대학과 교류 대학의 수강신청 학점의 합은 우리 대학 수강신청 제한 학점을 초과할 수 없습니다. (계절수업은 최대 6학점)사. 이수계획서 및 신청서에 오류가 있을 경우에는 학점 교류가 불가능하니 정확히 작성해주시기 바랍니다.아.교류 대학별 수강신청 방법이 상이하기 때문에 반드시 수강신청 관련 사항을 확인하시기 바랍니다.자. 교류 대학에서 이수하려는 교과목 중 우리 대학에서 학점인정 예정 과목으로 매칭되는 교과목이 없는 경우 우리 대학에서 생성한 '자유선택' 학점으로 학점이 부여 됩니다.차. 학점교류로 이수한 타 대학 성적은 인정하나 학점교류생은 다음 학기 교내 성적 장학금 대상에서 제외됩니다.4. 관련 문의: 사업단(063-220-2988)또는 학사지원실(063-220-2083)붙임 1. 학점교류 신청서 및 교류대학 과목 이수계획서 1부.2. 수학대학 안내문 각 1부.",0.76336478,0.037735849,0.977201258,0.914308176,0.075471698,0,0.788522013,0
학사공지,806,공지+관리자_내대학 학점교류 신청 안내(일반대학),2025학년도 하계 계절수업 국내대학 학점교류 신청 안내(일반대학),관리자,2025-05-28,0,https://www.jj.ac.kr/jj/community/notice02.do?mode=view&articleNo=479529&article.offset=0&articleLimit=100,"국내 대학 간 학점교류 협정에 의거하여 2025학년도 하계 학점교류 학생을 다음과 같이 접수하오니 관심 있는 재학생들의 많은 신청 바랍니다.번호교류대학신청기한수학 안내문(대학명 클릭)신청자격1전북대2025. 4. 25.(금)전북대학교추천자 명단- 2학년 이상인 자- 2학기 이상 수료한 자- 직전 학기까지 총 평점평균 3.0이상인 자- 타대학 학점교류 이수 후, 1학기 이상 본교 등록이 가능한 자(2025년 8월 졸업 예정자 신청 대상 제외)- 재학 중 최대 4개 학기 수학 가능2제주대2025. 5. 9.(금)제주대학교홍보포스터3울산대2025. 5. 28.(화)울산대학교4경남대2025. 5. 15.(목)경남대학교개설교과목5계명대2025. 5. 23.(금)계명대학교6군산대2025. 5. 15.(목)군산대학교개설교과목7한남대2025. 5. 30.(금)한남대학교8아주대2025. 5. 24.(금)아주대학교9호남대2025. 5. 29.(수)호남대학교10관동대2025. 5. 30.(금)관동대학교11고려대(국제하계)2025. 5. 9.(금)2025. 5. 23.(금)고려대학교신청서추천자 명단도서관이용증아이디 신청- 3학년 이상인 자- 4학기(70학점) 이상 수료한 자- 직전 학기까지 총 평점평균 3.0이상인 자- 타대학 학점교류이수 후, 1학기 이상 본교 등록이 가능한 자(2025년 8월 졸업 예정자 신청 대상 제외)- 재학 중 최대 2개 학기 수학 가능고려대학교신청자 명단교과목 리스트포스터12연세대2025. 5. 7.(수)연세대학교개설교과목13한양대25. 4. 30.(수)한양대학교신청자 명단* 학점교류 협약 대학에서 안내 공문이 도착하면 해당 자료를 추가로 업데이트할 예정입니다.* 우리대학 홈페이지에 게시된 신청기한 엄수1. 신청방법: 학점교류 과목 이수계획서 작성 후, 소속 학과 제출(소속 학과 조교 및 학과장 서명)-교류대학에서 이수하려는 교과목과 매칭되는 우리 대학의 동일(유사) 교과목이 없는 경우 공란으로 둔 후 소속 학과 조교 선생님께 기입 요청-우리대학 학점인정 예정 과목은 학과 조교 선생님을 통해 해당 학과 또는 교양학부에서 확인 후 필수 기입2. 제출서류(붙임 참조)가. 국내대학 학점교류 신청서 1부.나. 국내대학 학점교류 과목 이수 계획서 1부.3. 유의사항가. 교류대학별로 추천기한이 상이하니 유의하시기 바랍니다.(학생의 교류 수학 신청은 우리대학 홈페이지에 게시된 신청기한에 한합니다.)나. 붙임 자료의 수학 안내문이 없는 대학의 경우, 해당 대학에서 공문이 발송되지 않은 것입니다. (안내문이 없는 대학으로의 학점교류는 접수하는 대로 공지할 예정임)다. 이수 계획서에 기재된 과목이 아닌 다른 과목을 신청할 시에는 성적부여가 불가합니다.라. 편입생 및 2025년 8월 졸업예정자(2025-1학기가 마지막 학기인 학생)는 신청 대상에서 제외됩니다.마. 학칙 및 대학 간 협약에 따라 취득한 학점은 학기당 16학점 이내로 인정하되, 졸업 학점의 2분의 1을 초과할 수 없습니다. (2015학번 이전은 18학점 이내)바. 우리 대학과 교류 대학 수강신청 학점의 합은 우리 대학 수강신청 제한 학점을 초과할 수 없습니다. (계절수업은 최대 6학점)사. 이수계획서 및 신청서에 오류가 있을 경우에는 학점 교류가 불가하니 정확히 작성해주시기 바랍니다.아. 교류 대학별 수강신청 방법이 상이하기 때문에 반드시 수강신청 관련 사항을 확인하시기 바랍니다.자. 교류 대학에서 이수하려는 교과목 중 우리 대학에서 학점인정 예정 과목으로 매칭되는 교과목이 없는 경우 우리 대학에서 생성한 '자유선택' 학점으로 학점이 부여 됩니다.차. 학점교류로 이수한 타 대학 성적은 인정하나, 학점교류생은 다음 학기 성적장학금 대상에서 제외됩니다.4. 관련 문의: 학과 사무실 또는 학사지원실(063-220-2083)붙임 1. 학점교류 신청서 및 교류대학 과목 이수계획서 1부.2. 수학대학 안내문 각 1부.",0.925528106,0.031397174,1.113911152,1.051116803,0.062794349,0,0.894130932,0
학사공지,805,공지+관리자_(통합모집 단과대학 및 자유전공학부),2025학년도 2학기 학과 선택 안내(통합모집 단과대학 및 자유전공학부),관리자,2025-05-28,0,https://www.jj.ac.kr/jj/community/notice02.do?mode=view&articleNo=480759&article.offset=0&articleLimit=100,"□ 학과 선택: 통합모집 단과대학(인문콘텐츠대학 및 경영대학) 및 수퍼스타칼리지 자유전공학부 입학생이 통합학사단위의 선택 가능 학과 내에서 학과를 선택1. 신청 자격가. 통합모집 단과대학(인문콘텐츠대학 1학년)나. 통합모집 단과대학(경영대학 1학년)나. 수퍼스타칼리지 자유전공학부2. 확인 사항가. 통합모집 단과대학 소속 학생은 모집요강(붙임1)의 단과대학 소속 학과, 자유전공학부 소속 학생은 모집요강(붙임1 참고)의 단과대학별 선택 가능 학과로 한정하여 신청나. 통합학사단위 소속 학생은 1학년 2학기까지 학과 선택을 유예할 수 있되, 1학년 2학기까지 학과 선택을 신청하지 않은 학생은 설문조사 등에서 응답한 희망 전공을 학과 선택으로 신청한 것으로 간주함다. 나)항에 따라 학과가 결정된 학생의 경우는 2학년 1학기 2주차까지 이의신청 및 학과변경(붙임1 참고)을 신청할 수 있음3. 방법 :학생포털서비스(inSTAR) → 학사관리 → 학과선택에서 신청서 작성 후 저장(붙임 2 참고)4. 학과 선택일정구분일자내용신청 기간2025. 6. 2.(월) ~  6. 18.(수)결과 안내2025. 7. 18.(금)등록금 납부추후 공지수강바구니2025. 7. 22.(화) ~ 7. 24.(목)※시행 일정은 학사 일정에 따라 변동 가능함5. 유의사항가. 학과 선택을 하려는 자는 모집요강을 잘 숙지하고 신청해야 하며, 숙지하지 못하여 발생한 문제는 신청자의 책임으로 한다.나. 학과 선택 기간 중 주요 사항은 우리 대학 홈페이지 공지사항(학사)에 게시할 예정이며 등록 완료 시까지 공지사항을 유의해서 확인해야 한다.다. 학과 선택은 1개의 모집단위에 한하여 신청한다.라. 학과 선택을 한 학생의 수업연한은 학과선택 이전 학과의 기간을 포함한다. 따라서 수업연한을 초과하면 학점등록 대상이 될 수 있다.마. 학과 선택과 관련하여 전주대학교 학칙, 학칙시행세칙 및 본 모집요강에 정하여지지 않은 사항은 총장이 따로 정하여 시행한다.★★★  자세한 내용은 모집요강 및 신청 매뉴얼(붙임 문서)을 참고해 주시기 바랍니다 ★★★6. 문의사항□학사지원실: (063)220-2083붙임  1. 2025학년도 2학기 학과선택 모집요강 1부.2. 학과선택 매뉴얼(학생용) 1부.  끝.",0.036330609,0,0.018165304,0.272479564,0.036330609,0.054495913,0.840699143,0
학사공지,804,공지+관리자_ 2학기 전공 선택 안내(학부 해당),2025학년도 2학기 전공 선택 안내(학부 해당),관리자,2025-05-28,0,https://www.jj.ac.kr/jj/community/notice02.do?mode=view&articleNo=480758&article.offset=0&articleLimit=100,"□ 전공 선택: 학생의 현재 소속 학부내에서 전공을 선택1. 신청 자격가. 인문콘텐츠대학 한국어문학창작학부나. 미래융합대학 미네르바학부나. 미래융합대학 로컬벤처학부2. 확인 사항가. 전공 선택은 각 학부에서 정한 기간에 시행됨나. 인문콘텐츠대학 한국어문학창작학부의 경우, 전공 선택 기간 중 신청하지 않은 학생은 추후 재학생 소속 변경 신청을 통해학부 → 학과(전공)으로 변경 예정3. 방법 :학생포털서비스(inSTAR) → 학사관리 → 전과/전공선택에서 신청서 작성 후 저장(붙임 2 참고)4. 전공 선택일정구분일자내용신청 기간2025. 6. 2.(월) ~  6. 30.(월)결과 안내2025. 7. 18.(금)등록금 납부추후 공지수강바구니2025. 7. 22.(화) ~ 7. 24.(목)※시행 일정은 학사 일정에 따라 변동 가능함5. 유의사항1) 전공 선택을 하려는 자는 모집요강을 잘 숙지하고 신청해야 하며, 숙지 하지 못하여 발생한 문제는 신청자의 책임으로 한다.2) 전공 선택 기간 중 주요 사항은 우리 대학 홈페이지 공지사항(학사)에 게시할 예정이며 등록 완료 시까지 공지사항을 유의해서 확인해야 한다.3) 전공 선택은 1개의 모집단위에 한하여 신청한다.4) 전공 선택을 한 학생의 수업연한은 전공 선택 이전 학부의 기간을 포함한다. 따라서 수업연한을 초과하면 학점등록 대상이 될 수 있다.5) 전공 선택과 관련하여 전주대학교 학칙, 학칙시행세칙 및 본 모집요강에 정하여지지 않은 사항은 총장이 따로 정하여 시행한다.6. 문의사항□학사지원실: (063)220-2083★★★  자세한 내용은 모집요강 및 신청 매뉴얼(붙임 문서)을 참고해 주시기 바랍니다 ★★★붙임  1. 2025학년도 2학기 전공선택 모집요강 1부.2. 전공선택 매뉴얼(학생용) 1부.  끝.",0.045506257,0,0.022753129,0.273037543,0.045506257,0.068259386,1.230700471,0
학사공지,803,공지+관리자_2025학년도 2학기 전과 신청 안내,2025학년도 2학기 전과 신청 안내,관리자,2025-05-28,0,https://www.jj.ac.kr/jj/community/notice02.do?mode=view&articleNo=480756&article.offset=0&articleLimit=100,"□전과: 학생이 현재 소속된 학과, 학부(전공) 및 계열 외의 다른 학과(전공)로 이동1. 신청 자격:별도의 지원 자격 없음(휴학생은 복학 후에 신청해야함)2. 확인 사항가. 사범대학 및 보건계열학과의 전과는 2학년 1학기에만 모집함(보건계열학과: 간호학과, 물리치료학과, 방사선학과, 보건관리학과, 작업치료학과)나. 미래융합대학으로의 전과는 아래 내용 중 1개 이상 충족한 자에 한하여 가능함① 만 30세 이상, ② 특성화고(실업계) 졸업 후 3년 이상 재직자, ③ 재직자다. 미래융합대학에서 그 외 단과대학으로의 전과는 불가함3. 신청 방법1) 학생포털서비스(inSTAR) → 학사관리 → 전과/전공선택에서 신청서 작성 후 저장2) 신청서를 출력하여 현재 학과(전공) 및 전과 신청 학과(전공) 소속 교수에게 상담 후 확인 서명3) 신청서를 스캔하여 학생포털서비스(inSTAR)에 업로드*업로드 한 신청서가 식별이 어려울 경우 전과 신청이 취소 됨학생포털서비스(inSTAR)⇨전출학과(전공)⇨전입학과(전공)⇨학생포털서비스(inSTAR)· 전과 신청서 작성소속 교수와상담 후확인 서명소속 교수와상담 후확인 서명신청서 업로드· 신청서 출력4.전과 시행 일정구분일자비고신청 기간2025. 6. 2.(월) ~  6. 30.(월)미래융합대학은 전형 실시결과 안내2025. 7. 18.(금)등록금 납부추후 공지수강바구니2025. 7. 22.(화) ~ 7. 24.(목)※시행 일정은 학사 일정에 따라 변동 가능함5. 유의사항1) 전과를 하려는 자는 모집요강을 잘 숙지하고 신청해야 하며, 숙지 하지 못하여 발생한 문제는 신청자의 책임으로 한다.2) 전과 기간 중 주요 사항은 우리 대학 홈페이지 공지사항(학사)에 게시할 예정이며 등록 완료 시까지 공지사항을 유의해서 확인해야 한다.3) 전과는 1개의 모집단위에 한하여 신청하되, 전과 횟수는 제한하지 않는다.4) 전과 신청일 현재 소속 학과에서 교직이수를 하고 있는 자가 다른 학과로 전과하는 경우 해당 교직이수는 포기한 것으로 본다.5) 전과한 학생의 수업연한은 전과 이전 학과의 기간을 포함한다. 따라서 수업연한을 초과하면 학점등록 대상이 될 수 있으며, 장학금 지급 대상에서도 제외한다.6) 전과생은 장학규정 제6조제1항제8호에 의거하여 전입학기에는 성적장학금 지급 대상에서 제외한다.7) 등록금을 기 납부한 학생이 전입학과와 등록금과 차액이 발생한 경우에는 정산 납부하여야 한다.8) 전과와 관련하여 전주대학교 학칙, 학칙시행세칙 및 본 모집요강에 정하여지지 않은 사항은 총장이 따로 정하여 시행한다.9)추후 안내를 위해 신청서 및 학생포털서비스(inSTAR)에 본인의 연락처를 정확히 기재하여야 함.6. 문의사항□학사지원실: (063)220-2083★★★  자세한 내용은 모집요강 및 신청 매뉴얼(붙임 문서)을 참고해 주시기 바랍니다 ★★★붙임  1. 2025학년도 2학기 전과  모집요강 1부.2. 전과 신청 매뉴얼(학생용) 1부.  끝.",0.027567195,0.013783598,0.027567195,1.800728562,0.192970365,0.041350793,1.525056611,0
학사공지,802,공지+관리자_25-1학기 중간 강의평가 시행 안내,2025-1학기 중간 강의평가 시행 안내,관리자,2025-05-28,0,https://www.jj.ac.kr/jj/community/notice02.do?mode=view&articleNo=478787&article.offset=0&articleLimit=100,"교육혁신본부 교육과정평가센터에서2025-1학기 중간 강의평가 조사를 다음과 같이실시하오니 재학생들의 많은 참여 바랍니다.1. 중간 강의평가 기간: 4.7.(월) ~ 4. 20.(일)까지2. 참여방법가. 웹(PC): inSTAR – 학사관리 – 중간 강의평가 – 수강 과목별 강의평가나. 모바일: JJ Smart Campus – 학사관리 – 중간 강의평가 – 수강 과목별 강의평가3. 중간 강의평가 활용가. 담당 교원에게는 중간 강의평가 결과의 평균 점수만 제공되며 학생 개개인의 평가 결과는 제공되지 않습니다.나. 개방형 응답을 통해 담당교원에게 강의에 대한 의견도 남길 수 있습니다.다. 학생들이 작성한 개방형 응답은 익명으로 교수님에게 공개되며 이를 참조 후, 후반부 수업 운영에 참조할 수 있도록 안내됩니다.라. 개방형 응답에 대한 교원의 답변(피드백)을 입력하도록 안내하며, 피드백이 있을 경우 학생들은 내용을 확인할 수 있습니다.4. 교원 피드백 확인 방법가. 확인방법: inSTAR(웹 또는 모바일) - 학사관리 – 중간 강의평가 – 과목별 ‘조회’ 버튼 클릭 및 확인※ 교원의 피드백이 없으면 ‘조회’ 버튼은 보이지 않습니다.나. 교원 피드백 확인 기간: 5. 7.(수) ~5. 16.(금)교육혁신본부 교육과정평가센터장",1.651350981,1.682896722,0,0,0,0,1.525168015,0
학사공지,801,공지+관리자_025학년도 하계 계절수업 운영 안내,2025학년도 하계 계절수업 운영 안내,관리자,2025-05-28,0,https://www.jj.ac.kr/jj/community/notice02.do?mode=view&articleNo=480076&article.offset=0&articleLimit=100,"2025학년도 하계 계절수업을 다음과 같이 운영하고자 하오니 관심있는 재학생들의 많은 신청바랍니다.1.계절수업 운영 일정구 분기 간비 고수강신청5. 27.(화) 11:00~5. 30.(금) 18:00인스타(inSTAR)-수강신청폐강과목 공고6. 4.(수) 15:00본교 홈페이지 학사게시판 공고폐강과목 수강신청 정정기간6. 5.(목) 11:00∼18:00수업료납부(등록기간)6. 11.(수)~13.(금)고지서 출력(6. 9.(월) 오후 11시 부터 가능)우리은행 영업시간 내 납부가능수강취소6. 16.(월)~7. 4.(금)-미등록 시 수강신청내역은 일괄 취소처리함- 등록 후, 수강취소 시 환불기준에 의거 환불 조치함- 수강취소 방법: inSTAR 로그인-학사관리-수강신청내역/취소-수강신청리스트에서 수강취소 과목 선택 후 저장계절수업 기간6. 23.(월)~7. 11.(금)-원격중심수업은 온라인으로 진행-기말시험 수업시간표 시간에 대면시험 참석하여야 함성적 확인 및이의신청 기간2025. 7. 16.(수)11:00~17.(목) 15:00-성적확인 기간 중 성적 정정 처리 업데이트 시간(오후1시~1시30분,오   후5시~5시30분)에는성적 확인 불가-이의신청:inSTAR->학사관리-> '성적이의신청’을 통해서만 이의신청 가능-합리적 사유가 없는 이의신청(장학금 및 재수강 등 개인적 사정 등에 호소)은 이의신청 사유에해당되지 않으며,해당 내용으로 성적이의신청 시청탁금지법에 위배되며 근거 자료로 남을수 있음* 등록금 고지서(납부확인서) 출력: inSTAR-장학/등록-등록관리-등록금 고지서/납부확인서(출력)2.수강신청 학점: 최대 6학점 이내(2015학번 이전 최대 9학점 이내)* 수강신청방법: 인스타(inSTAR) 로그인 -수강신청 - 수강신청 메뉴에서 수강 희망과목 선택 및 저장* 원격중심 수업: 최대 3학점 이내(야간교육과정 재학생 최대 6학점 이내)- 전체학기:2015학번 까지 42학점, 2016학번부터 32학점 이내 수강 가능*원격중심 수업은 출석인정(취업사유)을 제출한 학생인 경우도 사이버캠퍼스에서 수업을 정상수강해야 함(취업사유로 인한 출석인정 해당사항 없음)3. 수업방식가.대면수업 원칙/원격중심수업은 온라인으로 진행나. 기말시험은 대면평가를 원칙으로 함- 원격수업 중 대면시험 과목이 있을 수 있음[교과목 개설 현황 참조]다. 계절수업 수강생은 수업 방식 및 수업 시간표를 사전에 확인하여 수업 참석 요망4. 평가(성적산출)방법: 정규학기와 동일5. 수업료: 1학점 당 85,000원6. 개설과목: 붙임 자료 참조7. 등록금 환불기준사유 발생 시기반환 금액비고개강 전전액 환불개강 후 수업일 수1/3 이내 (2025. 6. 29.(일) 까지)납입금2/3 반환개강 후 수업일 수2/3 이내 (2025. 7. 6.(일) 까지)납입금1/3 반환개강 후 수업일 수2/3 초과 (2025. 7. 7.(월) 부터)반환하지 않음취소 불가8.유의사항가. 등록일자 엄수 요망:등록기간 내 등록금을 납부하지 않은 자의 수강신청 내역은 무효 처리함나.2025-1학기에 기 수강한 과목과 동일과목을 수강한 경우 해당 수강 내역은 수강취소처리 함다. 채플 과목은 8학기 이상 이수자(건축학과 10학기 이상) 중, 채플미이수한 재학생만 수강신청 가능함라. 수강신청 정정신청은 최초 수강신청 후, 폐강과목을 수강신청 한 재학생에 한하여 가능함마. 사회봉사 과목 수강신청 방법:inSTAR 로그인-학사관리-사회봉사 교과목-교과목 신청(※자세한 사항: 사회봉사센터 홈페이지 수강신청 관련 게시물 참조)9. 계절수업 관련 문의처가. 교양과목: 수퍼스타칼리지 교양학부 220-2008, 3097나. 융합전공: 수퍼스타칼리지 융합학부 220-2821, 2823다. 채플: 선교지원실 220-2423라. 수업료 납부 및 환불: 재무지원실 220-3110마. 원격강좌 수업: 원격교육지원센터 220-2402바. 사회봉사 과목 수강 신청 및 취소: 사회봉사센터 220-4697사. 계절수업 수강신청 및 취소: 학사지원실 220-2134붙임 2025학년도 하계 계절수업 개설 교과목 현황(게시용) 1부. 끝.",1.870594614,0.129224652,0.099403579,0.397614314,0.049701789,0.069582505,1.482920658,0
학사공지,800,융합학부+2025학년도 1학기 연계·융합·마이크로전공 이수신청 안내(2차)+2025-05-14,2025학년도 1학기 연계·융합·마이크로전공 이수신청 안내(2차),융합학부,2025-05-14,989,https://www.jj.ac.kr/jj/community/notice02.do?mode=view&articleNo=480262&article.offset=0&articleLimit=500,"2025학년도 1학기 연계‧융합‧마이크로전공 이수신청(2차)관련 안내합니다.재학생 여러분의 많은 관심과 신청 바랍니다.1.신청 관련 안내1)신청자격:신(편)입학 후2학기 이상 등록한 자2)신청기간:5. 19.(월)~6. 1.(일)3)신청절차: inSTAR를 통해 신청→신청기간이 끝난 후 융합교육지원센터 승인(세부 신청 방법은 첨부파일 참조)2.전공 관련 안내1)전공별 이수 기준 (마이크로융합전공은 첨부파일 참조)구분복수(부)전공총이수학점주전공중복인정 학점융합교과목이수학점(a)참여전공이수학점(b)선택이수학점(a) or (b)연계전공복수전공36학점15학점 이내-21학점 이상-융합전공복수전공36학점12학점 이내9학점 이상9학점 이상6학점부전공21학점6학점 이내6학점 이상3학점 이상6학점마이크로전공12학점3학점 이내-9학점 이상-2)전공별 소개:http://www.jj.ac.kr/sc홈페이지의 전공별 안내자료 참고3)이수 관련 문의:교육혁신본부 융합교육지원센터(대학본관228호/063-220-2824)3.전공 현황 안내1) 7개 연계전공연계전공공공인재독서‧논술교육벤처창업보육학일영멀티링구얼중국어관광통역중국비즈니스-2) 11개 융합전공융합전공경영법학국민연금글로컬콘텐츠제작드론라이프스타일기획로컬시너지실감미디어일본AI탄소Food R&BD하림산학----3) 14개 마이크로융합전공-이수기준([붙임2]) 확인마이크로융합전공지역문화콘텐츠글로벌역사문화관광레저서비스태권도문화산업로컬관광콘텐츠전북역사콘텐츠글로컬관광콘텐츠개발전북형콘텐츠창업첨단탄소산업모빌리티이차전지Food Tech첨단농생명Culinary & Food Service-4) 114개 마이크로전공- 이수제한 학과([붙임3]) 확인마이크로전공게임공학게임그래픽디자인게임기획공공기관회계공항서비스실무글로벌문화콘텐츠글로벌비즈니스글로벌시민교육리더글로벌외식조리글로벌음식문화글로컬관광콘텐츠글로컬호텔객실서비스기독교실용음악노인체육서비스데이터분석실무도시·부동산전문동물연구전문드론응용로봇메카트로닉스로컬기독문화콘텐츠제작로컬문화실감미디어리빙랩디자인리빙랩외식컨설턴트마이스&이벤트플래닝메디푸드모빌리티반도체무형가치사업화문화적도시재생문화콘텐츠기획방산소재배터리관리시스템선수트레이닝및재활세계외식조리소셜디자인소셜리빙랩실감미디어손해사정스마트농생명스마트팜분석스마트팜운영스마트팜응용스마트팩토리실무스토리텔링과미디어시니어금융보험산업시니어부동산산업식품시니어식품외식산업식품개발식품데이터분석식품신기술개발식품품질관리실감미디어기획실감미디어지산학협력실감미디어펀더멘털야생산업동물관리어린이영어교육역사미디어스토리텔링영상콘텐츠마케팅영상콘텐츠제작영어플러스예배인도사역외식창업과뉴비즈니스외식창업및컨설팅우주항공부품설계웹영상기획제작유·초등연계방과후돌봄이차전지모듈이차전지소재이차전지재활용인공지능기획일본어플러스장애인직업평가전기자동차전장부품제로하우스조리외식응용기술조선해양에너지시스템중국어플러스지능형특수목적모빌리티지역수요회계지적및국토정보창업컨설턴트초·중등연계방과후돌봄축제스토리텔링치유웰니스관광친환경자동차공학기초친환경자동차전공기초쿠팡물류클라우드컴퓨팅태권도비즈니스태권도선교특화임상동물보건펫산업전문평생교육코디네이터푸드스토리텔링푸드콘텐츠디자인행동발달재활의기초현대패션콘텐츠호남선교역사콘텐츠창작호텔객실서비스호텔경영지원호텔세일즈앤마케팅호텔식음료서비스호텔회계회계현장실무힐링레저관광서비스AI+금융AI+식품AI+일본어AI학습코칭Business CommunicationESG경영F&B디자인개발Glocal태권도문화전파IT회계금융J-역사문화관광K-Food실무심화-4.기타 안내1) 이수신청을 하지 않았더라도 관련 교과목의 수강신청이 가능하며,이수신청 전에 수강한 교과목도 인정 가능2) 마이크로전공 이수제한 학과 학생은 마이크로전공 신청 시 미승인 처리됨(단, 해당 학생이 마이크로전공 교육과정에 포함된 교과목을 12학점 이상 이수할 경우 마이크로전공 인증서 발급 가능)-수퍼스타칼리지 융합학부 -",0.053447354,0.010689471,0.235168359,0.960463403,0.032068413,0,0.960463403,0
학사공지,799,810+융합학부_합·마이크로전공 이수신청 안내(2차),2025학년도 1학기 연계·융합·마이크로전공 이수신청 안내(2차),융합학부,2025-05-14,626,https://www.jj.ac.kr/jj/community/notice02.do?mode=view&articleNo=480262&article.offset=0&articleLimit=100,"2025학년도 1학기 연계‧융합‧마이크로전공 이수신청(2차)관련 안내합니다.재학생 여러분의 많은 관심과 신청 바랍니다.1.신청 관련 안내1)신청자격:신(편)입학 후2학기 이상 등록한 자2)신청기간:5. 19.(월)~6. 1.(일)3)신청절차: inSTAR를 통해 신청→신청기간이 끝난 후 융합교육지원센터 승인(세부 신청 방법은 첨부파일 참조)2.전공 관련 안내1)전공별 이수 기준 (마이크로융합전공은 첨부파일 참조)구분복수(부)전공총이수학점주전공중복인정 학점융합교과목이수학점(a)참여전공이수학점(b)선택이수학점(a) or (b)연계전공복수전공36학점15학점 이내-21학점 이상-융합전공복수전공36학점12학점 이내9학점 이상9학점 이상6학점부전공21학점6학점 이내6학점 이상3학점 이상6학점마이크로전공12학점3학점 이내-9학점 이상-2)전공별 소개:http://www.jj.ac.kr/sc홈페이지의 전공별 안내자료 참고3)이수 관련 문의:교육혁신본부 융합교육지원센터(대학본관228호/063-220-2824)3.전공 현황 안내1) 7개 연계전공연계전공공공인재독서‧논술교육벤처창업보육학일영멀티링구얼중국어관광통역중국비즈니스-2) 11개 융합전공융합전공경영법학국민연금글로컬콘텐츠제작드론라이프스타일기획로컬시너지실감미디어일본AI탄소Food R&BD하림산학----3) 14개 마이크로융합전공-이수기준([붙임2]) 확인마이크로융합전공지역문화콘텐츠글로벌역사문화관광레저서비스태권도문화산업로컬관광콘텐츠전북역사콘텐츠글로컬관광콘텐츠개발전북형콘텐츠창업첨단탄소산업모빌리티이차전지Food Tech첨단농생명Culinary & Food Service-4) 114개 마이크로전공- 이수제한 학과([붙임3]) 확인마이크로전공게임공학게임그래픽디자인게임기획공공기관회계공항서비스실무글로벌문화콘텐츠글로벌비즈니스글로벌시민교육리더글로벌외식조리글로벌음식문화글로컬관광콘텐츠글로컬호텔객실서비스기독교실용음악노인체육서비스데이터분석실무도시·부동산전문동물연구전문드론응용로봇메카트로닉스로컬기독문화콘텐츠제작로컬문화실감미디어리빙랩디자인리빙랩외식컨설턴트마이스&이벤트플래닝메디푸드모빌리티반도체무형가치사업화문화적도시재생문화콘텐츠기획방산소재배터리관리시스템선수트레이닝및재활세계외식조리소셜디자인소셜리빙랩실감미디어손해사정스마트농생명스마트팜분석스마트팜운영스마트팜응용스마트팩토리실무스토리텔링과미디어시니어금융보험산업시니어부동산산업식품시니어식품외식산업식품개발식품데이터분석식품신기술개발식품품질관리실감미디어기획실감미디어지산학협력실감미디어펀더멘털야생산업동물관리어린이영어교육역사미디어스토리텔링영상콘텐츠마케팅영상콘텐츠제작영어플러스예배인도사역외식창업과뉴비즈니스외식창업및컨설팅우주항공부품설계웹영상기획제작유·초등연계방과후돌봄이차전지모듈이차전지소재이차전지재활용인공지능기획일본어플러스장애인직업평가전기자동차전장부품제로하우스조리외식응용기술조선해양에너지시스템중국어플러스지능형특수목적모빌리티지역수요회계지적및국토정보창업컨설턴트초·중등연계방과후돌봄축제스토리텔링치유웰니스관광친환경자동차공학기초친환경자동차전공기초쿠팡물류클라우드컴퓨팅태권도비즈니스태권도선교특화임상동물보건펫산업전문평생교육코디네이터푸드스토리텔링푸드콘텐츠디자인행동발달재활의기초현대패션콘텐츠호남선교역사콘텐츠창작호텔객실서비스호텔경영지원호텔세일즈앤마케팅호텔식음료서비스호텔회계회계현장실무힐링레저관광서비스AI+금융AI+식품AI+일본어AI학습코칭Business CommunicationESG경영F&B디자인개발Glocal태권도문화전파IT회계금융J-역사문화관광K-Food실무심화-4.기타 안내1) 이수신청을 하지 않았더라도 관련 교과목의 수강신청이 가능하며,이수신청 전에 수강한 교과목도 인정 가능2) 마이크로전공 이수제한 학과 학생은 마이크로전공 신청 시 미승인 처리됨(단, 해당 학생이 마이크로전공 교육과정에 포함된 교과목을 12학점 이상 이수할 경우 마이크로전공 인증서 발급 가능)-수퍼스타칼리지 융합학부 -",0.053447354,0.010689471,0.235168359,0.960463403,0.032068413,0,0.960463403,0
학사공지,798,804+학사지원실_25학년도 1학기 2차 폐강과목 안내,2025학년도 1학기 2차 폐강과목 안내,학사지원실,2025-05-03,1423,https://www.jj.ac.kr/jj/community/notice02.do?mode=view&articleNo=190600&article.offset=0&articleLimit=100,"2025학년도 1학기 개설 강좌 중 수강인원 미달에 따른 폐강 과목을 다음과 같이 안내하오니해당 과목의 수강신청자는 아래 사항을 참고하여 수강신청을 정정하시기 바랍니다.1. 폐강과목 현황:첨부파일 참조- 폐강과목 수강신청 내역은 일괄 삭제될 수 있습니다.폐강과목을 수강신청 한 재학생의 경우, 반드시해당 과목을 직접 삭제하시고다른 과목으로 수강신청변경하시기 바랍니다.2. 수강신청 정정기간: 2. 28.(금) 11:00~3. 8.(토) 18:003. 폐강 및 대체 수강 가능 과목 문의- 전공, 교직 등: 각 학과 사무실(담당 조교 선생님께 문의)- 교양강좌: 수퍼스타칼리지 교양학부(063-220-2008, 3097)붙임  2025학년도 1학기 2차 폐강 교과목 현황 1부.  끝.",0.46997389,0,0,0.313315927,0,0,1.46100579,0
학사공지,797,794+재무지원실_1학기 재학생(학부·대학원) 등록안내,2025학년도 1학기 재학생(학부·대학원) 등록안내,재무지원실,2025-05-02,8411,https://www.jj.ac.kr/jj/community/notice02.do?mode=view&articleNo=190589&article.offset=0&articleLimit=100,"2025학년도1학기 재학생(학부·대학원)등록안내구 분등록등 록 기 간(수납가능시간)고지서출력비 고일시 납부자재(복)학생(학부,각 대학원)최초2025. 2. 19.(수)∼2. 28.(금)(09:00∼16:00)2. 14.(금)예정·학기 개시10일 전 등록금 수납추가2025. 3. 11.(화)∼3. 13.(목)(09:00∼16:00)·최초 고지서로 납부 가능·학자금대출 신청마감:4. 24.(목)·대출 실행:등록기간 내 실행최종2025. 3. 25.(화)∼3. 27.(목)(09:00∼16:00)분납 신청자재(복)학생(학부,각 대학원)신청기간2025. 2. 14.(금)∼2. 18.(화)(09:00∼16:00)·온라인 신청:홈페이지→인스타→등록관리→분납신청/고지서출력1차 납부2025. 2. 19.(수)∼2. 28.(금)(09:00∼16:00)각 차수납부일·분납1차분 등록금 미납 시분할납부 신청이 자동 취소됨2차납부2025. 3. 11.(화)∼3. 13.(목)(09:00∼16:00)· 1차 납부 후 다음 차수 등록금미납 시,분납 자동 취소됨3차납부2025. 4. 8.(화)∼4. 10.(목)(09:00∼16:00)4차납부2025. 5. 7.(수)∼5. 9.(금)(09:00∼16:00)학기 초과생(학부9학기 이상등록 대상자)신청기간수강신청 정정기간(2.28.~3.8.)까지수강신청 완료하면고지서 자동생성(별도 신청절차 없음)3. 10.(월)예정·수강신청 학점 당 등록금액1∼3학점(수업료의1/6)4∼6학점(수업료의1/3)7∼9학점(수업료의1/2)10학점이상(수업료전액)최초2025. 3. 11.(화)∼3. 13.(목)(09:00∼16:00)최종2025. 3. 25.(화)∼3. 27.(목)(09:00∼16:00)※등록금은 정해진 기간 내에만 납부하셔야 하며,정해진 기간 이외의 경우 입금이 불가능 합니다.※분할납부를 원하는 학생은 분할납부 신청기간에 반드시 신청을 완료해야 합니다.■등록금고지서 및 납부확인서※등록금고지서가 개별적으로 발송되지 않으며,학교 홈페이지에서 출력하시기 바랍니다.1.등록금고지서 확인 방법▶PC:학교 홈페이지→인스타(inSTAR)→장학/등록→등록관리→등록금고지서(출력)▶모바일:전주대학교App→장학/등록→등록금고지서▶복학생은 복학 수속을 마친 후 인스타(inSTAR)→등록관리에서 등록금고지서 출력,등록기간에 납부2.납부확인서 확인 방법▶PC:학교 홈페이지→인스타(inSTAR)→장학/등록→등록관리→등록금 납부내역→납부확인서(출력)▶모바일:전주대학교App→장학/등록→등록금 납부내역▶은행:해당 은행 홈페이지 공과금(등록금→납부내역조회)에서 확인▶납부확인서 조회일:등록금 납부 다음날(익일)에 출력 가능■등록제도1.일시 납부:은행창구,인터넷뱅킹,폰뱅킹을 이용한 가상계좌 이체2.카드 납부▶우리카드:우리은행 창구,우리카드 홈페이지에서 납부(2~3개월 무이자 할부 가능)▶전북은행카드:전북은행 창구,전북은행 홈페이지에서 납부(2개월 무이자 할부)3.분할납부 신청:학교 홈페이지 인스타(inSTAR)→장학/등록→등록관리→분할납부신청/등록4.학자금 대출 신청:한국장학재단(www.kosaf.go.kr)에서 대출신청→승인 후→대출금 지급 실행■등록방법1.수납은행:우리·국민·전북·농협·하나은행 전국 영업점(분납신청자:우리은행 납부)2.은행창구 납부:등록금고지서를 지참하여 우리·국민·전북·농협·하나은행 창구에서 등록금 납부3.가상계좌 납부:인터넷뱅킹, ATM기,텔레뱅킹을 이용하여 무통장 입금(해당은행 뱅킹신청자에 한함)4.인터넷뱅킹 납부:납부은행 인터넷뱅킹→공과금(세금과공과)→대학등록금→조회/납부▶우리은행: (063) 227-0257 (www.wooribank.com)▶국민은행: (063) 236-6316 (www.kbstar.com)▶전북은행: (063) 250-7715 (www.jbbank.co.kr)▶농협은행: (063) 279-4850 (www.nonghyup.com)▶하나은행: (063) 225-1111 (www.kebhana.com)→중국에서 송금시 알리페이 가능※가상계좌의 예금주는 학생 본인입니다.등록금 가상계좌는 학생 개인에게 각각 부여 되었으므로,반드시 본인의 등록금고지서에 기재된 가상계좌로 입금하셔야 합니다.※계좌이체 시 학생 본인이 아닌 다른 분이 입금해도(즉,입금자가 달라도)학생 명의로 자동 등록처리됩니다.※등록금 또는[등록금+기타경비]를 합산하여 입금 시 정확한 등록금액이 아닐 경우,송금에러가발생합니다.※수납은행 이외의 타 은행 이용 시 송금수수료는 납부자 본인이 부담하셔야 합니다.5.카드 납부▶우리카드:우리은행 창구,우리카드 홈페이지에서 납부(2~3개월 무이자 할부 가능)▶전북은행카드:전북은행 창구,전북은행 홈페이지에서 납부(2개월 무이자 할부)6.분할 납부:붙임「등록금 분할납부제 안내」확인(p.3)7.학자금 대출에 의한 등록 방법(등록기간 내에만 학자금 대출이 실행 가능)▶대출 신청 및 실행 방법:한국장학재단(www.kosaf.go.kr)신청(서류 및 공인인증서 준비)→승인완료 후→한국장학재단→학자금 대출신청현황→대출금 지급 실행→등록 완료▶학자금 대출 문의:학교 홈페이지 공지사항 확인(학생지원실 문의: 063-220-2162,2172,2167)8.각종 장학금 수혜로(또는 논문신청 등)고지서에 납부금액이“0원”일 경우에도 반드시 다음 중 하나의 방법으로 등록 처리를 해야 합니다.▶인스타(inSTAR)학교등록▶수납은행의 납부확인(수납 인)▶가상계좌 입금의 경우 기타경비 납부■등록관련 문의문 의 사 항연 락 처부 서등록(063)220-2152~4, 3110재무지원실장학국가장학금(063)220-2164학생지원실교내장학금(063)220-2167국가보훈장학금(063)220-2982학생회비,통학버스(063)220-2819, 2163학자금 대출,국가장학금,정부장학금1599-2000한국장학재단복학,재입학,수강신청,기타 민원(063)220-2135~6학생서비스센터동창회비(063)220-2477총동문회기숙사(063)239-5500~2",0.05496393,0,0.048093439,1.570381075,0.075575404,0,1.110058162,0
학사공지,796,793+학사지원실_2024학년도 학위수여식 안내,2024학년도 학위수여식 안내,학사지원실,2025-05-02,2632,https://www.jj.ac.kr/jj/community/notice02.do?mode=view&articleNo=190588&article.offset=0&articleLimit=100,"2024학년도 학위수여식 관련 안내사회에 첫발을 내딛는 학생들의 졸업을 축하드립니다.1. 학위수여식 행사가. 일시: 2025. 2. 19.(수) 10:00나. 장소: JJ아트홀(예술관 1층)다. 참여대상: 2024학년도 전기 졸업생(학과별 학위수여자 대표 및 수상자)라. 협조사항1) 행사장 출입은 각 단과대학별 선정된 참석자를 우선으로 함2) 학위증은 학위수여일인 25. 2. 19.(수) 이전에 수령 불가능함2. 학위증 및 상장 배부가. 배부장소: 학과 사무실(방문수령)나. 배부기간: 2025. 2. 19.(수) ~ 2. 28.(금), 주말제외다. 배부기간 이후 교무처 학사지원실(스타센터 234호)에서 방문 수령 가능3. 학위복(모) 대여 서비스가. 대여장소: 학과 사무실나. 대여기간: 2025. 2. 19.(수) ~ 2. 28.(금), 주말제외4. 졸업증명서 발급가. 일시: 2024. 2. 19.(수) 10:00 이후나. 방법: 교내증명발급기 및 인터넷 증명발급※많은 구성원이 참여하여 축하하여야 하나, 공간제약으로 인해 제한된 인원이 참석하여 학위수여식이 진행되오니학생 및 학부모 여러분의 많은 이해와 협조 부탁드립니다.",0,0,2.144016227,0,0.034482759,0.137931034,1.799188641,0
학사공지,795,학사지원실+2025학년도 하계 계절수업 국내대학 학점교류 신청 안내(일반대학)+2025-04-24,2025학년도 하계 계절수업 국내대학 학점교류 신청 안내(일반대학),학사지원실,2025-04-24,1568,https://www.jj.ac.kr/jj/community/notice02.do?mode=view&articleNo=479529&article.offset=0&articleLimit=500,"국내 대학 간 학점교류 협정에 의거하여 2025학년도 하계 학점교류 학생을 다음과 같이 접수하오니 관심 있는 재학생들의 많은 신청 바랍니다.번호교류대학신청기한수학 안내문(대학명 클릭)신청자격1전북대2025. 4. 25.(금)전북대학교추천자 명단- 2학년 이상인 자- 2학기 이상 수료한 자- 직전 학기까지 총 평점평균 3.0이상인 자- 타대학 학점교류 이수 후, 1학기 이상 본교 등록이 가능한 자(2025년 8월 졸업 예정자 신청 대상 제외)- 재학 중 최대 4개 학기 수학 가능2제주대2025. 5. 9.(금)제주대학교홍보포스터3울산대2025. 5. 28.(화)울산대학교4경남대2025. 5. 15.(목)경남대학교개설교과목5계명대2025. 5. 23.(금)계명대학교6군산대2025. 5. 15.(목)군산대학교개설교과목7한남대2025. 5. 30.(금)한남대학교8아주대2025. 5. 24.(금)아주대학교9호남대2025. 5. 29.(수)호남대학교10관동대2025. 5. 30.(금)관동대학교11고려대(국제하계)2025. 5. 9.(금)2025. 5. 23.(금)고려대학교신청서추천자 명단도서관이용증아이디 신청- 3학년 이상인 자- 4학기(70학점) 이상 수료한 자- 직전 학기까지 총 평점평균 3.0이상인 자- 타대학 학점교류이수 후, 1학기 이상 본교 등록이 가능한 자(2025년 8월 졸업 예정자 신청 대상 제외)- 재학 중 최대 2개 학기 수학 가능고려대학교신청자 명단교과목 리스트포스터12연세대2025. 5. 7.(수)연세대학교개설교과목13한양대25. 4. 30.(수)한양대학교신청자 명단* 학점교류 협약 대학에서 안내 공문이 도착하면 해당 자료를 추가로 업데이트할 예정입니다.* 우리대학 홈페이지에 게시된 신청기한 엄수1. 신청방법: 학점교류 과목 이수계획서 작성 후, 소속 학과 제출(소속 학과 조교 및 학과장 서명)-교류대학에서 이수하려는 교과목과 매칭되는 우리 대학의 동일(유사) 교과목이 없는 경우 공란으로 둔 후 소속 학과 조교 선생님께 기입 요청-우리대학 학점인정 예정 과목은 학과 조교 선생님을 통해 해당 학과 또는 교양학부에서 확인 후 필수 기입2. 제출서류(붙임 참조)가. 국내대학 학점교류 신청서 1부.나. 국내대학 학점교류 과목 이수 계획서 1부.3. 유의사항가. 교류대학별로 추천기한이 상이하니 유의하시기 바랍니다.(학생의 교류 수학 신청은 우리대학 홈페이지에 게시된 신청기한에 한합니다.)나. 붙임 자료의 수학 안내문이 없는 대학의 경우, 해당 대학에서 공문이 발송되지 않은 것입니다. (안내문이 없는 대학으로의 학점교류는 접수하는 대로 공지할 예정임)다. 이수 계획서에 기재된 과목이 아닌 다른 과목을 신청할 시에는 성적부여가 불가합니다.라. 편입생 및 2025년 8월 졸업예정자(2025-1학기가 마지막 학기인 학생)는 신청 대상에서 제외됩니다.마. 학칙 및 대학 간 협약에 따라 취득한 학점은 학기당 16학점 이내로 인정하되, 졸업 학점의 2분의 1을 초과할 수 없습니다. (2015학번 이전은 18학점 이내)바. 우리 대학과 교류 대학 수강신청 학점의 합은 우리 대학 수강신청 제한 학점을 초과할 수 없습니다. (계절수업은 최대 6학점)사. 이수계획서 및 신청서에 오류가 있을 경우에는 학점 교류가 불가하니 정확히 작성해주시기 바랍니다.아. 교류 대학별 수강신청 방법이 상이하기 때문에 반드시 수강신청 관련 사항을 확인하시기 바랍니다.자. 교류 대학에서 이수하려는 교과목 중 우리 대학에서 학점인정 예정 과목으로 매칭되는 교과목이 없는 경우 우리 대학에서 생성한 '자유선택' 학점으로 학점이 부여 됩니다.차. 학점교류로 이수한 타 대학 성적은 인정하나, 학점교류생은 다음 학기 성적장학금 대상에서 제외됩니다.4. 관련 문의: 학과 사무실 또는 학사지원실(063-220-2083)붙임 1. 학점교류 신청서 및 교류대학 과목 이수계획서 1부.2. 수학대학 안내문 각 1부.",0.925528106,0.031397174,1.113911152,1.051116803,0.062794349,0,0.894130932,0
학사공지,794,809+학사지원실_1학기 휴업일 및 대체보강일 (추가),2025학년도 1학기 휴업일 및 대체보강일 (추가),학사지원실,2025-04-17,1596,https://www.jj.ac.kr/jj/community/notice02.do?mode=view&articleNo=479179&article.offset=0&articleLimit=100,"제21대 대통령 선거일이 임시공휴일로 지정됨에 따라2025학년도 1학기 대체보강일을 다음과 같이 추가하여 안내하오니 참고하시기 바랍니다.□ 2025학년도 1학기 휴업일 및 대체보강일 (추가)2025학년도 1학기 휴업일 및 대체보강일순번, 대체보강일, 휴업일, 휴업일 구분, 비고로 구성된 2025학년도 1학기 휴업일 및 대체보강일 안내 표순대체보강일휴업일휴업일 구분비고16. 9.(월)3. 3.(월)삼일절 대체 휴일대체보강주간26. 10.(화)5. 6.(화)어린이날 대체 휴일36. 11.(수)5. 5.(월)부처님 오신날46. 12.(목)6. 6.(금)현충일56. 13.(금)5. 2.(금)개교기념일 휴일66. 21.(토)6. 3.(화)대통령 선거일추가☞ 대체보강일은 정상 수업일로 출결에 포함됩니다.☞  2025-1학기 종강일: 6. 21.(토)교  무  처  장",1.454063178,0,0,0,0,0.13986014,0.093240093,0
학사공지,793,교육과정평가센터+2025-1학기 기말 강의평가 시행 안내+2025-06-04,2025-1학기 기말 강의평가 시행 안내,교육과정평가센터,2025-04-06,224,https://www.jj.ac.kr/jj/community/notice02.do?mode=view&articleNo=481236&article.offset=0&articleLimit=500,"2025학년도 1학기 강의평가 실시 사항을 다음과 같이 안내하오니재학생 여러분께서는 기간 내 참여할 수 있도록 협조하여 주시기 바랍니다.1. 강의평가 기간: 2025. 6. 2.(월) ~ 6. 24.(화)2. 강의평가 방법: inSTAR(인스타) 웹(또는 모바일) 로그인 - 강의평가 팝업 메시지 확인 후 클릭- 강의평가 화면으로 이동 및 강의평가 실시3. 기말 강의평가 활용- 담당 교원에게 강의평가 결과의 평균 점수만 제공되며 학생 개개인의 평가 결과는 제공되지 않습니다.- 학생들이 작성한 개방형 응답은 익명처리 후, 교원에게 공개되며 이를 참조하여 강의개선계획에 참조할 수 있도록 안내 됩니다.3. 기타 사항:강의평가 기간 내 강의평가 미응답시,  성적확인 기간 첫째 날(7. 1. 화) 성적 열람이 제한됨.교육과정평가센터장",1.840933192,1.987274655,0,0,0,0,1.548250265,0
학사공지,792,학사지원실+2025학년도 하계 계절수업 폐강과목 및 수강신청 정정 안내+2025-06-04,2025학년도 하계 계절수업 폐강과목 및 수강신청 정정 안내,학사지원실,2025-04-06,567,https://www.jj.ac.kr/jj/community/notice02.do?mode=view&articleNo=481247&article.offset=0&articleLimit=500,"2025학년도 하계 계절수업 폐강과목을 다음과 같이 공고하오니폐강과목 수강신청자는 아래 사항을 참고하여 수강신청을 정정하여 주시기 바랍니다.1.폐강 과목:총30개 과목(붙임 파일 참조)2.폐강과목 수강신청 정정기간: 6. 5.(목) 11:00부터 ~ 18:00까지※수강신청 정정기간 이후 수강신청 정정 불가3.유의사항가.폐강과목 수강 신청 정정 방법: 인스타-수강신청-수강과목 삭제/신청나.수강신청 정정 기간 내 폐강 과목 미변경 시 수강신청 포기로 간주함-정정기간 폐강과목을 수강 정정하지 않는 경우 일괄 수강 취소 처리 함4.폐강과목 관련 문의가. 교양과목: 수퍼스타칼리지 교양학부 220-2008, 3097나. 기타과목: 학사지원실(063-220-2134)교 무 처 장",2.240896359,0,0,1.41145347,0.052910053,0,1.0410831,0
학사공지,791,808+학사지원실_가(3.22.(토)~4.13.(일)),2025학년도 신/편입생 학생증(ID카드) 신청 안내 추가(3.22.(토)~4.13.(일)),학사지원실,2025-03-21,1400,https://www.jj.ac.kr/jj/community/notice02.do?mode=view&articleNo=478016&article.offset=0&articleLimit=100,"2025학년도 신(편)입생 학생증 신청안내 (추가)신입생 및 편입생의 학생증 발급에 따른 신청 방법을 아래와 같이 안내하오니 꼭 기한내에 신청하여 주시기 바라며,학생증 신청을 하지 않을 경우 단과대학건물 등 대학시설 사용에 제한을 받을 수 있습니다.1.신청기간:2025.03.22.(토) 09:00 ~ 04.13.(일) 24:002.신청방법(※자세한 사항은 붙임 문서 참조)가)핸드폰 어플리케이션을 통한 신청나)어플리케이션우리WON뱅킹설치다)우리WON뱅킹 접속(모바일전용)학생증신청링크(붙임문서를 먼저 확인한 후 신청)※ 국제학생은 우리WON뱅킹에서 신청이 불가하며- 금융기능이 가능한 학생증 신청은 우리은행 전주대학교 출장소(학생회관1층) 에서 신청- 금융기능 지원이 되지 않는 학생증 신청은 단과대학 행정실에서 신청(사진은 행정실에 제출하거나 인스타 개인정보 등록을 통해서 제출) 하시기 바랍니다.3.신청 전 준비사항-주민등록증 또는 운전면허증-증명사진 (핸드폰에 미리 저장)-발급진행시영문명은 여권에 사용하는 영문명으로 입력 필수- 전체 진행은 10분 이내로 신청 가능함4.안내문의-학생증 관련 신청 문의:우리은행 전주대 출장소(063-227-0257누르고211,213,214누름)- 학생서비스센터: 063-220-2135- 학사지원실 -",0,0,0,1.777871115,0.062402496,0,0.764130565,0
학사공지,790,807+수퍼스타칼리지_A 및 지역학 교양교육과정 이수 안내,2025학번 AHA 및 지역학 교양교육과정 이수 안내,수퍼스타칼리지,2025-03-17,2402,https://www.jj.ac.kr/jj/community/notice02.do?mode=view&articleNo=477779&article.offset=0&articleLimit=100,"2025학번 AHA 및 지역학 교양교육과정 이수 안내2025학년도 신입생 교양교육과정 개편에 따른 천잠교양 속 AHA 및 지역학 교육과정 이수 방법을 안내해 드립니다.1. 이수대상: 2025학번부터(2024학번 이전은 제외)2. 졸업이수기준: AHA 및 지역학 각 1학점(교양필수)/ 재학기간 중 2학점까지 취득 가능3. 이수방법: 세부사항은 <첨부파일> 참조가. inSTAR: inSTAR 로그인 - 왼쪽 하단 AHA 바로가기 링크 클릭 - AHA 및 지역학 학습하기나. JJ-AHA 플랫폼: AHA 페이지 접속(https://aha.jj.ac.kr) - inSTAR와 동일한 학번/비밀번호 입력 – AHA 및 지역학 학습하기4. 문의사항: 수퍼스타칼리지 교양학부 행정지원실(T. 063-220-2008, 3097)수퍼스타칼리지 학장",0,0,0.145631068,0,0.048543689,0,1.145631068,0
학사공지,789,784+학사지원실_/K-MOOC 학점 인정  신청 안내,2025-1학기 특별학점/K-MOOC 학점 인정  신청 안내,학사지원실,2025-03-01,1543,https://www.jj.ac.kr/jj/community/notice02.do?mode=view&articleNo=190579&article.offset=0&articleLimit=100,"2025-1학기 특별학점/K-MOOC 학점 인정 신청 안내1.  K-MOOC 학점인정가. 신청대상: 정규학기 내 재학생*8학기(건축학기 10학기) 초과 이수자 신청 불가나. 인정범위:K-MOOC 이수증 상 학습인정시간이 12.5시간 이상인 강좌에 대하여 1학점 인정,한 학기 최대 3학점까지 인정하며 수강신청 학점에 포함,재학 중 최대 9학점 인정(재학 중 수강한 강좌만 인정함,25시간 이상인 강좌 2학점 인정, 37.5시간 이상인 강좌 3학점 인정)1) K-MOOC 교과목 인정 이수기간:2025. 1. 1.~2025. 6. 30.기간 이수한 강좌에 한함2) 유의사항:K-MOOC 교과목은 수강제한 학점에 포함되오니 2025-1학기 수강제한학점을 고려하여 신청다. 강좌 이수 방법:http://www.kmooc.kr접속 -> 회원가입 및 로그인 -> 과목 수강라. K-MOOC 학점인정 신청기간: 2025. 5. 26.(월)~2025. 6. 30.(월)마. 성적 인정 과목 및 등급1) 과목명 및 이수구분: 교과목은 K-MOOC로 표기하고, 이수구분은 교양선택2) 성적부여: PASS 표기3) 성적확인방법: 2025. 7. 8.(화) 이후  2025-1학기 성적내역에서 확인바. 학점 인정 신청 방법1) 인스타(inStar) 로그인 -> 학사 관리 -> 특별학점/K-MOOC 인정 신청2) 제출서류: 이수증 스캔본2. 특별학점가. 신청대상: 정규학기 내 재학생1) 2019학번까지: 기존 특별학점제(외국어, 소프트웨어) 신청 및 인정 가능2)2020학번부터:특별학점제 신청 및 인정 제외3) 특별학점 신청 제외 대상자- 2024학년도 2학기 포함 8학기(건축학과 10학기) 초과 이수자- 졸업기준 학점(외국어 및 정보화)이 없는 국제학생 및 편입생나. 인정범위1)외국어 및 정보화(외국어3/정보화4)범위에서 재수강 처리만 인정/(F학점 제외)(2018학년도부터 순수(신규)학점인정 처리하지 않음)2)2015학번부터는79점 이하(C+이하)의 성적만 재수강 처리 가능함3) 성적인정 시기: 2024학년도 동계 계절학기 성적에 합산 처리다. 접수기간: 2025. 6. 2.(월) ~ 2025. 6. 20.(금)라. 성적확인: 2025. 7. 8.(화) 이후 2024-4학기 성적내역에서 확인마. 유의사항1) 특별학점으로 재수강 처리 받고자 하는 과목은 2025-1학기에 수강신청하지 않아야 함※기존에 이수한 과목 중에서 특별학점으로 재수강 처리 가능2) 특별학점 인정 자격증은 재학 기간 내에 취득한 자격증에 한함3) 이전에 특별학점으로 인정받은 자격증은 중복하여 인정되지 않음4) 입학 전 취득한 자격증으로는 특별학점 신청을 할 수 없음전주대학교 학사지원실",0.166666667,0.136363636,2.173796791,1.109625668,0.015151515,0,1.033868093,0
학사공지,788,801+학사지원실_1학기 출석인정(일반공결) 신청 안내,2025학년도 1학기 출석인정(일반공결) 신청 안내,학사지원실,2025-02-27,4271,https://www.jj.ac.kr/jj/community/notice02.do?mode=view&articleNo=190597&article.offset=0&articleLimit=100,"2025학년도 1학기 출석인정(일반공결) 신청 안내○ 신청자격 및 제출서류(학칙시행세칙 제16조)호출석인정사유신청 자격 및 인정기간신청기한제출서류비 고1호교육과정운영교육과정으로 운영하는 현장실습, 현장견학현장견학 또는 현장실습 학과 소속 학생결석시작일 전 1주일 내주관 학과 공문- 교내축제, 교내체육대회, 수학여행, 졸업여행,MT 등에 참가하는 경우 비대상- 학과에서 출전하는 공모전(대회)은 비대상국고사업의 공식행사사업단에서 주최한 행사 참여한 자〃주관 사업단 공문학교대표로 대회 참가학교 운동선수 또는 총장 결재를 받은 학교 대표〃관련 증빙서류홍보대사 학교행사 지원홍보대사〃관련 증빙서류2호법령에 의한 의무이행을 위하여 소집되거나 행사에 참석하는 경우예비군 훈련 참여, 군입대 시험 응시 등결석종료일다음 날부터 7일 이내예비군 훈련 확인증 또는 군입대 시험 응시 확인증재판으로 인한 법원 출석은 비대상3호본인의 상해나 질병병원에 입원한 자(입원기간), 동일한 상해나 질병으로 학기중 3회 이상의 정기적인 병원 진료를 받은자〃입퇴원확인서, 진단서,의사소견서 등 관련증빙서류진료예시) 대학병원 등의 진료로 진료일정을 환자가 변경할 수 없는 경우에 해당하는 상해나 질병4호민법 제779조에 따른 가족이 사망한 경우(외)조부모, 부모, 배우자, 자녀(공유일 포함 5일), 형제자매(공휴일 포함 3일)〃사망확인서 및 가족관계증명서가족관계증명서 없을 시 무효6호체육 및 비체육 특기자가 대회출전 및 훈련하는 경우체육 및 비체육 특기자(수업일수의 1/2 이내)결석시작일 전 1주일 내관련 증빙서류7호생리로 인하여 출석할 수없는 경우 (보건공결)여학생, 매월1회결석종료일다음 날부터 7일 이내제출서류 없음시험기간 제외, 전월 신청일로부터 20일 이내에 재신청 불가8호학생 본인 및 자녀가 결혼하는 경우본인 5일, 자녀 3일결석시작일 전 1주일 내청첩장 및 가족관계증명서9호그 밖에 총장이 불가피한 사유가 있다고 인정하여 허가한 경우---10호학생 본인 및 배우자가 출산하는 경우본인 21일, 배우자 7일결석종료일다음 날부터 7일 이내출생증명서 및 가족관계증명서11호법정전염병의 의심 또는 확진으로 격리 조치가 필요한 경우법정전염병(코로나19 등)의확진자, 자가격리자〃의료기관 발급 의사소견서, 진료확인서, 진단서 중 1개 제출(격리기간 반드시 기재)○ 신청 시 유의 사항- 출석인정 기간:모든 사유를 합하여 출석인정 기간은 수업일수의1/3이내만 가능함(예) 주 1회 수업(15회수업)의 경우 보건공결 2회 사용 후 현장실습으로 4회 공결을 사용하고자 할 경우→ 수업일수 1/3이내(총5회)까지만 가능- 생리(보건)공결: 월 1회만 신청 가능(3월 중 기 사용시 동일월(3월)에 신청 불가)- 코로나19 관련 공결 신청:사유종료일(자가격리일) 다음날부터 입력 가능함(사전 입력 불가)※확진자 및 자가격리(통보)자외에는공결 불가- 수동감시 및 동거인(밀접접촉자) 확진 후 본인 음성판정자 등은 공결 대상 아님- 기말고사 시작일 이후 신청은 불가함- 원격강좌, 온라인(동영상) 강의는 출석인정 대상 과목이 아니므로 학생이 수강하여야 함(공결처리 되지 않음)-출석인정 신청자는 신청서 제출 즉시 교과목 담당교수에게 알려야 함-출석인정은 수업의 출석에 관한 사항을 인정하는 것이며, 성적에 관한 사항은 담당교수의 평가기준을 적용받는 것이므로 성적평가에 관한 사항은 담당교수의 기준에 따라야 함.○ 신청 방법1. 인스타(https://instar.jj.ac.kr/)에 로그인2. 학사관리→수강관리→출석인정신청→출석인정(일반)3. 「신규」버튼을 클릭한 후 신청구분에서 해당 사유 선택-  신청구분을 선택하면 우측에 상세 구분이 나타나므로 선택4. 결석일시: 해당사유로 처리해야 하는 시작일시부터 종료일시까지 입력-하나의 사유로 여러 번 신청하지 마세요. (3일의 경우: 시작일시: 2023-03-06 09:00 종료일시: 2023-03-09 20:00까지 한 건으로 입력)5. 신청 상세사유:해당 사유를 상세하게 입력 [신청 화면 참고]6. 신청절차입력자료 확인 후 ""저장""버튼 클릭→ ""출석인정요청서""의 ""출력""버튼 클릭하여 출력→ ""출석인정요청서""의 서명을 득한 후→ 소속학과 사무실에 증빙서류와 함께 제출 (질병, 전염병 및 가족 사망 사유인 경우 수업담당교수 서명 필)",0.095102235,0.095102235,0.009510223,1.234197452,0.019020447,0.057061341,1.224687228,0
학사공지,787,802+학사지원실_1학기 출석인정(취업사유) 신청 안내,2025학년도 1학기 출석인정(취업사유) 신청 안내,학사지원실,2025-02-27,1474,https://www.jj.ac.kr/jj/community/notice02.do?mode=view&articleNo=190598&article.offset=0&articleLimit=100,"2025학년도 1학기 출석인정(취업사유) 신청 안내1. 신청 대상-신청 학기 졸업예정자로서수강신청 학점을 포함하여 졸업이수 기준을 충족한 학생 중 취업자※ 신청 학기의 수강신청 학점을 포함하여 졸업이수 기준을 충족한 학생(계절학기 이수 예정 학점 포함)2. 신청 기간1) 1차 접수(최초 신청):2025. 3. 3.(월)~3. 15.(토) /개강1~2주차※ 1차 접수기간에 학생 신청 후, 학과(조교)에서 증빙서류 확인 후 접수 함※ 1차 접수기간 이후 취업자는 취업일 기준 2주 이내 신청 요망2) 2차 접수(재직 확인):2025. 5. 26.(월)~6. 7.(토) /학기13~14주차※ 2차 접수기간에 학생이 2차 서류 업로드 후, 학과(조교)에서 증빙서류 확인 후 2차 접수처리 됨3. 신청 방법 (세부사항 붙임 참조)가. 인스타 로그인 (https://instar.jj.ac.kr접속 → 학번/비밀번호 입력)나. 메뉴: 학사관리 → 왼쪽 메뉴 출석인정 → 출석인정신청(취업사유) 탭 → 신규 클릭하여 신청서 작성4. 출석인정(취업사유) 신청 절차 및 증빙서류: 세부사항 [붙임] 참조< 취업사유 출석사유 신청자 유의사항 >가. 취업사유 출석인정 신청자는 신청서 제출 즉시 교과목 담당교수에게 알려야 함나.1차 접수 후 매주 금요일 한주간의 출석이 일괄 처리되므로출결관리 앱에서 해당 과목의 출결상황을 확인하여야 함다. 2차(최종) 서류 제출은 13주~14주차에 제출하여 최종 출석인정 확인을 받아야 함라.2차접수 기간에 서류를 제출하지 않은 학생의 경우 출석을 하지 않은 기간 모두를 결석으로 처리함마. 중도퇴직자의 경우 퇴직시점까지만 출석이 인정되며, 퇴직 후 바로 학업에 복귀하여야 함바. 취업사유 출석의 인정은 출석과 관련된 사항이며,성적평가는 해당 교과목 담당교수의 평가기준에 따라야 함사. 출석인정사항 입력정보(취업일, 회사변경 등..) 수정 요청시 웹종합정보시스템에서 수정할 수 있음아.원격강좌는 출석인정(취업사유) 대상 과목이 아니므로 학생이 지속적으로 수강하여야 함(공결처리되지 않음)- 교 무 처 장 -",0.097751711,0.058651026,1.366838575,1.366838575,0.039100684,0.039100684,1.425489601,0
학사공지,786,800+융합학부_합·마이크로전공 이수신청 안내(1차),2025학년도 1학기 연계·융합·마이크로전공 이수신청 안내(1차),융합학부,2025-02-26,1123,https://www.jj.ac.kr/jj/community/notice02.do?mode=view&articleNo=190596&article.offset=0&articleLimit=100,"2025학년도 1학기 연계‧융합‧마이크로전공 이수신청(1차)관련 안내합니다.재학생 여러분의 많은 관심과 신청 바랍니다.1. 신청 관련 안내1) 신청자격: 신(편)입학 후 2학기 이상 등록한 자2) 신청기간:3. 3.(월)~3. 16.(일)3) 신청절차: inSTAR 신청 > 융합교육지원센터 승인(세부 신청방법은 첨부파일 참고)2. 전공 관련 안내1) 전공별 이수 기준구분복수(부)전공총이수학점주전공중복인정 학점융합교과목이수학점ⓐ참여전공이수학점ⓑ선택이수학점ⓐ or ⓑ연계전공복수전공36학점15학점 이내-21학점 이상-융합전공복수전공36학점12학점 이내9학점 이상9학점 이상6학점부전공21학점6학점 이내6학점 이상3학점 이상6학점마이크로전공12학점3학점 이내-9학점 이상-2) 전공별 소개:http://www.jj.ac.kr/sc홈페이지의 전공별 안내자료 참고3) 이수 관련 문의: 교육혁신본부 융합교육지원센터(대학본관 228호 / 063-220-2824)3. 전공 현황 안내1) 7개 연계전공연계전공공공인재독서·논술교육벤처창업보육학일영멀티링구얼중국비즈니스중국어관광통역-2) 12개 융합전공융합전공경영법학국민연금글로컬콘텐츠제작드론라이프스타일기획로컬시너지스마트시티실감미디어일본AI탄소Food R&BD하림산학---3) 14개 마이크로융합전공 -이수기준([붙임2]) 확인마이크로융합전공지역문화콘텐츠글로벌역사문화관광레저서비스태권도문화산업로컬관광콘텐츠전북역사콘텐츠글로컬관광콘텐츠개발전북형콘텐츠창업첨단탄소산업모빌리티이차전지Food Tech첨단농생명Culinary & Food Service-4) 110개 마이크로전공- 이수제한 학과([붙임3]) 확인마이크로전공게임공학게임그래픽디자인게임기획공공기관회계공항서비스실무글로벌문화콘텐츠글로벌비즈니스글로벌시민교육리더글로벌외식조리글로벌음식문화글로컬관광콘텐츠글로컬호텔객실서비스기독교실용음악노인체육서비스데이터분석실무도시·부동산전문동물연구전문드론응용로봇메카트로닉스로컬기독문화콘텐츠제작로컬문화실감미디어리빙랩디자인리빙랩외식컨설턴트마이스&이벤트플래닝메디푸드모빌리티반도체무형가치사업화문화적도시재생문화콘텐츠기획방산소재배터리관리시스템선수트레이닝및재활세계외식조리소셜디자인소셜리빙랩실감미디어손해사정스마트농생명스마트팜분석스마트팜운영스마트팜응용스마트팩토리실무스토리텔링과미디어식품개발식품데이터분석식품신기술개발식품품질관리실감미디어기획실감미디어지산학협력실감미디어펀더멘털야생산업동물관리어린이영어교육역사미디어스토리텔링영상콘텐츠마케팅영상콘텐츠제작영어플러스예배인도사역외식창업과뉴비즈니스외식창업및컨설팅우주항공부품설계웹영상기획제작유·초등연계방과후돌봄이차전지모듈이차전지소재이차전지재활용인공지능기획일본어플러스장애인직업평가전기자동차전장부품제로하우스조리외식응용기술조선해양에너지시스템중국어플러스지능형특수목적모빌리티지역수요회계지적및국토정보창업컨설턴트초·중등연계방과후돌봄축제스토리텔링치유웰니스관광친환경자동차공학기초친환경자동차전공기초쿠팡물류클라우드컴퓨팅태권도비즈니스태권도선교특화임상동물보건펫산업전문평생교육코디네이터푸드스토리텔링푸드콘텐츠디자인행동발달재활의기초현대패션콘텐츠호남선교역사콘텐츠창작호텔객실서비스호텔경영지원호텔세일즈앤마케팅호텔식음료서비스호텔회계회계현장실무AI+금융AI+식품AI+일본어AI학습코칭Business CommunicationESG경영F&B디자인개발Glocal태권도문화전파IT회계금융J-역사문화관광K-Food실무심화4. 기타 안내1) 이수신청을 하지 않았더라도 관련 교과목의 수강신청이 가능하며,이수신청 전에 수강한 교과목도 인정 가능2) 마이크로전공 이수제한 학과([붙임3]참고) 학생은 해당 마이크로전공 신청 시 미승인 처리됨(단, 해당 학생이 마이크로전공 교육과정에 포함된 교과목을 12학점 이상 이수할 경우 마이크로전공 인증서 발급 가능)- 수퍼스타칼리지 융합학부 -",0.054794521,0.010958904,0.24109589,0.953276564,0.032876712,0,0.94231766,0
학사공지,785,799+학사지원실_내(2.26.(수)~3.16.(일)),2025학년도 신/편입생 학생증(ID카드) 신청 안내(2.26.(수)~3.16.(일)),학사지원실,2025-02-21,8183,https://www.jj.ac.kr/jj/community/notice02.do?mode=view&articleNo=190594&article.offset=0&articleLimit=100,"2025학년도 신(편)입생 학생증 최종 신청안내신입생 및 편입생의 학생증 발급에 따른 신청 방법을 아래와 같이 안내하오니 꼭 기한내에 신청하여 주시기 바라며,학생증 신청을 하지 않을 경우 단과대학건물 등 대학시설 사용에 제한을 받을 수 있습니다.1.신청기간:2025.02.26.(수) 09:00 ~ 03.16.(일) 24:00※학번조회방법 (""2025학년도 신/편입생 학번 조회 안내""공지사항 참조)2.신청방법(※자세한 사항은 붙임 문서 참조)가)핸드폰 어플리케이션을 통한 신청나)어플리케이션우리WON뱅킹설치다)우리WON뱅킹 접속(모바일전용)학생증신청링크(붙임문서를 먼저 확인한 후 신청)※ 국제학생은 우리WON뱅킹에서 신청이 불가하며- 금융기능이 가능한 학생증 신청은 우리은행 전주대학교 출장소(학생회관1층) 에서 신청- 금융기능 지원이 되지 않는 학생증 신청은 단과대학 행정실에서 신청(사진은 행정실에 제출하거나 인스타 개인정보 등록을 통해서 제출)하시기 바랍니다.3.신청 전 준비사항-주민등록증 또는 운전면허증-증명사진 (핸드폰에 미리 저장)-발급진행시영문명은 여권에 사용하는 영문명으로 입력 필수- 전체 진행은 10분 이내로 신청 가능함4.안내문의-학생증 관련 신청 문의:우리은행 전주대 출장소(063-227-0257누르고211,213,214누름)- 학생서비스센터: 063-220-2135- 학사지원실 -",0,0,0,1.843046497,0.058910162,0,0.877340627,0
학사공지,784,798+학사지원실_25학년도 1학기 1차 폐강과목 안내,2025학년도 1학기 1차 폐강과목 안내,학사지원실,2025-02-20,2151,https://www.jj.ac.kr/jj/community/notice02.do?mode=view&articleNo=190593&article.offset=0&articleLimit=100,"2025학년도 1학기 개설 강좌 중 수강인원 미달에 따른 폐강 과목을 다음과 같이 안내하오니해당 과목의 수강신청자는 아래 사항을 참고하여 수강신청을 정정하시기 바랍니다.1. 폐강과목 현황:첨부파일 참조- 폐강과목 수강신청 내역은 수강신청 정정 기간 중 일괄 삭제될 수 있습니다.폐강과목을 수강신청 한 재학생의 경우, 반드시해당 과목을 직접 삭제하시고다른 과목으로 수강신청변경하시기 바랍니다.2.수강신청 정정기간: 2. 28.(금) 11:00~3. 8.(토) 18:003. 2차 폐강 일정 공고: 3. 5.(수) 15:00(예정_사정에 따라 변경될 수 있음.)4. 교양과목의 폐강은 수퍼스타칼리지 교양학부에서 별도 공지할 수 있습니다.5. 폐강 및 대체 수강 가능 과목 문의- 전공, 교직 등: 각 학과 사무실(담당 조교 선생님께 문의)- 채플&기독교과목(선교지원실): 220-2423, 2737, 3149- 교양강좌: 수퍼스타칼리지 교양학부(063-220-2008, 3097)붙임 2025학년도 1학기 1차 폐강 교과목 현황 안내 1부. 끝.",0.416666667,0,0,0.265151515,0.037878788,0.037878788,1.531620553,0
학사공지,783,797+학사지원실_회 안내(2.21.(금) 11시부터),2025학년도 신(편입생) 학번 조회 안내(2.21.(금) 11시부터),학사지원실,2025-02-17,5970,https://www.jj.ac.kr/jj/community/notice02.do?mode=view&articleNo=190592&article.offset=0&articleLimit=100,"2025학년도 신(편)입생 여러분의 입학을 진심으로 축하합니다.전주대학교가 여러분의 도전과 꿈을 항상 응원하겠습니다.우리 대학에서는 학생 여러분이 학업에 집중할 수 있도록 최선의 노력을 다하고 있습니다.2025학년도 신(편)입생의 학번 조회 방법을 다음과 같이 안내하오니,본인의 학번을 꼭 확인하시기 바랍니다.✦학번공개일시:2025. 2. 21.(금) 오전 11:00 ~1.공개대상자: 2025. 2. 20.(목) 기준 신/편입학 등록완료자(추가 모집 등록자의 경우 등록일 다음날 부터 조회가능)2.사이트:전주대 홈페이지→인스타(inSTAR:https://instar.jj.ac.kr/)3.인스타 사이트에서'아이디찾기'클릭↓4.성명/생년월일,학과 선택 후'학번검색'클릭5.입력 자료의 인증이 끝나면 오른쪽 화면과 같이 학번이 조회됩니다.6.조회가 완료되면 학번을 학인 후사진 등록및비밀번호 재설정을 꼭 진행하여 주시기 바랍니다.(필수)[참고]각종 증명서는(인터넷 및 학생서비스센터에서) 신(편)입생 입학일(3.4.(월)) 이후부터 발급 가능합니다.학사지원실",0,0,0,0.936567164,0.037313433,0,0.787313433,0
학사공지,782,803+학사지원실_2025-1학기 대체보강일 안내,2025-1학기 대체보강일 안내,학사지원실,2025-02-03,1681,https://www.jj.ac.kr/jj/community/notice02.do?mode=view&articleNo=190599&article.offset=0&articleLimit=100,2025학년도 1학기 대체보강일을 다음과 같이 안내하오니 참고하시기 바랍니다.□ 2025학년도 1학기 휴업일 및 대체보강일☞ 대체보강일은 정상 수업일로 출결에 포함됩니다.☞  2025-1학기 종강일: 6. 21.(토)교  무  처  장,2.272727273,0,0,0,0,0.151515152,1.818181818,0
학사공지,781,792+학생서비스센터_무인 증명발급 서비스 운영 중단 안내,인터넷 및 무인 증명발급 서비스 운영 중단 안내,학생서비스센터,2025-01-21,897,https://www.jj.ac.kr/jj/community/notice02.do?mode=view&articleNo=190587&article.offset=0&articleLimit=100,"인터넷 및 무인 증명 서비스 업체(한국정보인증)에서 안정적인 서버 관리와 보다 나은 서비스 운영을 위해IDC이전 작업을 실시할 예정인 바,아래와 같이 서비스 운영이 일시적으로 중단되오니 참고하시기 바랍니다.1.일시:2025. 2. 1.(토) 00시- 09시2.중단 서비스:인터넷 증명발급 사이트(https://unc.webminwon.com/)자동증명발급기(학생서비스센터 입구,학생회관 입구)3.중단 시간 동안 서비스 이용이 불가능하며,2025. 2. 1.(토) 09시 –24시 순차적으로 오픈될 예정입니다.4.증명발급 관련 문의:학생서비스센터 담당(☎063-220-2135)",0,0,0,0,0,0,1.173030616,0
학사공지,780,791+학사지원실_[신(편)입생 수강신청은 별도 공지],2025학년도 1학기 재학생 수강신청 안내 [신(편)입생 수강신청은 별도 공지],학사지원실,2025-01-20,10761,https://www.jj.ac.kr/jj/community/notice02.do?mode=view&articleNo=190586&article.offset=0&articleLimit=100,"2025학년도 1학기 수강신청 기간을 다음과 같이 안내하오니재학생 여러분께서는 일정을 참고하여 수강신청하여 주시기 바랍니다.1.수강바구니 기간: 2025. 1. 22.(수) 11:00∼1. 24.(금) 17:00※ 수강바구니 기간 수강바구니 담기는 inSTAR(https://instar.jj.ac.kr)에서 가능합니다.( 인스타 로그인 - 수강신청 - 수강바구니)※ 수강바구니 기간 타학년/타학과 과목을 바구니에 담은 경우수강신청기간 수강신청 시 학년을 '전체'로 설정하고 조회해야 해당 과목이 조회되고 수강신청 가능합니다.※ 수강바구니 기간에는 '한국지역대학연합(RUCK) 과목'은 수강바구니 담기가 되지 않습니다.※ 수강바구니 기간에는 '학과학년제한'이 설정된 과목은 수강바구니 담기가 되지 않습니다.※ 수강바구니 이후 사정에 따라 '학과학년제한'이 되어 수강신청 기간에 신청하지 못할 수 있습니다.이 경우 '학과학년제한'이 해제된 후 신청하여 주시기 바랍니다.(특히, 신입생 대상 강좌 중 수강바구니 인원이 과다할 경우 수강신청 기간 중에 신청이 불가 할 수 있음.)2. 장애 및 국제학생 수강신청 기간: 2025. 2. 4.(화) 11:00∼2. 6.(목) 17:00※ 수강신청 웹페이지 주소:https://sugang.jj.ac.kr- 수강신청 시 웹 브라우저를 구글 크롬(Chrome) 또는 마이크로소프트 엣지(Edge)로 접속 권장3. 재학생 수강신청 기간:2025. 2. 11.(화) 11:00∼2. 13.(목) 15:00(<- 마감시간 유의)※ 수강신청 웹페이지 주소:https://sugang.jj.ac.kr-수강신청 시 웹 브라우저를 구글 크롬(Chrome) 또는 마이크로소프트 엣지(Edge)로 접속 권장※ 수강신청 방법 안내:수강신청 안내 동영상(https://youtu.be/jMguLIlYbeI)참조 ('Youtube'에서 '전주대학교 수강신청'으로 검색)※ 수강신청 홈페이지 접속 지원 프로그램(넷퍼넬-다중접속제어솔루션) 운영으로접속대기자가 많을 경우 접속대기 메세지(붙임-예시 화면 참조)가 표시될수 있음※ 수강바구니 기간 타학년/타학과 과목을 수강바구니에 담은 경우수강신청 시 학년을 '전체'로 설정하고 조회해야 해당 과목이 조회되고 수강신청 가능합니다.※ 수강신청 기간에는 한국지역대학연합(RUCK)과목은 수강신청이 되지 않습니다.4. 개인(팀)프로젝트 수강신청-개인(팀)프로젝트 수강신청 기간은 일반 수강신청 기간과 동일함.-개인(팀)프로젝트의 수강신청은일반수강신청 페이지와 동일함.※ 개인(팀)프로젝트 포함 수강신청 제한학점을 초과하지 않도록 유의※ 수강신청 제한학점 초과 시 개인(팀)프로젝트 신청이 취소될 수 있음5. 폐강과목 게시 및 안내- 1차: 2. 20.(목) 15:00- 2차: 3. 5.(수) 15:00※ 본교 홈페이지 공지사항(학사) 게시 및 안내 예정※ 폐강과목 수강 학생에게 개인 별 안내 및 공지 없음(inSTAR에서 확인)※ 교양 교과목은 별도 공지될 수 있음6. 학과학년제한 해제: 2025. 2. 28.(금) 11:00※ 일부 교양 및 학과 지정 일부 과목은 학과학년제한 해제에서 제외될 수 있음7. 수강신청 정정기간(폐강과목 수강신청자 포함): 2025. 2. 28.(금) 11:00∼3. 8.(토) 18:00※ 수강신청 정정 기간 수강신청 정정은inSTAR(https://instar.jj.ac.kr)에서 가능합니다.( 인스타 로그인 - 수강신청 - 수강신청)8. 학점교류 원격(RUCK 포함) 강좌 수강신청: 2025. 2. 28.(금) 11:00∼3. 8.(토) 18:00※ 직전학기 평점평균 3.0 이상인 경우 수강신청 가능(개설 강좌는 붙임파일 참조)※ RUCK 강좌 수강신청은 inSTAR(https://instar.jj.ac.kr)에서 가능합니다.( 인스타 로그인 - 수강신청 - 수강신청)9. 수강취소 기간: 2025. 3. 10.(월) 11:00∼3. 12.(수) 18:00까지※ 수강신청 취소 기간 수강취소 신청은 inSTAR(https://instar.jj.ac.kr)에서 가능합니다.( 인스타 로그인 - 학사관리 – 수강신청내역/수강취소 ***수강신청 메뉴와 다름***)※ 수강신청 취소는 최대 6학점(6학점을 초과하여 수강취소 불가능) 범위 내에서 가능합니다.10. 개설 교과목 수업계획서(시간표) 확인※ 인스타 로그인 -> 학사관리 -> 수업계획서(개설강좌) 조회 -> 학과선택 -> 조회(수업계획서 및 수업 시간표는 인스타에서 확인 가능하며, 학과 사정에 따라 개강 전 수업 시간표가 변동될 수 있습니다.)11. 기타 주의사항 안내※ 2025년 8월 졸업을 희망하는(1학기가 마지막 이수 학기) 재학생은 졸업이수요건 필수과목을 미이수한 경우,기간 내 반드시 수강신청하여 주시기 바랍니다.12.문의전화- 교양과목(수퍼스타칼리지 교양학부): 220-3097 (균형/핵심, 자유, 일반, 소프트웨어/AI&SW),220-2008 ((외국어,의사소통)/언어, 시민공동체/인성)- 교직과목(사범대학 교육학과): 220-2346- 채플&기독교과목(선교지원실): 220-2423, 2737, 3149- 수강신청시스템 및 기타문의(학사지원실): 220-2134, 2083, 2417붙 임 1. 2025-1학기 수강신청FAQ자료1부.2. 수강신청 접속 대기화면 자료 1부.3. 교양학점 확인 방법 안내 자료 1부.4. 2025-1학기 학점교류(RUCK 포함) 원격강좌 개설 교과목 안내 1부.  끝.",1.826791277,0,0.06728972,1.729595016,0.022429907,0.014953271,1.460436137,0
학사공지,779,790+실감미디어혁신융합대학사업단_청 안내(실감미디어혁신융합대학사업단),2025학년도 1학기 학점교류 실시 및 신청 안내(실감미디어혁신융합대학사업단),실감미디어혁신융합대학사업단,2025-01-16,1249,https://www.jj.ac.kr/jj/community/notice02.do?mode=view&articleNo=190585&article.offset=0&articleLimit=100,"국내 대학 간 학점교류 협정에 의거하여 2025학년도 1학기 학점교류 학생을다음과 같이 접수하오니 관심 있는 재학생들의 많은 신청 바랍니다.순교류 대학추천 기한수학 안내문(대학명 클릭)신청 자격1건국대학교2025. 2. 11.(화)건국대학교추천자 명단- 타대학 학점교류 이수 후, 1학기 이상 본교 등록이 가능한 자(2025년 8월 졸업예정자 신청 대상 제외)-본교와 학술교류 협정을 체결한 대학 학생으로서 소속 대학교 총장의 추천을 받은 학생2경희대학교2025. 2. 4.(화)경희대학교신청자 명단신청 매뉴얼통합ID 등록 매뉴얼3계명대학교2025. 2. 5.(수)계명대학교추천자 명단4계원예술대학교2025. 2. 11.(화)계원예술대학교신청자 명단개인정보 수집 동의서5배재대학교2025. 2. 5.(수)배재대학교개설 교과목추천자 명단학점교류 신청서6중앙대학교2025. 1. 22.(수)중앙대학교신청자명단개인정보동의서*학점교류 협약대학에서 학점 교류 안내 공문이 도착하면 해당 대학 자료를 추가로 업데이트 예정입니다.* 우리대학 홈페이지에 게시된 신청기한 엄수1. 신청방법: 제출서류를 실감미디어혁신융합대학사업단에 제출-  학점교류 과목 이수계획서 작성 ->학과장 서명 -> 사업단 제출- 교류대학에서 이수하려는 교과목과 매칭되는 우리 대학의 동일(유사) 교과목이 없는 경우 공란으로 둔 후 사업단 선생님께 기입 요청- 우리대학 학점인정 예정 과목은 사업단 선생님을 통해 해당 학과 또는 교양학부에서 확인 후 기입 필수2.제출서류(붙임 양식 참조)가. 국내대학 학점교류 신청서 1부.나. 국내대학 학점교류 과목 이수 계획서 1부.3.유의사항가. 교류대학별로 추천기한이 상이하여 신청기간이 다른 점을 유의하시기 바랍니다.(학생의 교류 수학 신청은 홈페이지에 게시된 신청기한에 한합니다.)나. 붙임 자료의 수학 안내문이 없는 대학의 경우 해당 대학에서 공문이 발송되지 않은 것입니다.(안내문이 없는 대학으로의 학점교류는 접수하는 대로 공지할 예정임)다.이수 계획서에 기재된 과목이 아닌 다른 과목을 신청할 시에는 성적부여가 되지 않습니다.라.편입생 및2025년 8월 졸업예정자(2025-1학기가 마지막 학기인 학생)는 신청 대상에서 제외 됩니다.마. 학칙 및 대학 간 협약에 따라 취득한 학점은 학기당 16학점 이내로 인정하되, 졸업 학점의 2분의 1을 초과할 수 없습니다. (2015학번 이전은 18학점 이내)바. 우리 대학과 교류 대학의 수강신청 학점의 합은 우리 대학 수강신청 제한 학점을 초과할 수 없습니다. (계절수업은 최대 6학점)사. 이수계획서 및 신청서에 오류가 있을 경우에는 학점 교류가 불가능하니 정확히 작성해주시기 바랍니다.아.교류 대학별 수강신청 방법이 상이하기 때문에 반드시 수강신청 관련 사항을 확인하시기 바랍니다.자. 교류 대학에서 이수하려는 교과목 중 우리 대학에서 학점인정 예정 과목으로 매칭되는 교과목이 없는 경우 우리 대학에서 생성한 '자유선택' 학점으로 학점이 부여 됩니다.차. 학점교류로 이수한 타 대학 성적은 인정하나 학점교류생은 다음 학기 교내 성적 장학금 대상에서 제외됨4. 관련 문의: 사업단(063-220-2988)또는 학사지원실(063-220-2083)붙임  1. 학점교류 신청서 및 교류대학 과목 이수계획서 1부.2. 수학대학 안내문 각 1부.",0.123533045,0.037059914,1.027710708,0.990650795,0.074119827,0,0.84241114,0
학사공지,778,789+학사지원실_ 성적 공개 및 확인(이의신청) 안내,2024학년도 동계 계절학기 성적 공개 및 확인(이의신청) 안내,학사지원실,2025-01-14,809,https://www.jj.ac.kr/jj/community/notice02.do?mode=view&articleNo=190584&article.offset=0&articleLimit=100,"2024학년도 동계 계절학기 성적 공개 및 확인(이의신청) 안내1. 성적 확인 및 성적 이의신청가. 성적 확인기간:1.17.(금) 오전 11시 ~ 1. 20.(월) 오후 3시까지※성적확인 기간 중 성적 정정 처리 업데이트 시간(오후1시~1시30분,오후5시~5시30분)에는 성적 확인 불가나. 조회방법:  inSTAR or 전주대 포털 앱 -> 학사관리 -> 학기별 성적 조회다.이의신청:  inSTAR  -> 학사관리 -> '성적이의신청’을 통해서만 이의신청 가능2. 참고사항가. (중간, 기말, 과제 등) 성적평가 영역별 상세 성적을 조회 가능나.합리적 사유가 없는 이의신청(장학금 및 재수강 등 개인적 사정 등에 호소)은 이의신청 사유에 해당되지 않으며,해당 내용으로 성적이의신청 시청탁금지법에 위배되며 근거 자료로 남을 수 있으니 유의하시기 바랍니다.다.2024학년도 동계 계절학기 성적을 포함한 성적증명서 발급은1월 21일(화)오전11시 이후 발급가능하오니참조하시기 바랍니다.교 무 처 장",0,1.470783533,0,1.152058433,0.039840637,0,1.032536521,0
학사공지,777,실감미디어혁신융합대학사업단+2025학년도 하계 계절수업 국내대학 학점교류 신청 안내(실감미디어혁신융합대학사업단)+2025-05-01,2025학년도 하계 계절수업 국내대학 학점교류 신청 안내(실감미디어혁신융합대학사업단),실감미디어혁신융합대학사업단,2025-01-05,1592,https://www.jj.ac.kr/jj/community/notice02.do?mode=view&articleNo=479824&article.offset=0&articleLimit=500,"국내 대학 간 학점교류 협정에 의거하여 2025학년도 하계 학점교류 학생을 다음과 같이 접수하오니 관심 있는 재학생들의 많은 신청 바랍니다.순교류 대학추천 기한수학 안내문(대학명 클릭)신청 자격1건국대학교2025. 5. 23.(금)(수정)건국대학교개설교과목추천자 명단홍보포스터멀티모달- 타대학 학점교류 이수 후, 1학기 이상 본교 등록이 가능한 자(2025년 8월 졸업예정자 신청 대상 제외)-본교와 학술교류 협정을 체결한 대학 학생으로서 소속 대학교 총장의 추천을 받은 학생2경희대학교2025. 5. 21.(수)경희대학교추천자 명단신청 매뉴얼통합ID 등록 매뉴얼3계명대학교4계원예술대학교2025. 5. 27.(화)5배재대학교2025. 5. 28.(수)배재대학교개설 교과목추천자 명단학점교류 신청서6중앙대학교2025. 5. 14.(수)중앙대학교신청자 명단개인정보동의서*학점교류 협약대학에서 학점 교류 안내 공문이 도착하면 해당 대학 자료를 추가로 업데이트 예정입니다.* 우리대학 홈페이지에 게시된 신청기한 엄수1. 신청방법: 제출서류를 실감미디어혁신융합대학사업단에 제출- 학점교류 과목 이수계획서 작성 ->학과장 서명 -> 사업단 제출- 교류대학에서 이수하려는 교과목과 매칭되는 우리 대학의 동일(유사) 교과목이 없는 경우 공란으로 둔 후 사업단 선생님께 기입 요청- 우리대학 학점인정 예정 과목은 사업단 선생님을 통해 해당 학과 또는 교양학부에서 확인 후 필수 기입2. 제출서류(붙임 양식 참조)가. 국내대학 학점교류 신청서 1부.나. 국내대학 학점교류 과목 이수 계획서 1부.3.유의사항가. 교류대학별로 추천기한이 상이하여 신청기간이 다른 점을 유의하시기 바랍니다.(학생의 교류 수학 신청은 홈페이지에 게시된 신청기한에 한합니다.)나. 붙임 자료의 수학 안내문이 없는 대학의 경우 해당 대학에서 공문이 발송되지 않은 것입니다.(안내문이 없는 대학으로의 학점교류는 접수하는 대로 공지할 예정임)다.이수 계획서에 기재된 과목이 아닌 다른 과목을 신청할 시에는 성적부여가 불가합니다.라.편입생 및2025년8월 졸업예정자(2025-1학기가 마지막 학기인 학생)는 신청 대상에서 제외 됩니다.마. 학칙 및 대학 간 협약에 따라 취득한 학점은 학기당 16학점 이내로 인정하되, 졸업 학점의 2분의 1을 초과할 수 없습니다. (2015학번 이전은 18학점 이내)바. 우리 대학과 교류 대학의 수강신청 학점의 합은 우리 대학 수강신청 제한 학점을 초과할 수 없습니다. (계절수업은 최대 6학점)사. 이수계획서 및 신청서에 오류가 있을 경우에는 학점 교류가 불가능하니 정확히 작성해주시기 바랍니다.아.교류 대학별 수강신청 방법이 상이하기 때문에 반드시 수강신청 관련 사항을 확인하시기 바랍니다.자. 교류 대학에서 이수하려는 교과목 중 우리 대학에서 학점인정 예정 과목으로 매칭되는 교과목이 없는 경우 우리 대학에서 생성한 '자유선택' 학점으로 학점이 부여 됩니다.차. 학점교류로 이수한 타 대학 성적은 인정하나 학점교류생은 다음 학기 교내 성적 장학금 대상에서 제외됩니다.4. 관련 문의: 사업단(063-220-2988)또는 학사지원실(063-220-2083)붙임 1. 학점교류 신청서 및 교류대학 과목 이수계획서 1부.2. 수학대학 안내문 각 1부.",0.76336478,0.037735849,0.977201258,0.914308176,0.075471698,0,0.788522013,0
학사공지,776,783+학사지원실_ 성적 공개 및 확인(이의신청) 안내,2024학년도 2학기 성적 공개 및 확인(이의신청) 안내,학사지원실,2024-12-31,2178,https://www.jj.ac.kr/jj/community/notice02.do?mode=view&articleNo=190578&article.offset=0&articleLimit=100,"2024학년도 2학기 성적 공개 및 확인(이의신청) 안내1. 성적 확인 및 성적 이의신청가.성적 확인기간 및 이의신청: 1. 2.(목) 오전 11시 ~ 1. 8.(수) 오후 3시까지※강의평가 미응답한 경우, 1. 3.(금)부터 성적 확인 가능함※성적확인 기간 중 성적 정정 처리 업데이트 시간(업무일 오후1시~1시30분,오후5시~5시30분/주말X)에는 성적 확인 불가나. 조회방법:  inSTAR or 전주대 포털 앱 -> 학사관리 -> 학기별 성적 조회다.이의신청:  inSTAR  ->학사관리-> '성적이의신청’을 통해서만 이의신청 가능2. 참고사항가. (중간, 기말, 과제 등) 성적평가 영역 별 상세 성적을 조회 가능나.합리적 사유가 없는 이의신청(장학금 및 재수강 등 개인적 사정 등에 호소)은 이의신청 사유에 해당되지 않으며,해당 내용으로 성적이의신청 시청탁금지법에 위배되며 근거 자료로 남을 수 있으니 유의하시기 바랍니다.다.2024-2학기 성적을 포함한 성적증명서 발급은1월10일(금)오전11시 이후 발급 가능하오니 참조하시기 바랍니다.교 무 처 장",0.037037037,1.604166667,0,1.270833333,0.037037037,0,1.122685185,0
학사공지,775,782+학사지원실_K-MOOC 학점인정 제도 변경 안내,K-MOOC 학점인정 제도 변경 안내,학사지원실,2024-12-26,1133,https://www.jj.ac.kr/jj/community/notice02.do?mode=view&articleNo=190577&article.offset=0&articleLimit=100,,0,0,1.428571429,0,0,0,2.857142857,0
학사공지,774,775+학사지원실_4학년도 2학기 대체보강일 지정 안내,2024학년도 2학기 대체보강일 지정 안내,학사지원실,2024-11-22,1240,https://www.jj.ac.kr/jj/community/notice02.do?mode=view&articleNo=190570&article.offset=0&articleLimit=100,2024학년도 2학기 대체보강일 지정 안내2024학년도 2학기 대체보강일을 다음과 같이 안내하오니 참고하시기 바랍니다.1. 대체보강일 지정 사유가. 고등교육법 시행령 제14조에 의거 학점 당 매학기 15시간 이상 수업 실시나. 휴무일(공휴일 등)에 실시되는 수업에 대해서는 대체보강일을 지정하여 수업 운영2. 휴무일 관련 보강주간가.보강주간 및 기말시험: 15~16주차나. 보강주간 지정일순대체보강일휴업일휴일구분비 고112. 16.(월)9. 16.(월)추석연휴212. 17.(화)9. 17.(화)312. 18.(수)9. 18.(수)412. 19.(목)10. 3.(목)개천절512. 20.(금)10. 9.(금)한글날612. 21.(토)10. 1.(화)국군의 날임시공휴일다.기말시험: 강좌 별 마지막 수업일에 기말고사 실시교 무 처 장,1.884146341,0.146341463,0.048780488,0,0,0.195121951,1.347560976,0
학사공지,773,774+학사지원실_024학년도 동계 계절수업 운영 안내,2024학년도 동계 계절수업 운영 안내,학사지원실,2024-11-20,2916,https://www.jj.ac.kr/jj/community/notice02.do?mode=view&articleNo=190569&article.offset=0&articleLimit=100,"2024학년도 동계 계절수업을 다음과 같이 운영하고자 하오니 관심있는 재학생들의 많은 신청바랍니다.1.계절수업 운영 일정구 분기 간비 고수강신청11. 27.(수) 11:00~29.(금) 18:00인스타(inSTAR)-수강신청폐강과목 공고12. 4.(수) 15:00본교 홈페이지 학사게시판 공고폐강과목 수강신청 정정기간12. 5.(목) 11:00∼18:00수업료납부(등록기간)12. 11.(수)~13.(금)고지서 출력(12. 9.(월) 오후 11시 부터 가능)우리은행 영업시간 내 납부가능수강취소12. 17.(화)~2025. 1. 7.(화)-미등록 시 수강신청내역은 일괄 취소처리함- 등록 후, 수강취소 시 환불기준에 의거 환불 조치함- 수강취소 방법: inSTAR 로그인-학사관리-수강신청내역/취소-수강신청리스트에서 수강취소 과목 선택 후 저장계절수업 기간2024. 12. 23.(월)~2025. 1. 14.(화)-원격중심수업은 온라인으로 진행-기말시험 수업시간표 시간에 대면시험 참석하여야 함성적 확인 및이의신청 기간2025. 1. 17.(금)11:00~20.(월) 15:00-성적확인 기간 중 성적 정정 처리 업데이트 시간(오후1시~1시30분,오후5시~5시30분)에는성적 확인 불가-이의신청:inSTAR->학사관리-> '성적이의신청’을 통해서만 이의신청 가능-합리적 사유가 없는 이의신청(장학금 및 재수강 등 개인적 사정 등에 호소)은 이의신청 사유에해당되지 않으며,해당 내용으로 성적이의신청 시청탁금지법에 위배되며 근거 자료로 남을수 있음* 등록금 고지서(납부확인서) 출력: inSTAR-장학/등록-등록관리-등록금 고지서/납부확인서(출력)2. 수강신청 학점: 최대 6학점 이내(2015학번 이전 최대 9학점 이내)* 수강신청방법: 인스타(inSTAR) 로그인 -수강신청 - 수강신청 메뉴에서 수강 희망과목 선택 및 저장* 원격중심 수업: 최대 3학점 이내(야간교육과정 재학생 최대 6학점 이내)- 전체학기:2015학번 까지 42학점, 2016학번부터 32학점 이내 수강 가능*원격중심 수업은 출석인정(취업사유)을 제출한 학생인 경우도 사이버캠퍼스에서 수업을 정상수강해야 함(취업사유로 인한 출석인정 해당사항 없음)3. 수업방식가.대면수업 원칙/원격중심수업은 온라인으로 진행나. 기말시험은 대면평가를 원칙으로 함- 원격수업 중 대면시험 과목이 있을 수 있음[교과목 개설 현황 참조]다. 계절수업 수강생은 수업 방식 및 수업 시간표를 사전에 확인하여 수업 참석 요망4. 평가(성적산출)방법: 정규학기와 동일5. 수업료: 1학점 당 80,000원6. 개설과목: 붙임 자료 참조7. 등록금 환불기준사유 발생 시기반환 금액비고개강 전전액 환불개강 후 수업일 수1/3 이내 (2024. 12. 30.(월) 까지)납입금2/3 반환개강 후 수업일 수2/3 이내 (2025. 1. 7.(화) 까지)납입금1/3 반환개강 후 수업일 수2/3 초과 (2025. 1. 8.(수) 부터반환하지 않음취소 불가8.유의사항가. 등록일자 엄수 요망:등록기간 내 등록금을 납부하지 않은 자의 수강신청 내역은 무효 처리함나.2024-2학기에 기 수강한 과목과 동일과목을 수강한 경우 해당 수강 내역은 수강취소처리 함다. 채플 과목은 8학기 이상 이수자(건축학과 10학기 이상) 중, 채플미이수한 재학생만 수강신청 가능함라. 수강신청 정정신청은 최초 수강신청 후, 폐강과목을 수강신청 한 재학생에 한하여 가능함마. 사회봉사 과목 수강신청 방법:inSTAR 로그인-학사관리-사회봉사 교과목-교과목 신청(※자세한 사항: 사회봉사센터 홈페이지 수강신청 관련 게시물 참조)9. 계절수업 관련 문의처가. 교양과목: 수퍼스타칼리지 교양학부 220-2008, 3097나. 융합전공: 수퍼스타칼리지 융합학부 220-2821, 2823다. 채플: 선교지원실 220-2423라. 수업료 납부 및 환불: 재무지원실 220-3110마. 원격강좌 수업: 원격교육지원센터 220-2402바. 사회봉사 과목 수강 신청 및 취소: 사회봉사센터 220-4697사. 계절수업 수강신청 및 취소: 학사지원실 220-2134붙임 2024학년도 동계 계절수업 개설 교과목 현황(게시용) 1부. 끝.",1.865604868,0.127952756,0.098425197,0.393700787,0.049212598,0.068897638,1.4817466,0
학사공지,772,773+학사지원실_2025학년도 1학기 전과 안내,2025학년도 1학기 전과 안내,학사지원실,2024-11-19,3715,https://www.jj.ac.kr/jj/community/notice02.do?mode=view&articleNo=190568&article.offset=0&articleLimit=100,"2025학년도 1학기 전과  안내1. 전과- 전과: 학과(전공), 학부(전공), 계열 → 다른 학과(전공)2. 전과 운영 방침※ 전과 변경사항(2024-2학기 부터 적용)구분변경 전변경 후비고신청 자격2학년 이상 신청 가능입학 후 다음 학기부터 신청 가능사범대학 및 보건계열학과는기존과 동일전과 정원모집단위별 입학정원의 30%인원 제한 없음전과 전형학과별 전형 고사 실시전과 전형 폐지* 보건계열학과: 간호학과, 물리치료학과, 방사선학과, 보건관리학과, 작업치료학과** 고등교육법 시행령 제29조제3항에 의거, 사범대학 및 보건계열학과의 정원은 따로 관리함가. 신청 자격 및 확인사항1) 신청 자격: 전과 신청에 별도의 지원 자격 없음2) 허용 범위: 학칙이 허용하는 범위 내에서 전과 가능*전과는 재학생만 신청 가능(휴학생은 복학 후에 신청하여야 함)나. 신청 방법1) 학생포털서비스(inSTAR) → 학사관리 → 전과/전공선택에서 신청서 작성 후 저장2) 신청서를 출력하여 현재 학과(전공) 및 전과 신청 학과(전공) 소속 교수에게 상담 후 확인 서명3) 신청서를 스캔하여 학생포털서비스(inSTAR)에 업로드*업로드 한 신청서가 식별이 어려울 경우 전과 신청이 취소 됨학생포털서비스(inSTAR)⇨전출학과(전공)⇨전입학과(전공)⇨학생포털서비스(inSTAR)· 전과 신청서 작성소속 교수와상담 후확인 서명소속 교수와상담 후확인 서명신청서 업로드· 신청서 출력3. 전과 시행 일정구분일자내용전과 신청2024. 12. 2.(월) ~ 12. 26.(목)전과 전형2025. 1. 7.(화)- 사범대학 및 보건계열학과- 해당 학과(전공)별 고사장에서 실시결과 안내2025. 1. 13.(목) 15:00 이후등록금 납부추후 공지수강 신청2025. 2. 11.(화) ~ 2. 13.(목)4. 유의사항◦ 추후 안내를 위해 신청서 및 학생포털서비스(inSTAR)에 본인의 연락처를 정확히 기재하여야 함.◦전과는 신청자별로1개의 모집단위에 한하여 신청하되,전과 횟수는 제한하지 않음.◦ 전과는 매 학기 시행하되 사범대학 및 보건계열학과(간호학과, 물리치료학과, 방사선학과, 보건관리학과, 작업치료학과)의 전과는 1학기에만 모집함.(2학년 전과만 가능)◦ 미래융합대학에서 그 외 단과대학으로의 전과는 불가함.◦ 장학금 포기: 전과할 경우 장학규정 제6조에 의거, 2025학년도 1학기 성적장학금 혜택을 받지 못함.◦ 전과 합격자는 지정된 등록기간 내에 전입학과 기준으로 등록금을 납부하여야 함.◦ 교직이수자가 전과 할 경우 교직이수가 취소됨.◦ 전과 포기: 전과를 확정 받은 학생이 전과를 취소하고자 하는 경우에는 전과 확정 후 다음 학기 시작일 전까지 전과 포기 신청서를 제출하여야 함.◦ 전과생은 전입한 학과의 교육과정 이수기준에 따른 교과목을 이수하고 졸업기준을 충족하여야 함.따라서 전과 및 전공선택을 한 학생은 졸업학점 취득을 위하여 초과 학기를 등록할 수도 있음.◦ 전과 이전 학과에서 이수한 교과목은 전과한 학과의 교과목으로 인정하지 않음.다만, 전입학과에서 운영하는 교과목과 동일하거나 유사한 교과목으로 인정받은 경우, 전과한 학과에서 이수한 것으로 인정할 수 있음.5. 문의사항- 학사지원실: (063)220-2083붙임  1. 2025학년도 1학기 전과 모집요강 1부.2. 전과 신청 매뉴얼(학생용) 1부.  끝.교 무 처 장",0.06097561,0.012195122,0.036585366,0.37804878,0.158536585,0.012195122,1.81300813,0
학사공지,771,772+융합학부_합·마이크로전공 이수신청 안내(2차),2024학년도 2학기 연계·융합·마이크로전공 이수신청 안내(2차),융합학부,2024-11-11,1042,https://www.jj.ac.kr/jj/community/notice02.do?mode=view&articleNo=190567&article.offset=0&articleLimit=100,"2024학년도 2학기 연계‧융합‧마이크로전공 이수신청(2차)관련 안내합니다.재학생 여러분의 많은 관심과 신청 바랍니다.1. 신청 관련 안내1) 신청자격: 신(편)입학 후 2학기 이상 등록한 자2) 신청기간:11. 18.(월)~12. 15.(일)/ 매 학기 1~2주차, 12~13주차 진행3) 신청절차: inSTAR 신청 > 융합교육지원센터 승인(세부 신청방법은 첨부파일 참조)2. 전공 관련 안내1) 전공별 이수 기준구분복수(부)전공총이수학점주전공중복인정 학점융합교과목이수학점ⓐ참여전공이수학점ⓑ선택이수학점ⓐ or ⓑ연계전공복수전공36학점15학점 이내-21학점 이상-융합전공복수전공36학점12학점 이내9학점 이상9학점 이상6학점부전공21학점6학점 이내6학점 이상3학점 이상6학점마이크로전공12학점3학점 이내-9학점 이상-2) 전공별 소개:http://www.jj.ac.kr/sc홈페이지의 전공별 안내자료 참고3) 이수 관련 문의: 교육혁신본부 융합교육지원센터(대학본관 228호 / 063-220-2824)3. 전공 현황 안내1) 7개 연계전공연계전공공공인재독서·논술교육벤처창업보육학일영멀티링구얼중국비즈니스중국어관광통역-2) 13개 융합전공융합전공경영법학국민연금글로컬콘텐츠제작드론라이프스타일기획보컬퍼포먼스스마트시티실감미디어일본AI탄소혁신리빙랩Food R&BD하림산학--3) 14개 마이크로융합전공 -이수기준([붙임2]) 확인마이크로융합전공지역문화콘텐츠글로벌역사문화관광레저서비스태권도문화산업로컬관광콘텐츠전북역사콘텐츠글로컬관광콘텐츠개발전북형콘텐츠창업첨단탄소산업모빌리티이차전지Food Tech첨단농생명Culinary & Food Service-4) 82개 마이크로전공- 이수제한 학과([붙임3]) 확인마이크로전공게임공학게임그래픽디자인게임기획공항서비스실무글로벌문화콘텐츠글로벌외식조리글로벌음식문화글로컬관광콘텐츠글로컬호텔객실서비스노인체육서비스데이터분석실무드론응용로봇메카트로닉스로컬문화실감미디어리빙랩디자인리빙랩외식컨설턴트마이스&이벤트플래닝메디푸드모빌리티반도체문화적도시재생문화콘텐츠기획방산소재배터리관리시스템선수트레이닝및재활세계외식조리소셜디자인소셜리빙랩실감미디어스마트농생명스마트팜분석스마트팜운영스마트팜응용스마트팩토리실무식품개발식품데이터분석식품신기술개발식품품질관리실감미디어기획실감미디어지산학협력실감미디어펀더멘털역사미디어스토리텔링영상콘텐츠마케팅영상콘텐츠제작영어플러스외식창업과뉴비즈니스외식창업및컨설팅우주항공부품설계이차전지모듈이차전지소재이차전지재활용인공지능기획일본어플러스장애인직업평가전기자동차전장부품제로하우스조리외식응용기술조선해양에너지시스템중국어플러스지능형특수목적모빌리티창업컨설턴트축제스토리텔링치유웰니스관광태권도비즈니스태권도선교푸드스토리텔링푸드콘텐츠디자인호남선교역사콘텐츠창작호텔객실서비스호텔경영지원호텔세일즈앤마케팅호텔식음료서비스호텔회계회계현장실무힐링레저관광서비스AI+금융AI+식품AI+일본어ESG경영F&B디자인개발Glocal태권도문화전파IT회계금융J-역사문화관광K-Food실무심화---4. 기타 안내1) 이수신청을 하지 않았더라도 관련 교과목의 수강신청이 가능하며,이수신청 전에 수강한 교과목도 인정 가능2) 마이크로전공 이수제한 학과([붙임3]참고) 학생은 해당 마이크로전공 신청 시 미승인 처리됨(단, 해당 학생이 마이크로전공 교육과정에 포함된 교과목을 12학점 이상 이수할 경우 마이크로전공 인증서 발급 가능)- 수퍼스타칼리지 융합학부 -",0.06119951,0.012239902,0.269277846,0.969929538,0.036719706,0,0.957689636,0
학사공지,770,770+학사지원실_점교류 실시 및 신청 안내(일반대학),2024학년도 동계 계절학기 학점교류 실시 및 신청 안내(일반대학),학사지원실,2024-10-14,1617,https://www.jj.ac.kr/jj/community/notice02.do?mode=view&articleNo=190565&article.offset=0&articleLimit=100,"국내 대학 간 학점교류 협정에 의거하여2024학년도 동계 계절수업 학점교류 학생을다음과 같이 접수하오니 관심 있는 재학생들의 많은 신청 바랍니다.순교류대학신청기한수학 안내문(대학명 클릭)신청자격1전북대10. 23.(수)전북대학교추천자 명단- 2학년 이상인 자- 2학기 이상 수료한 자- 직전 학기까지 총 평점평균 3.0이상인 자- 타대학 학점교류이수 후, 1학기 이상 본교 등록이 가능한 자(2025년 2월 졸업 예정자 신청 대상 제외)- 재학 중 최대 4개 학기 수학 가능2제주대10. 29.(화)제주대학교추천자 명단3울산대11. 5.(화)울산대학교추천자 명단4경남대11. 13.(수)경남대학교추천자 명단개설과목 및 수강신청 안내5계명대11. 27.(수)계명대학교추천자 명단6군산대10. 28.(월)군산대학교추천자 명단개설교과목7한남대11. 28.(목)한남대학교추천자 명단8아주대11. 25.(월)아주대학교희망자 명단아주Bb 사용법9호남대11. 26.(화)호남대학교추천자 명단10고려대11. 8.(금)고려대학교신청서추천자 명단도서관이용증 발급안내온라인 등록 안내- 3학년 이상인 자- 4학기(70학점) 이상 수료한 자- 직전 학기까지 총 평점평균 3.0이상인 자- 타대학 학점교류이수 후, 1학기 이상 본교 등록이 가능한 자(2025년 2월 졸업 예정자 신청 대상 제외)- 재학 중 최대 2개 학기 수학 가능11연세대11. 5.(화)연세대학교신청자 명단수강가능 교과목* 학점교류 협약 대학에서 학점 교류 안내 공문이 도착하면 해당 대학 자료를 추가로 업데이트 예정입니다.1. 신청방법: 제출 서류를 학과 사무실에 제출 /***홈페이지에 게시된 신청기한 엄수***- 학점교류 과목 이수계획서 작성 ->  소속 학과 조교에게 확인 -> 학과장 서명 -> 소속 학과 제출* 교류대학에서 이수하려는 교과목과 매칭되는 우리 대학의 동일(유사) 교과목이 없는 경우 공란으로 둔 후 소속 학과 조교 선생님께 기입 요청* 우리대학 학점인정 예정 과목은 학과 조교 선생님을 통해 해당 학과 또는 교양학부에서 확인 후 기입 필수2. 제출서류(붙임 양식 참조)가. 국내대학 학점교류 신청서 1부.나. 국내대학 학점교류 과목 이수 계획서 1부.3. 유의사항가. 교류대학별로 추천기한이 상이하여 신청기간이 다른 점을 유의하시기 바랍니다.(학생의 교류 수학 신청은 홈페이지에 게시된신청기한에 한합니다.)나. 붙임 자료의 수학 안내문이 없는 대학의 경우 해당 대학에서 공문이 발송되지 않은 것입니다.(안내문이 없는 대학으로의 학점교류는 접수하는 대로 공지할 예정임)다.이수 계획서에 기재된 과목이 아닌 다른 과목을 신청할 시에는 성적부여가 되지 않습니다.라.편입생 및2025년 2월 졸업예정자(2024-겨울 계절학기가마지막 학기인 학생)는 신청 대상에서 제외 됩니다.마. 학칙 및 대학 간 협약에 따라 취득한 학점은 학기당 16학점 이내로 인정하되, 졸업 학점의 2분의 1을 초과할 수 없습니다. (2015학번 이전은 18학점 이내)바. 우리 대학과 교류 대학 수강신청 학점의 합은 우리 대학 수강신청 제한 학점을 초과할 수 없습니다. (계절수업은 최대 6학점)사. 이수계획서 및 신청서에 오류가 있을 경우에는 학점 교류가 불가능하니 정확히 작성해주시기 바랍니다.아.교류 대학별 수강신청 방법이 상이하기 때문에 반드시 수강신청 관련 사항을 확인하시기 바랍니다.자. 교류 대학에서 이수하려는 교과목 중 우리 대학에서 학점인정 예정 과목으로 매칭되는 교과목이 없는 경우 우리 대학에서 생성한 '자유선택' 학점으로 학점이 부여 됩니다.차. 학점교류로 이수한 타 대학 성적은 인정하나 학점교류생은 다음 학기 성적 장학금 대상에서 제외됩니다.4. 관련 문의: 학사지원실(063-220-2083) 또는 학과 사무실붙임   1. 학점교류 신청서 및 교류대학 과목 이수계획서 1부.2. 수학대학 안내문 각 1부.",0.137638962,0.031762837,1.128277284,1.064751609,0.063525675,0,0.958875484,0
학사공지,769,757+학사지원실_ 성적 공개 및 확인(이의신청) 안내,2024학년도 하계 계절학기 성적 공개 및 확인(이의신청) 안내,학사지원실,2024-10-07,1142,https://www.jj.ac.kr/jj/community/notice02.do?mode=view&articleNo=190552&article.offset=0&articleLimit=100,"2024학년도 하계 계절학기 성적 공개 및 확인(이의신청)안내1.성적 확인 및 성적 이의신청가.성적 확인기간:7.17.(수)오전11시~ 7. 18.(목)오후3시까지※성적확인 기간 중 성적 정정 처리 업데이트 시간(오후1시~1시30분,오후5시~5시30분)에는 성적 확인 불가나.조회방법:inSTARor전주대포털 앱->학사관리->학기별성적 조회다.이의신청:inSTAR->학사관리-> '성적이의신청’을통해서만 이의신청 가능2.참고사항가. (중간,기말,과제 등)성적평가 영역별 상세 성적을 조회 가능나.합리적 사유가 없는 이의신청(장학금 및 재수강 등 개인적 사정 등에 호소)은 이의신청 사유에 해당되지 않으며,해당 내용으로 성적이의신청 시청탁금지법에 위배되며 근거 자료로 남을 수 있으니 유의하시기 바랍니다.다.2024학년도 하계 계절학기 성적을 포함한 성적증명서 발급은7월19일(금)오전11시 이후 발급가능하오니참조하시기 바랍니다.교 무 처 장",0,1.512738854,0,1.173036093,0.042462845,0,1.045647558,0
학사공지,768,718+학사지원실_점교류 실시 및 신청 안내(일반대학),2024학년도 1학기 학점교류 실시 및 신청 안내(일반대학),학사지원실,2024-10-01,2694,https://www.jj.ac.kr/jj/community/notice02.do?mode=view&articleNo=190513&article.offset=0&articleLimit=100,"국내 대학 간 학점교류 협정에 의거하여2024학년도 1학기 학점교류 학생을다음과 같이 접수하오니 관심 있는 재학생들의 많은 신청 바랍니다.순교류대학신청기한수학 안내문(대학명 클릭)신청자격1전북대1. 24.(수)전북대학교수강신청 안내추천자 명단- 2학년 이상인 자- 2학기 이상 수료한 자- 직전 학기까지 총 평점평균 3.0이상인 자- 타대학 학점교류이수 후, 1학기 이상 본교 등록이 가능한 자(2024년 8월 졸업 예정자 신청 대상 제외)- 재학 중 최대 4개 학기 수학 가능2제주대1. 22.(월)제주대학교추천자 명단3울산대1. 24.(수)울산대학교추천자 명단4경남대1. 22.(월)경남대학교추천자 명단5계명대1. 23.(화)계명대학교추천자 명단6군산대1. 24.(수)군산대학교추천자 명단7한남대2. 15.(목)한남대학교추천자 명단8아주대2. 8.(목)아주대학교희망자 명단아주Bb 사용법 안내9호남대10고려대1. 23.(화)고려대학교신청서추천자 명단도서관 이용증아이디 신청 안내- 3학년 이상인 자- 4학기(70학점) 이상 수료한 자- 직전 학기까지 총 평점평균 3.0이상인 자- 타대학 학점교류이수 후, 1학기 이상 본교 등록이 가능한 자(2024년 8월 졸업 예정자 신청 대상 제외)- 재학 중 최대 2개 학기 수학 가능11연세대2. 2.(금)연세대학교신청자 명단수강가능 교과목* 학점교류 협약대학에서학점 교류 안내 공문이 도착하면 해당 대학 자료를 추가로 업데이트 예정입니다.1. 신청방법: 제출서류를 학과 사무실에 제출 /***홈페이지에 게시된 신청기한 엄수***- 학점교류 과목 이수계획서 작성 ->  소속 학과 조교에게 확인 -> 학과장 서명 -> 소속 학과 제출* 교류대학에서 이수하려는 교과목과 매칭되는 우리 대학의 동일(유사) 교과목이 없는 경우 공란으로 둔 후 소속 학과 조교 선생님께 기입 요청2. 제출서류(붙임 양식 참조)가. 국내대학 학점교류 신청서 1부.나. 국내대학 학점교류 과목 이수 계획서 1부.3. 유의사항가. 교류대학별로 추천기한이 상이하여 신청기간이 다른 점을 유의하시기 바랍니다.(학생의 교류 수학 신청은 홈페이지에 게시된신청기한에 한합니다.)나. 붙임 자료의 수학 안내문이 없는 대학의 경우 해당 대학에서 공문이 발송되지 않은 것입니다.(안내문이 없는 대학으로의 학점교류는 접수하는 대로 공지할 예정임)다.이수 계획서에 기재된 과목이 아닌 다른 과목을 신청할 시에는 성적부여가 되지 않습니다.라.편입생 및2024년 8월 졸업예정자(2024-1학기가 마지막 학기인 학생)는 신청 대상에서 제외 됩니다.마. 학칙 및 대학 간 협약에 따라 취득한 학점은 학기당 16학점 이내로 인정하되, 졸업 학점의 2분의 1을 초과할 수 없습니다. (2015학번 이전은 18학점 이내)4. 관련 문의: 학사지원실(063-220-2083) 또는 학과 사무실붙임   1. 학점교류 신청서 및 교류대학 과목 이수계획서 1부.2. 수학대학 안내문 각 1부.",0.055517002,0.013879251,1.187696453,1.173817202,0.055517002,0,1.10442095,0
학사공지,767,781+학사지원실_2025학년도 1학기 재입학 안내,2025학년도 1학기 재입학 안내,학사지원실,2024-09-12,2024,https://www.jj.ac.kr/jj/community/notice02.do?mode=view&articleNo=190576&article.offset=0&articleLimit=100,"2025학년도 1학기 재입학 전형에 대해 다음과 같이 안내합니다.1. 신청대상: 자퇴, 휴학만기, 미등록 등의 사유로 제적된 자2. 제외대상(학칙 제13조 의거)가. 퇴학 등 징계처분으로 제적된 자나. 제적 후 1학기 이상 경과하지 않은 자예) 2024년 9월 제적(2024-2학기 제적자)→재입학 불가2024년 8월 제적(2024-1학기 제적자)→재입학 가능3. 선발인원: 158명(정원 내 139명, 정원 외 19명)※ 모집단위 별 모집인원은 재입학 모집요강 참조4. 전형방법 및 선발기준:신청자 수가 재입학 여석을 초과할 경우 선발 우선순위가. 총 취득학점이 많은 자나. 총 성적 평점평균이 높은 자5. 제출방법가. 제출서류: 재입학원서 1부(해당 게시글 첨부파일에서 다운로드 가능)나. 제출기간: 2025. 1. 6.(월) ~ 2. 4.(화) 12:00다. 제출처: 학사지원실(스타센터 234호)6. 전형일정구 분일 시(기 간)비 고신청서 접수2025. 1. 6.(월) ~ 2. 4.(화) 12:00접수처(학사지원실)수강신청2025. 2. 11.(화) ~ 2. 13.(목)재입학 탈락 및 미등록 시 수강 취소합격자 발표2025. 2. 17.(월) 15:00개별 통보합격자 등록기간2025. 2. 20.(목) ~ 2. 21.(금) 16:00학사일정에 따라변동 가능7.유의사항가. 제적 당시 학년 및 전공으로 재입학하는 것을 원칙으로 하며 제적 당시 학과(전공)가 구조조정 등으로폐지된 경우 동일 계열의 유사학과(전공)으로 선택하여 입학할 수 있음나. 합격 후 등록기간 내에 등록하지 않으면 재입학 승인을 취소함8. 문의처: 학사지원실(☎063-220-2083)2024. 12.교 무 처 장",0.023894863,0.023894863,0.023894863,0.262843489,0.167264038,0.047789725,1.746211407,0
학사공지,766,767+융합학부_합·마이크로전공 이수신청 안내(1차),2024학년도 2학기 연계·융합·마이크로전공 이수신청 안내(1차),융합학부,2024-08-30,1337,https://www.jj.ac.kr/jj/community/notice02.do?mode=view&articleNo=190562&article.offset=0&articleLimit=100,"2024학년도 2학기 연계‧융합‧마이크로전공 이수신청(1차)관련 안내합니다.재학생 여러분의 많은 관심과 신청 바랍니다.1. 신청 관련 안내1) 신청자격: 신(편)입학 후 2학기 이상 등록한 자2) 신청기간:9. 2.(월)~9. 18.(수)/ 매 학기 1~2주차, 12~13주차 진행3) 신청절차: inSTAR 신청 > 융합교육지원센터 승인(세부 신청방법은 첨부파일 참조)2. 전공 관련 안내1) 전공별 이수 기준구분복수(부)전공총이수학점주전공중복인정 학점융합교과목이수학점ⓐ참여전공이수학점ⓑ선택이수학점ⓐ or ⓑ연계전공복수전공36학점15학점 이내-21학점 이상-융합전공복수전공36학점12학점 이내9학점 이상9학점 이상6학점부전공21학점6학점 이내6학점 이상3학점 이상6학점마이크로전공12학점3학점 이내-9학점 이상-2) 전공별 소개:http://www.jj.ac.kr/sc홈페이지의 전공별 안내자료 참고3) 이수 관련 문의: 교육혁신본부 융합교육지원센터(대학본관 228호 / 063-220-2824)3. 전공 현황 안내1) 7개 연계전공연계전공공공인재독서·논술교육벤처창업보육학일영멀티링구얼중국비즈니스중국어관광통역-2) 13개 융합전공융합전공경영법학국민연금글로컬콘텐츠제작드론라이프스타일기획보컬퍼포먼스스마트시티실감미디어일본AI탄소혁신리빙랩Food R&BD하림산학--3) 80개 마이크로전공- 이수제한 학과([붙임2]) 확인 필요마이크로전공게임공학게임그래픽디자인게임기획공항서비스실무글로벌문화콘텐츠글로벌외식조리글로벌음식문화글로컬관광콘텐츠글로컬호텔객실서비스노인체육서비스데이터분석실무드론응용로봇메카트로닉스로컬문화실감미디어리빙랩디자인리빙랩외식컨설턴트마이스&이벤트플래닝메디푸드모빌리티반도체문화적도시재생문화콘텐츠기획방산소재배터리관리시스템선수트레이닝및재활세계외식조리소셜디자인소셜리빙랩실감미디어스마트농생명스마트팜분석스마트팜운영스마트팜응용스마트팩토리실무식품개발식품데이터분석식품신기술개발식품품질관리실감미디어기획실감미디어지산학협력실감미디어펀더멘털역사미디어스토리텔링영상콘텐츠제작영어플러스외식창업과뉴비즈니스외식창업및컨설팅우주항공부품설계이차전지모듈이차전지소재이차전지재활용인공지능기획일본어플러스장애인직업평가전기자동차전장부품제로하우스조리외식응용기술조선해양에너지시스템중국어플러스지능형특수목적모빌리티창업컨설턴트축제스토리텔링치유웰니스관광태권도비즈니스태권도선교푸드스토리텔링푸드콘텐츠디자인호남선교역사콘텐츠창작호텔객실서비스호텔경영지원호텔세일즈앤마케팅호텔식음료서비스호텔회계회계현장실무힐링레저관광서비스AI+금융AI+일본어ESG경영F&B디자인개발Glocal태권도문화전파IT회계금융J-역사문화관광K-Food실무심화4. 기타 안내1) 이수신청을 하지 않았더라도 관련 교과목의 수강신청이 가능하며,이수신청 전에 수강한 교과목도 인정 가능2) 마이크로전공 이수제한 학과([붙임2]참고) 학생은 해당 마이크로전공 신청 시 미승인 처리됨(단, 해당 학생이 마이크로전공 교육과정에 포함된 교과목을 12학점 이상 이수할 경우 마이크로전공 인증서 발급 가능)- 수퍼스타칼리지 융합학부 -",0.068166326,0.013633265,0.299931834,0.988043258,0.040899796,0,0.960776728,0
학사공지,765,766+학사지원실_2학기 출석인정(일반공결) 신청 안내,2024학년도 2학기 출석인정(일반공결) 신청 안내,학사지원실,2024-08-26,2323,https://www.jj.ac.kr/jj/community/notice02.do?mode=view&articleNo=190561&article.offset=0&articleLimit=100,"2024학년도 2학기 출석인정(일반공결) 신청 안내○ 신청자격 및 제출서류(학칙시행세칙 제16조)호출석인정사유신청 자격 및 인정기간신청기한제출서류비 고1호교육과정운영교육과정으로 운영하는 현장실습, 현장견학현장견학 또는 현장실습 학과 소속 학생결석시작일 전 1주일 내주관 학과 공문- 교내축제, 교내체육대회, 수학여행, 졸업여행,MT 등에 참가하는 경우 비대상- 학과에서 출전하는 공모전(대회)은 비대상국고사업의 공식행사사업단에서 주최한 행사 참여한 자〃주관 사업단 공문학교대표로 대회 참가학교 운동선수 또는 총장 결재를 받은 학교 대표〃관련 증빙서류홍보대사 학교행사 지원홍보대사〃관련 증빙서류2호법령에 의한 의무이행을 위하여 소집되거나 행사에 참석하는 경우예비군 훈련 참여, 군입대 시험 응시 등결석종료일다음 날부터 7일 이내예비군 훈련 확인증 또는 군입대 시험 응시 확인증재판으로 인한 법원 출석은 비대상3호본인의 상해나 질병병원에 입원한 자(입원기간), 동일한 상해나 질병으로 학기중 3회 이상의 정기적인 병원 진료를 받은자〃입퇴원확인서, 진단서,의사소견서 등 관련증빙서류진료예시) 대학병원 등의 진료로 진료일정을 환자가 변경할 수 없는 경우에 해당하는 상해나 질병4호민법 제779조에 따른 가족이 사망한 경우(외)조부모, 부모, 배우자, 자녀(공유일 포함 5일), 형제자매(공휴일 포함 3일)〃사망확인서 및 가족관계증명서가족관계증명서 없을 시 무효6호체육 및 비체육 특기자가 대회출전 및 훈련하는 경우체육 및 비체육 특기자(수업일수의 1/2 이내)결석시작일 전 1주일 내관련 증빙서류7호생리로 인하여 출석할 수없는 경우 (보건공결)여학생, 매월1회결석종료일다음 날부터 7일 이내제출서류 없음시험기간 제외, 전월 신청일로부터 20일 이내에 재신청 불가8호학생 본인 및 자녀가 결혼하는 경우본인 5일, 자녀 3일결석시작일 전 1주일 내청첩장 및 가족관계증명서9호그 밖에 총장이 불가피한 사유가 있다고 인정하여 허가한 경우---10호학생 본인 및 배우자가 출산하는 경우본인 21일, 배우자 7일결석종료일다음 날부터 7일 이내출생증명서 및 가족관계증명서<사유 신설>11호법정전염병의 의심 또는 확진으로 격리 조치가 필요한 경우법정전염병(코로나19 등)의확진자, 자가격리자〃의료기관 발급 의사소견서, 진료확인서, 진단서 중 1개 제출(격리기간 반드시 기재)○ 신청 시 유의 사항- 출석인정 기간:모든 사유를 합하여 출석인정 기간은 수업일수의1/3이내만 가능함(예) 주 1회 수업(15회수업)의 경우 보건공결 2회 사용 후 현장실습으로 4회 공결을 사용하고자 할 경우→ 수업일수 1/3이내(총5회)까지만 가능- 생리(보건)공결: 월 1회만 신청 가능(9월 중 기 사용시 동일월(9월)에 신청 불가)- 코로나19 관련 공결 신청:사유종료일(자가격리일) 다음날부터 입력 가능함(사전 입력 불가)※확진자 및 자가격리(통보)자외에는공결 불가- 수동감시 및 동거인(밀접접촉자) 확진 후 본인 음성판정자 등은 공결 대상 아님- 기말고사 시작일 이후 신청은 불가함- 원격강좌, 야간수업, 온라인(동영상) 강의는 출석인정 대상 과목이 아니므로 학생이 수강하여야 함(공결처리 되지 않음)-출석인정 신청자는 신청서 제출 즉시 교과목 담당교수에게 알려야 함-출석인정은 수업의 출석에 관한 사항을 인정하는 것이며, 성적에 관한 사항은 담당교수의 평가기준을 적용받는 것이므로 성적평가에 관한 사항은 담당교수의 기준에 따라야 함.○ 신청 방법1. 인스타(https://instar.jj.ac.kr/)에 로그인2. 학사관리→수강관리→출석인정신청→출석인정(일반)3. 「신규」버튼을 클릭한 후 신청구분에서 해당 사유 선택-  신청구분을 선택하면 우측에 상세 구분이 나타나므로 선택4. 결석일시: 해당사유로 처리해야 하는 시작일시부터 종료일시까지 입력-하나의 사유로 여러 번 신청하지 마세요. (3일의 경우: 시작일시: 2023-03-06 09:00 종료일시: 2023-03-09 20:00까지 한 건으로 입력)5. 신청 상세사유:해당 사유를 상세하게 입력 [신청 화면 참고]6. 신청절차입력자료 확인 후 ""저장""버튼 클릭→ ""출석인정요청서""의 ""출력""버튼 클릭하여 출력→ ""출석인정요청서""의 서명을 득한 후→ 소속학과 사무실에 증빙서류와 함께 제출 (질병, 전염병 및 가족 사망 사유인 경우 수업담당교수 서명 필)",0.103969754,0.094517958,0.009451796,1.232970471,0.018903592,0.056710775,1.223518675,0
학사공지,764,765+학사지원실_24학년도 2학기 1차 폐강과목 안내,2024학년도 2학기 1차 폐강과목 안내,학사지원실,2024-08-21,2660,https://www.jj.ac.kr/jj/community/notice02.do?mode=view&articleNo=190560&article.offset=0&articleLimit=100,"2024학년도 2학기 개설 강좌 중 수강인원 미달에 따른 폐강 과목을 다음과 같이 안내하오니해당 과목의 수강신청자는 아래 사항을 참고하여 수강신청을 정정하시기 바랍니다.1. 폐강과목 현황:첨부파일 참조- 폐강과목 수강신청 내역은 수강신청 정정 기간 중 일괄 삭제될 수 있습니다.폐강과목을 수강신청 한 재학생의 경우, 반드시해당 과목을 직접 삭제하시고다른 과목으로 수강신청변경하시기 바랍니다.2. 수강신청 정정기간: 8. 30.(금) 11:00~9. 7.(토) 18:003. 2차 폐강 일정 공고: 9. 4.(수) 15:00(예정_사정에 따라 변경될 수 있음.)4. 교양과목의 폐강은 수퍼스타칼리지 교양학부에서 별도 공지할 수 있습니다.5. 폐강 및 대체 수강 가능 과목 문의- 전공, 교직 등: 각 학과 사무실(담당 조교 선생님께 문의)- 교양강좌: 수퍼스타칼리지 교양학부(063-220-2009, 3097)붙임 2024학년도 2학기 1차 폐강 교과목 현황 1부.  끝.",0.409836066,0,0,0.286885246,0,0.040983607,1.509265859,0
학사공지,763,764+학사지원실_2학기 출석인정(취업사유) 신청 안내,2024학년도 2학기 출석인정(취업사유) 신청 안내,학사지원실,2024-08-20,1977,https://www.jj.ac.kr/jj/community/notice02.do?mode=view&articleNo=190559&article.offset=0&articleLimit=100,"2024학년도 2학기 출석인정(취업사유) 신청 안내1. 신청 대상-신청 학기 졸업예정자로서수강신청 학점을 포함하여 졸업이수 기준을 충족한 학생 중 취업자※ 신청 학기의 수강신청 학점을 포함하여 졸업이수 기준을 충족한 학생(계절학기 이수 예정 학점 포함)2. 신청 기간1) 1차 접수(최초 신청):2024. 9. 2.(월)~9. 13.(금) /개강1~2주차※ 1차 접수기간에 학생 신청 후, 학과(조교)에서 증빙서류 확인 후 접수 함※ 1차 접수기간 이후 취업자는 취업일 기준 2주 이내 신청 요망2) 2차 접수(재직 확인):2024. 11. 25.(월)~11. 29.(금) /학기13주차※ 2차 접수기간에 학생이 2차 서류 업로드 후, 학과(조교)에서 증빙서류 확인 후 2차 접수처리 됨3. 신청 방법 (세부사항 붙임 참조)가. 인스타 로그인 (https://instar.jj.ac.kr접속 → 학번/비밀번호 입력)나. 메뉴: 학사관리 → 왼쪽 메뉴 출석인정 → 출석인정신청(취업사유) 탭 → 신규 클릭하여 신청서 작성4. 출석인정(취업사유) 신청 절차 및 증빙서류: 세부사항 [붙임] 참조< 취업사유 출석사유 신청자 유의사항 >가. 취업사유 출석인정 신청자는 신청서 제출 즉시 교과목 담당교수에게 알려야 함나.1차 접수 후 매주 금요일 한주간의 출석이 일괄 처리되므로출결관리 앱에서 해당 과목의 출결상황을 확인하여야 함다. 2차(최종) 서류 제출은 13주에 제출하여 최종 출석인정 확인을 받아야 함라.2차접수 기간에 서류를 제출하지 않은 학생의 경우 출석을 하지 않은 기간 모두를 결석으로 처리함마. 중도퇴직자의 경우 퇴직시점까지만 출석이 인정되며, 퇴직 후 바로 학업에 복귀하여야 함바. 취업사유 출석의 인정은 출석과 관련된 사항이며,성적평가는 해당 교과목 담당교수의 평가기준에 따라야 함사. 출석인정사항 입력정보(취업일, 회사변경 등..) 수정 요청시 웹종합정보시스템에서 수정할 수 있음아.원격강좌 및 야간수업은 출석인정(취업사유) 대상 과목이 아니므로 학생이 지속적으로 수강하여야 함(공결처리되지 않음)- 교 무 처 장 -",0.117073171,0.058536585,1.366190076,1.366190076,0.03902439,0.03902439,1.424726661,0
학사공지,762,763+학사지원실_2023학년도 후기 학위수여 관련안내,2023학년도 후기 학위수여 관련안내,학사지원실,2024-08-08,1277,https://www.jj.ac.kr/jj/community/notice02.do?mode=view&articleNo=190558&article.offset=0&articleLimit=100,2023학년도 후기 학위수여식은 별도로 개최하지 않고졸업사정에  의거 졸업대상자는 학위증을 다음과 같이 배부하오니 단과대학 행정지원실에서 수령하시기 바랍니다.1. 학위수여일 :2024. 8. 14.(수)2. 학위수여식 실시 여부:별도 행사 없음3. 학위증 배부일시 :2024. 8. 14.(수) ~ 8. 20.(화)4. 학위증 배부장소:각 단과대학 행정지원실- 배부기간:2024. 8. 14.(수) ~ 8. 20.(화)- 학위증 미수령자는 추후 학사지원실에서 직접 수령5. 학위복 및 학위모 대여- 대여기간:2024. 8. 14.(수) ~ 8. 20.(화)6. 포토존 운영- 운영기간:2024. 8. 14.(수) ~ 8. 20.(화)7. 졸업증명서 발급: 2024. 8. 14.(수) 09:00부터8. 문의: 학사지원실(063-220-2083)2024. 8.교 무 처 장,0,0,1.984126984,0,0.185185185,0.046296296,1.428571429,0
학사공지,761,756+학사지원실_점교류 실시 및 신청 안내(일반대학),2024학년도 2학기 학점교류 실시 및 신청 안내(일반대학),학사지원실,2024-08-07,1586,https://www.jj.ac.kr/jj/community/notice02.do?mode=view&articleNo=190551&article.offset=0&articleLimit=100,"국내 대학 간 학점교류 협정에 의거하여2024학년도 2학기 학점교류 학생을다음과 같이 접수하오니 관심 있는 재학생들의 많은 신청 바랍니다.순교류대학신청기한수학 안내문(대학명 클릭)신청자격1전북대7. 17.(수)전북대학교신청자 명단수강신청 안내- 2학년 이상인 자- 2학기 이상 수료한 자- 직전 학기까지 총 평점평균 3.0이상인 자- 타대학 학점교류이수 후, 1학기 이상 본교 등록이 가능한 자(2024년 8월 졸업 예정자 신청 대상 제외)- 재학 중 최대 4개 학기 수학 가능2제주대7. 17.(수)제주대학교신청자 명단3울산대7. 23.(화)울산대학교추천자 명단4경남대7. 19.(금)경남대학교추천자 명단5계명대7. 22.(월)계명대학교추천자 명단6군산대7. 23.(화)군산대학교추천자 명단7한남대8. 13.(화)한남대학교추천자 명단8아주대8. 7.(수)아주대학교희망자 명단아주Bb 사용법 안내9호남대--10고려대7. 23.(화)고려대학교신청서추천자 명단도서관이용증 발급안내온라인 등록 및 포털 아이디 신청 안내- 3학년 이상인 자- 4학기(70학점) 이상 수료한 자- 직전 학기까지 총 평점평균 3.0이상인 자- 타대학 학점교류이수 후, 1학기 이상 본교 등록이 가능한 자(2024년 8월 졸업 예정자 신청 대상 제외)- 재학 중 최대 2개 학기 수학 가능11연세대8. 1.(월)연세대학교신청자 명단수강가능 교과목* 학점교류 협약대학에서학점 교류 안내 공문이 도착하면 해당 대학 자료를 추가로 업데이트 예정입니다.1. 신청방법: 제출서류를 학과 사무실에 제출 /***홈페이지에 게시된 신청기한 엄수***- 학점교류 과목 이수계획서 작성 ->  소속 학과 조교에게 확인 -> 학과장 서명 -> 소속 학과 제출* 교류대학에서 이수하려는 교과목과 매칭되는 우리 대학의 동일(유사) 교과목이 없는 경우 공란으로 둔 후 소속 학과 조교 선생님께 기입 요청* 우리대학 학점인정 예정 과목은 학과 조교 선생님을 통해 해당 학과 또는 교양학부에서 확인 후 기입 필수2. 제출서류(붙임 양식 참조)가. 국내대학 학점교류 신청서 1부.나. 국내대학 학점교류 과목 이수 계획서 1부.3. 유의사항가. 교류대학별로 추천기한이 상이하여 신청기간이 다른 점을 유의하시기 바랍니다.(학생의 교류 수학 신청은 홈페이지에 게시된신청기한에 한합니다.)나. 붙임 자료의 수학 안내문이 없는 대학의 경우 해당 대학에서 공문이 발송되지 않은 것입니다.(안내문이 없는 대학으로의 학점교류는 접수하는 대로 공지할 예정임)다.이수 계획서에 기재된 과목이 아닌 다른 과목을 신청할 시에는 성적부여가 되지 않습니다.라.편입생 및2024년 8월 졸업예정자(2024-2학기가 마지막 학기인 학생)는 신청 대상에서 제외 됩니다.마. 학칙 및 대학 간 협약에 따라 취득한 학점은 학기당 16학점 이내로 인정하되, 졸업 학점의 2분의 1을 초과할 수 없습니다. (2015학번 이전은 18학점 이내)바. 우리 대학과 교류 대학 수강신청 학점의 합은 우리 대학 수강신청 제한 학점을 초과할 수 없습니다. (계절수업은 최대 6학점)사. 이수계획서 및 신청서에 오류가 있을 경우에는 학점 교류가 불가능하니 정확히 작성해주시기 바랍니다.아.교류 대학별 수강신청 방법이 상이하기 때문에 반드시 수강신청 관련 사항을 확인하시기 바랍니다.자. 교류 대학에서 이수하려는 교과목 중 우리 대학에서 학점인정 예정 과목으로 매칭되는 교과목이 없는 경우 우리 대학에서 생성한 '자유선택' 학점으로 학점이 부여 됩니다.차. 학점교류로 이수한 타 대학 성적은 인정하나 학점교류생은 다음 학기 성적 장학금 대상에서 제외됩니다.4. 관련 문의: 학사지원실(063-220-2083) 또는 학과 사무실붙임   1. 학점교류 신청서 및 교류대학 과목 이수계획서 1부.2. 수학대학 안내문 각 1부.",0.118662352,0.03236246,1.22755251,1.19519005,0.064724919,0,1.065740212,0
학사공지,760,743+교육과정평가센터_에 따른 교원 피드백 학생 확인 안내,2024학년도 1학기 중간 강의평가에 따른 교원 피드백 학생 확인 안내,교육과정평가센터,2024-08-05,650,https://www.jj.ac.kr/jj/community/notice02.do?mode=view&articleNo=190538&article.offset=0&articleLimit=100,"2024-1학기 중간 강의평가 시, 학생이 입력한 내용에 대한 교원 피드백 작성 내용확인 기간을 다음과 같이 안내하오니 재학생 여러분께서는 피드백 내용을 확인하시기 바랍니다.1. 학생 확인기간: ~5. 12.(일)까지2. 교원 피드백 학생 확인 방법* 인스타(inSTAR) 로그인 → 학사관리 클릭 → ① 중간 강의평가 클릭",0.96978022,0.96978022,0,0,0,0,0.96978022,0
학사공지,759,759+학사지원실_2024학년도 2학기 수강신청 안내,2024학년도 2학기 수강신청 안내,학사지원실,2024-07-16,14433,https://www.jj.ac.kr/jj/community/notice02.do?mode=view&articleNo=190554&article.offset=0&articleLimit=100,"2024학년도 2학기 수강신청 기간을 다음과 같이 안내하오니재학생 여러분께서는 일정을 참고하여 수강신청하여 주시기 바랍니다.1.수강바구니기간: 2024. 7. 23.(화) 11:00~7. 25.(목) 17:00※ 수강바구니 기간 수강바구니 담기는 inSTAR(https://instar.jj.ac.kr)에서 가능합니다.( 인스타 로그인 - 수강신청 - 수강바구니)※ 수강바구니 기간 타학년/타학과 과목을 바구니에 담은 경우수강신청기간 수강신청 시 학년을 '전체'로 설정하고 조회해야 해당 과목이 조회되고 수강신청 가능합니다.※ 수강바구니 기간에는 '한국지역대학연합(RUCK) 과목'은 수강바구니 담기가 되지 않습니다.※ 수강바구니 기간에는 '학과학년제한'이 설정된 과목은 수강바구니 담기가 되지 않습니다.※ 수강바구니 이후 사정에 따라 '학과학년제한'이 되어 수강신청 기간에 신청하지 못하는 경우가 발생할 수 있습니다.이 경우 '학과학년제한'이 해제된 후 신청하여 주시기 바랍니다.2.장애및국제학생수강신청기간: 2024. 7. 30.(화) 11:00∼8. 1.(목) 17:00※ 수강신청 웹페이지 주소:https://sugang.jj.ac.kr-수강신청시웹브라우저를구글크롬(Chrome)또는마이크로소프트엣지(Edge)로접속권장3.재학생수강신청기간:  2024. 8. 6.(화) 11:00∼8. 8.(목) 17:00※수강신청기간동안홀짝구분없이전체재학생전체수강신청실시※ 수강신청 웹페이지 주소:https://sugang.jj.ac.kr-수강신청시웹브라우저를구글크롬(Chrome)또는마이크로소프트엣지(Edge)로접속권장※ 수강신청 방법 안내:수강신청 안내 동영상(https://bit.ly/3xTZlVr)참조 ('Youtube'에서 '전주대학교 수강신청'으로 검색)※ 수강신청 홈페이지 접속 지원 프로그램(넷퍼넬-다중접속제어솔루션) 운영으로접속대기자가 많을 경우 접속대기 메세지(붙임-예시 화면 참조)가 표시될수 있음※ 수강바구니 기간 타학년/타학과 과목을 수강바구니에 담은 경우수강신청 시 학년을 '전체'로 설정하고 조회해야 해당 과목이 조회되고 수강신청 가능합니다.※ 수강신청 기간에는 한국지역대학연합(RUCK)과목은 수강신청이 되지 않습니다.4.개인(팀)프로젝트수강신청-  개인(팀)프로젝트 수강신청은 기간은 8. 6.(화) 11:00∼8. 8.(목) 17:00로 일반 수강신청 기간과 동일함.※개인(팀)프로젝트포함수강신청제한학점을초과하지않도록유의※수강신청제한학점초과시개인(팀)프로젝트신청이취소될수있음5.폐강과목게시및안내-  1차: 8. 21.(수) 15:00-  2차: 9. 4.(수) 15:00※ 본교 홈페이지 공지사항(학사) 게시 및 안내 예정※ 폐강과목 수강 학생에게 개인별 안내 및 공지 없음※ 교양교과목은 별도 공지될 수 있음6.학과학년제한해제: 2024. 8. 30.(금) 11:00부터- 해제영역: 외국어, 인성, 의사소통, 소프트웨어, 채플, 기독교, 교직과목 및 일부 학과의 기초, 전공필수, 전공 선택 과목※ 일부 교양 및 학과 지정 일부 과목은 학과학년제한 해제에서 제외될 수 있음7.수강신청정정기간(폐강과목수강신청자포함): 2024. 8. 30.(금) 11:00∼9. 7.(토) 18:00※ 수강신청 정정 기간 수강신청 정정은inSTAR(https://instar.jj.ac.kr)에서 가능합니다.( 인스타 로그인 - 수강신청 - 수강신청)8.학점교류원격(RUCK포함)강좌수강신청:  2024. 8. 30.(금) 11:00∼9. 7.(토) 18:00※ 직전학기 평점평균 3.0 이상인 경우 수강신청 가능(개설강좌는붙임파일추후공지참조)※ RUCK 강좌 수강신청은 inSTAR(https://instar.jj.ac.kr)에서 가능합니다.( 인스타 로그인 - 수강신청 - 수강신청)※개설강좌확정되면붙임파일업데이트예정9.수강취소기간: 9. 9.(월) 11:00∼9. 11.(수) 18:00※ 수강신청 취소 기간 수강취소 신청은 inSTAR(https://instar.jj.ac.kr)에서 가능합니다.( 인스타 로그인 - 학사관리 - 수강신청내역/수강취소        ***수강신청 메뉴와 다름***)※ 수강신청 취소는 최대 6학점(6학점을 초과하여 수강취소 불가능) 범위 내에서 가능합니다.10.개설교과목수업계획서(시간표)확인: 2024. 7. 12.(금)부터※ 인스타 로그인 -> 학사관리 -> 수업계획서(개설강좌) 조회 -> 학과선택 -> 조회(수업계획서 및 수업 시간표는 수강신청 편람 아닌 인스타에서 확인 가능하며, 학과 사정에 따라 개강 전 수업 시간표가 변동될 수 있습니다.)11.기타주의사항안내※ 2024년 2월 졸업을 희망하는(2학기가 마지막 이수 학기) 재학생 께서는 졸업이수요건 필수과목(논문, 전공필수, 교양필수 과목 등)을 미이수한 경우,기간 내 반드시 수강신청하여 주시기 바랍니다.12.문의전화- 교양과목(수퍼스타칼리지 교양학부): 220-3097(핵심, 자유교양, 소프트웨어), 2009(외국어, 인성, 의사소통)- 교직과목(사범대학 교육학과): 220-2346- 채플&기독교과목(선교지원실): 220-2423, 2737,3149- 수강신청시스템 및 기타문의(학사지원실): 220-2134, 2083, 2417붙 임 1. 2024-2학기 수강신청FAQ 자료1부.2. 수강신청 접속 대기화면 자료 1부.3. 교양학점 확인 방법 안내 자료 1부.4. 2024-2학기 학점교류(RUCK 포함) 원격강좌 개설 교과목 안내(수정 중)  끝.",1.99382716,0,0.074822297,1.889075945,0.022446689,0.014964459,1.634680135,0
학사공지,758,758+실감미디어혁신융합대학사업단_청 안내(실감미디어혁신융합대학사업단),2024학년도 2학기 학점교류 실시 및 신청 안내(실감미디어혁신융합대학사업단),실감미디어혁신융합대학사업단,2024-07-15,1307,https://www.jj.ac.kr/jj/community/notice02.do?mode=view&articleNo=190553&article.offset=0&articleLimit=100,"실감미디어혁신융합대학 간 학점교류 협정에 의거하여 2024학년도 2학기 학점교류 학생을다음과 같이 접수하오니 관심 있는 재학생들의 많은 신청 바랍니다.순교류대학추천기한수학안내문(대학명 클릭)신청자격1건국대학교2024. 8. 13.(화)건국대학교추천자 명단- 타대학 학점교류 이수 후, 1학기 이상 본교 등록이 가능한 자(2024년 8월 졸업예정자 신청 대상 제외)- 본교와 학술교류 협정을 체결한 대학 학생으로서 소속 대학교 총장의 추천을 받은 학생2경희대학교2024. 7. 26.(금)경희대학교추천자 명단신청 매뉴얼통합ID 등록 매뉴얼3계명대학교2024. 7. 31.(수)계명대학교추천자 명단4계원예술대학교2024. 8. 7.(수)계원예술대학교신청자 명단개인정보 수집 동의서5배재대학교2024. 8. 1.(목)배재대학교대상 교과목희망자 명단신청서6중앙대학교2024. 7. 19.(금)중앙대학교신청자 명단개인정보동의서*학점교류 협약대학에서학점 교류 안내 공문이 도착하면 해당 대학 자료를 추가로 업데이트 예정입니다.1. 신청방법: 제출서류를 실감미디어혁신융합대학사업단에 제출 /***홈페이지에 게시된 신청기한 엄수***- 학점교류 과목 이수계획서 작성 ->학과장 서명 -> 사업단 제출* 교류대학에서 이수하려는 교과목과 매칭되는 우리 대학의 동일(유사) 교과목이 없는 경우 공란으로 둔 후 사업단 선생님께 기입 요청* 우리대학 학점인정 예정 과목은 사업단 선생님을 통해 해당 학과 또는 교양학부에서 확인 후 기입 필수2. 제출서류(붙임 양식 참조)가. 국내대학 학점교류 신청서 1부.나. 국내대학 학점교류 과목 이수 계획서 1부.3. 유의사항가. 교류대학별로 추천기한이 상이하여 신청기간이 다른 점을 유의하시기 바랍니다.(학생의 교류 수학 신청은 홈페이지에 게시된신청기한에 한합니다.)나. 붙임 자료의 수학 안내문이 없는 대학의 경우 해당 대학에서 공문이 발송되지 않은 것입니다.(안내문이 없는 대학으로의 학점교류는 접수하는 대로 공지할 예정임)다.이수 계획서에 기재된 과목이 아닌 다른 과목을 신청할 시에는 성적부여가 되지 않습니다.라.편입생 및2024년8월 졸업예정자(2024-1학기가 마지막 학기인 학생)는 신청 대상에서 제외 됩니다.마. 학칙 및 대학 간 협약에 따라 취득한 학점은 학기당 16학점 이내로 인정하되, 졸업 학점의 2분의 1을 초과할 수 없습니다. (2015학번 이전은 18학점 이내)바. 우리 대학과 교류 대학의 수강신청 학점의 합은 우리 대학 수강신청 제한 학점을 초과할 수 없습니다. (계절수업은 최대 6학점)사. 이수계획서 및 신청서에 오류가 있을 경우에는 학점 교류가 불가능하니 정확히 작성해주시기 바랍니다.아.교류 대학별 수강신청 방법이 상이하기 때문에 반드시 수강신청 관련 사항을 확인하시기 바랍니다.자. 교류 대학에서 이수하려는 교과목 중 우리 대학에서 학점인정 예정 과목으로 매칭되는 교과목이 없는 경우 우리 대학에서 생성한 '자유선택' 학점으로 학점이 부여 됩니다.차. 학점교류로 이수한 타 대학 성적은 인정하나 학점교류생은 다음 학기 성적 장학금 대상에서 제외됨4. 관련 문의: 사업단(063-220-2988) 또는 학사지원실(063-220-2083)붙임 1. 학점교류 신청서 및 교류대학 과목 이수계획서 1부.2. 수학대학 안내문 각 1부.",0.123839009,0.037151703,1.016183507,0.979031804,0.074303406,0,0.842808894,0
학사공지,757,762+학사지원실_년도 후기 졸업사정 결과 확인(수정),2023학년도 후기 졸업사정 결과 확인(수정),학사지원실,2024-07-08,1526,https://www.jj.ac.kr/jj/community/notice02.do?mode=view&articleNo=190557&article.offset=0&articleLimit=100,"2023학년도 후기(2024년 8월 졸업) 졸업대상자의 최종졸업사정 결과를 다음과 같이 안내하오니 졸업대상자는 결과를 확인하시기 바랍니다.1. 졸업사정 결과 확인 방법: 인스타(inSTAR) - 학사관리 - 졸업관리 - 졸업예정자 졸업사정확인※ PC에서 확인하는 것을 권장2. 확인 및 이의신청가. 기간: 2024. 8. 5.(월) ~ 8. 7.(수)나. 이의신청내용: 복수전공, 부전공, 교직 누락여부, 학사학위취득유예 여부다. 확인사항1) 합격가) 단일전공자 합격나) 다전공자 합격※ 다전공자는 주전공과 다전공 모두 합격해야 졸업 합격(주전공과 다전공 중 불합격한 전공이 있는 경우 졸업 불합격)다) 학사학위취득 유예 신청자2) 불합격※ 다전공자는 주전공과 다전공 모두 합격해야 졸업 합격(주전공과 다전공 중 불합격한 전공이 있는 경우 졸업 불합격)3. 졸업사정 안내사항가. 불합격(탈락자)의 경우 불합격 사유를 확인하시기 바랍니다.- 각 학과 문의 또는 졸업이수기준 정보조회(inStar > 학사관리 > 졸업관리)에서 확인나. 학사학위취득유예 신청자 중 졸업을 희망하는 자는 '학사학위취득유예 포기신청서'를 24. 8. 30.(금)까지 제출하시기 바랍니다.4. 문의사항- 졸업사정 결과 관련 문의: 각 학과- 시스템 관련 문의: 학사지원실(063-220-2083)2024. 8.교 무 처 장",0,0,1.780711825,0.149253731,0.059701493,0,0.208955224,0
학사공지,756,752+학사지원실_2024학년도 2학기 재입학 안내,2024학년도 2학기 재입학 안내,학사지원실,2024-06-24,1769,https://www.jj.ac.kr/jj/community/notice02.do?mode=view&articleNo=190547&article.offset=0&articleLimit=100,"2024학년도 2학기 재입학 전형에 대해 다음과 같이 안내합니다.1. 신청대상: 자퇴, 휴학만기, 미등록 등의 사유로 제적된 자2. 제외대상(학칙 제13조 의거)가. 퇴학 등 징계처분으로 제적된 자나. 제적 후 1학기 이상 경과하지 않은 자예) 2024년 3월 제적(2024-1학기 제적자)→재입학 불가2024년 2월 제적(2023-2학기 제적자)→재입학 가능3. 선발인원: 304명(정원 내 285명, 정원 외 19명)※ 모집단위 별 모집인원은 재입학 모집요강 참조4. 전형방법 및 선발기준:신청자 수가 재입학 여석을 초과할 경우 선발 우선순위가. 총 취득학점이 많은 자나. 총 성적 평점평균이 높은 자5. 제출방법가. 제출서류: 재입학원서 1부(해당 게시글 첨부파일에서 다운로드 가능)나. 제출기간: 2024. 7. 8.(월) ~ 8. 1.(목) 12:00다. 제출처: 학사지원실(스타센터 234호)6. 전형일정구 분일 시(기 간)비 고신청서 접수2024. 7. 8.(월) ~ 8. 1.(목) 12:00접수처(학사지원실)수강신청2024. 8. 6.(화) ~ 8. 8.(목)재입학 탈락 및 미등록 시 수강 취소합격자 발표2024. 8. 12.(월) 15:00개별 통보합격자 등록기간2024. 8. 14.(수) ~ 8. 16.(금) 16:00학사일정에 따라변동 가능7.유의사항가. 제적 당시 학년 및 전공으로 재입학하는 것을 원칙으로 하며 제적 당시 학과(전공)가 구조조정 등으로폐지된 경우 동일 계열의 유사학과(전공)으로 선택하여 입학할 수 있음나. 합격 후 등록기간 내에 등록하지 않으면 재입학 승인을 취소함8. 문의처: 학사지원실(☎063-220-2083)2024. 6.교 무 처 장",0.023980815,0.023980815,0.023980815,0.263788969,0.167865707,0.047961631,1.746813076,0
학사공지,755,753+학사지원실_ 성적 공개 및 확인(이의신청) 안내,2024학년도 1학기 성적 공개 및 확인(이의신청) 안내,학사지원실,2024-06-24,3983,https://www.jj.ac.kr/jj/community/notice02.do?mode=view&articleNo=190548&article.offset=0&articleLimit=100,"2024학년도 1학기 성적 공개 및 확인(이의신청) 안내1. 성적 확인 및 성적 이의신청가. 성적 확인기간 및 이의신청:  6. 28.(금) 오전 11시 ~ 7. 4.(목) 오후 3시까지※강의평가 미응답한 경우, 6. 29.(토)부터 성적 확인 가능함※성적확인 기간 중 성적 정정 처리 업데이트 시간(업무일 오후 1시~1시30분, 오후 5시~5시30분 / 주말X)에는 성적 확인 불가나. 조회방법:  inSTAR or 전주대 포털 앱 -> 학사관리 -> 학기별 성적 조회다.이의신청:  inSTAR  -> 학사관리 -> '성적이의신청’을 통해서만 이의신청 가능2. 참고사항가. (중간, 기말, 과제 등) 성적평가 영역 별 상세 성적을 조회 가능나.합리적 사유가 없는 이의신청(장학금 및 재수강 등 개인적 사정 등에 호소)은 이의신청 사유에 해당되지 않으며,해당 내용으로 성적이의신청 시청탁금지법에 위배되며 근거 자료로 남을 수 있으니 유의하시기 바랍니다.다.2024-1학기 성적을 포함한 성적증명서 발급은 7월 8일(월) 오전 11시 이후 발급 가능하오니 참조하시기 바랍니다.교 무 처 장",0.036101083,1.587319495,0,1.262409747,0.036101083,0,1.118005415,0
학사공지,754,751+학사지원실_절수업 출석인정(취업사유) 신청 안내,2024학년도 하계 계절수업 출석인정(취업사유) 신청 안내,학사지원실,2024-06-19,763,https://www.jj.ac.kr/jj/community/notice02.do?mode=view&articleNo=190546&article.offset=0&articleLimit=100,"2024학년도 하계 계절수업 출석인정(취업사유) 신청 안내1. 접수기간:2024. 7. 1.(월) ~ 7. 5.(금)2. 대상자: 2023학년도 후기(2024년 8월) 졸업예정자 중 취업자※ 하계 계절수업 이수학점을 포함하여 졸업기준을 충족한 경우 포함3. 신청 방법:학생포털서비스(inSTAR)를 통한 온라인 신청※ 신청방법 및 제출서류는 1학기와 동일(관련 게시물 바로가기)4. 유의사항가. inSTAR 등록 후 출석인정요청서를 출력하여 교과목 담당교수님께 확인을득한 후, 행정실에 제출해야 신청이 완료됨나. 원격 및 야간강좌는 출석인정(취업사유) 대상 과목이 아님※원격 및 야간강좌는 정상 수강해야 함교 무 처 장",1.197275347,0,1.254912235,1.254912235,0,0,1.13963846,0
학사공지,753,769+학사지원실_2월) 조기졸업 신청 안내  (수정),2024학년도 전기(2025년 2월) 조기졸업 신청 안내  (수정),학사지원실,2024-06-09,1653,https://www.jj.ac.kr/jj/community/notice02.do?mode=view&articleNo=190564&article.offset=0&articleLimit=100,"2024학년도 전기(2025년 2월 졸업) 조기졸업 신청을 다음과 같이 안내 하오니 대상 학생들은 신청하여 주시기바랍니다.1. 신청기간:2024. 9. 2.(월) ~ 9. 11.(수)2. 신청방법구분신청 방법비고조기졸업 신청inSTAR → 학사관리 → 조기졸업 신청* 단과대학 확인: JUIS → 학사 → 학적 → 조기졸업 신청관리조기졸업 포기신청신청서 접수 → 학과장 및 학장 결재 → 학사지원실에 공문 제출3. 신청대상구분신청자격일반학과2015학번 이전○ 5학기 이상 수료하고 6학기 등록을 필한 자로서 119학점 이상 취득하고,총 평점평균이 4.0 이상인자2016학번 이후○ 5학기 이상 수료하고 6학기 등록을 필한 자로서 112학점 이상 취득하고,총 평점평균이 4.1 이상인자* 간호학과 2016~2022학번은 취득학점 119학점 이상미래융합대학○ 5학기 이상 수료하고 6학기 등록을 필한 자로서 105학점 이상 취득하고,총 평점평균이 4.1 이상인자4. 참고사항가. 조기졸업 요건구분졸업요건일반학과2015학번 이전○ 3학년(6학기)이상 등록하고, 총 140학점 이상을 취득한 자로서,해당 학과(전공)의 졸업기준을 충족한 자* 건축학과(2013학번 이전): 160학점○ 총 평점평균이 4.0이상인 자2016학번 이후○ 3학년(6학기)이상 등록하고, 총 130학점 이상을 취득한 자로서,해당 학과(전공)의 졸업기준을 충족한 자* 간호학과 2016~2022학번은 취득학점 140학점 이상○ 총 평점평균이 4.1이상인 자미래융합대학○ 3학년(6학기)이상 등록하고, 총 120학점 이상을 취득한 자로서,해당 학과(전공)의 졸업 기준을 충족한 자○ 총 평점평균이 4.1이상인 자나. 조기졸업 탈락 시, 다음 학기 정규등록을 하여야 하며 성적장학금 수혜 대상에서 제외됨다. 조기졸업 신청을 취소하고자 하는 경우는 신청학기 기말고사 시작 전(2024. 12. 6.(금))까지 조기졸업 포기 신청서를 작성하여각 단과대학 행정지원실에 제출하여야 하며, 이 경우에는 성적장학금 수혜대상에 포함됨라. 조기졸업 이후라도 착오 또는 부정한 방법으로 조기졸업을 하게된 경우에는 조기졸업을 취소할 수 있음5. 문의처: 학사지원실(063-220-2083)2024. 9.교 무 처 장",0,0.054644809,2.362189627,1.190202282,0.127504554,0,0.880548365,0
학사공지,752,761+학사지원실_/K-MOOC 학점 인정  신청 안내,2024-2학기 특별학점/K-MOOC 학점 인정  신청 안내,학사지원실,2024-06-08,1790,https://www.jj.ac.kr/jj/community/notice02.do?mode=view&articleNo=190556&article.offset=0&articleLimit=100,"2024-2학기 특별학점/K-MOOC 학점 인정 신청 안내1.  K-MOOC 학점인정가. 신청대상: 정규학기 내 재학생*8학기(건축학기 10학기) 초과 이수자 신청 불가나. 인정범위:강좌당 1학점,한 학기 최대 3학점까지 인정하며 수강신청 학점에 포함, 재학 중 최대 9학점 인정(재학 중 수강한 강좌만 인정함)1) K-MOOC 교과목 인정 이수기간:2024. 7. 1.~2024. 12. 31.기간 이수한 강좌에 한함2) 유의사항:K-MOOC 교과목은 수강제한 학점에 포함되오니 2024-2학기 수강제한학점을 고려하여 신청다. 강좌 이수 방법:http://www.k-mooc.kr접속 -> 회원가입 및 로그인 -> 과목 수강라. K-MOOC 학점인정 신청기간: 2024. 11. 25.(월)~2025. 1. 3.(금)마. 성적 인정 과목 및 등급1) 과목명 및 이수구분: 교과목은 K-MOOC로 표기하고, 이수구분은 교양선택2) 성적부여: PASS 표기3) 성적확인방법: 2025. 1. 10.(금) 이후  2024-2학기 성적내역에서 확인바. 학점 인정 신청 방법1) 인스타(inStar) 로그인 -> 학사 관리 -> 특별학점/K-MOOC 인정 신청2) 제출서류: 이수증 스캔본2. 특별학점가. 신청대상: 정규학기 내 재학생1) 2019학번까지: 기존 특별학점제(외국어, 소프트웨어) 신청 및 인정 가능2)2020학번부터:특별학점제 신청 및 인정 제외3) 특별학점 신청 제외 대상자- 2024학년도 2학기 포함 8학기(건축학과 10학기) 초과 이수자- 졸업기준 학점(외국어 및 정보화)이 없는 국제학생 및 편입생나. 인정범위1)외국어 및 정보화(외국어3/정보화4)범위에서 재수강 처리만 인정/(F학점 제외)(2018학년도부터 순수(신규)학점인정 처리하지 않음)2)2015학번부터는79점 이하(C+이하)의 성적만 재수강 처리 가능함3) 성적인정 시기: 2024학년도 하계 계절학기 성적에 합산 처리다. 접수기간: 2024. 11. 25.(월) ~ 2025. 1. 3.(금)라. 성적확인: 2025. 1. 10.(목) 이후 2024-3학기 성적내역에서 확인마. 유의사항1) 특별학점으로 재수강 처리 받고자 하는 과목은 2024-2학기에 수강신청하지 않아야 함※기존에 이수한 과목 중에서 특별학점으로 재수강 처리 가능2) 특별학점 인정 자격증은 재학 기간 내에 취득한 자격증에 한함3) 이전에 특별학점으로 인정받은 자격증은 중복하여 인정되지 않음4) 입학 전 취득한 자격증으로는 특별학점 신청을 할 수 없음",0.145748988,0.145748988,2.169564182,1.125267921,0,0,1.044296261,0
학사공지,751,736+학사지원실_24학년도 1학기 수강취소 기간 안내,2024학년도 1학기 수강취소 기간 안내,학사지원실,2024-06-03,1707,https://www.jj.ac.kr/jj/community/notice02.do?mode=view&articleNo=190531&article.offset=0&articleLimit=100,"2024학년도 1학기 수강과목의 수강취소에 대하여 다음과 같이 안내하오니수강신청한 과목의 수강취소를 희망하는 재학생은 해당 공지 내용을 참조하여 기간 내 취소하여 주시기  바랍니다.1. 취소 방법:학생포털웹서비스(inSTAR) -> 학사관리 ->  수강신청내역/수강취소(***수강신청 메뉴와 다름***)=> 수강 취소 희망 교과목 수강취소(삭제) 신청2. 취소기간: 2024. 3. 11.(월) 11:00∼3. 13.(수) 18:00까지3. 수강취소 시 주의사항가. 최대 6학점 이내에서 수강취소 가능(6학점을 초과하여 수강취소 불가)나. 수강취소 처리 완료 후, 이를 번복하여 수강취소 신청 취소 (복구)불가다. 수강취소 처리 완료 후, 다른 과목으로 대체하여 수강신청 불가라.장학규정에 의한 교내 성적장학생 선발 기준이 학기별 이수 기준이 12학점 이상 취득자 이므로수강취소 신청 시 이에 유의하여 취소 요망교 무 처 장",0.216450216,0.043290043,0.12987013,0.303030303,0.086580087,0,1.564088086,0
학사공지,750,735+학사지원실_24학년도 1학기 2차 폐강과목 안내,2024학년도 1학기 2차 폐강과목 안내,학사지원실,2024-06-03,1633,https://www.jj.ac.kr/jj/community/notice02.do?mode=view&articleNo=190530&article.offset=0&articleLimit=100,"2024학년도 1학기 개설 강좌 중 수강인원 미달에 따른 폐강 과목을 다음과 같이 안내하오니해당 과목의 수강신청자는 아래 사항을 참고하여 수강신청을 정정하시기 바랍니다.1. 폐강과목 현황:첨부파일 참조- 폐강과목 수강신청 내역은 일괄 삭제될 수 있습니다.폐강과목을 수강신청 한 재학생의 경우, 반드시해당 과목을 직접 삭제하시고다른 과목으로 수강신청변경하시기 바랍니다.2. 수강신청 정정기간: 2. 29.(목) 11:00~3. 9.(토) 18:003. 폐강 및 대체 수강 가능 과목 문의- 전공, 교직 등: 각 학과 사무실(담당 조교 선생님께 문의)- 교양강좌: 수퍼스타칼리지 교양학부(063-220-2009, 3097)붙임 2024학년도 1학기 2차 폐강 교과목 현황 1부. 끝.",0.472440945,0,0,0.31496063,0,0,1.461828141,0
학사공지,749,725+학사지원실_학년도1학기 신/편입생 수강신청 안내,2024학년도1학기 신/편입생 수강신청 안내,학사지원실,2024-06-02,13797,https://www.jj.ac.kr/jj/community/notice02.do?mode=view&articleNo=190520&article.offset=0&articleLimit=100,"1.수강신청 기간:  2024. 2. 28.(수) 14:00∼2. 29.(목) 09:002.수강신청 방법신청방법전주대학교 inSTAR(학생포털)에서 진행  / 사전에 학번 확인 필수https://instar.jj.ac.kr/신청방법 동영상홈페이지-입학정보-신(편)인생 대학생활 길잡이-수강신청 안내(https://youtu.be/TD_VLKkFTe8)비 고신입생 일부 기본과목(기초,전공,교필 등)은 수강신청 되어 있음<인스타-수강신청 내역에서 확인>3. 문의가. 전공: 각 학과사무실(https://bit.ly/2T0DIRr)클릭 후 학과 사무실 확인나. 교양: 220-3097(핵심, 자유교양, 소프트웨어), 2009(외국어, 인성, 의사소통)다. 채플 및 기독교 교과목: 2423, 2737, 3149라. 교직: 220-2346(교육학과)마. 시스템: 220-2134(학사지원실)",1.472727273,0,0,2.718181818,0.045454545,0,1.245454545,0
학사공지,748,726+학사지원실_회 안내(2.22.(목) 11시부터),[재공지] 2024학년도 신(편입생) 학번 조회 안내(2.22.(목) 11시부터),학사지원실,2024-06-02,12971,https://www.jj.ac.kr/jj/community/notice02.do?mode=view&articleNo=190521&article.offset=0&articleLimit=100,"2024학년도 신(편)입생 여러분의 입학을 진심으로 축하합니다.전주대학교가 여러분의 도전과 꿈을 항상 응원하겠습니다.우리 대학에서는 학생 여러분이 학업에 집중할 수 있도록 최선의 노력을 다하고 있습니다.2024학년도 신(편)입생의 학번 조회 방법을 다음과 같이 안내하오니,본인의 학번을 꼭 확인하시기 바랍니다.✦학번공개일시:2024. 2. 22.(목) 11:00 ~1.공개대상자: 2024. 2. 21.(수) 기준 신/편입학 등록완료자(추가 모집 등록자의 경우 등록일 다음날 부터 조회가능)2.사이트:전주대 홈페이지→인스타(inSTAR:https://instar.jj.ac.kr/)3.인스타 사이트에서'아이디찾기'클릭↓4.성명/생년월일,학과 선택 후'학번검색'클릭5.입력 자료의 인증이 끝나면 오른쪽 화면과 같이 학번이 조회됩니다.6.조회가 완료되면 학번을 학인 후사진 등록및비밀번호 재설정을 꼭 진행하여 주시기 바랍니다.(필수)[참고]각종 증명서는(인터넷 및 학생서비스센터에서) 신(편)입생 입학일(3.4.(월)) 이후부터 발급 가능합니다.학사지원실",0,0,0,0.839791174,0.037523452,0,1.341871278,0
학사공지,747,748+학사지원실_24-2학기 복학 및 휴학 신청 안내,2024-2학기 복학 및 휴학 신청 안내,학사지원실,2024-05-29,4679,https://www.jj.ac.kr/jj/community/notice02.do?mode=view&articleNo=190543&article.offset=0&articleLimit=100,"2024학년도 2학기 복학 및 휴학 신청 안내1복학 신청1.복학 신청 주요사항 안내구 분내 용대 상■ 일반휴학 및 군휴학 후, 휴학기간 만료(예정)인 자 (2024-2학기 복학예정자)■ 휴학기간이 남아있으나 조기 복학을 희망하는 자신청 기간■2024. 6. 23.(일)~2024. 10. 5.(토), 개강 후 5주 이내※ 수강바구니(2024. 7. 23.(화)~7. 25.(목))전 복학 권장신청 방법■ inSTAR(인스타) 홈페이지 학사관리 메뉴에서 직접 신청 (인스타 입력 방법 붙임 참고)처리 절차■ 인스타 로그인 → 학사관리 메뉴 → 복학신청 →신청 즉시 복학 처리됨증빙 서류■ 일반휴학 후 복학자: 증빙서류 없음■군휴학 후 복학자: 전역증 또는 전역 확인 증명서(①~③ 중 1부)를 온라인으로 첨부① 병적증명서(병무청 발급)② 복무확인서(부대/근무처 발급)③ 병역사항 기재된 초본(주민센터 발급)※ 군 전역일 전 수강신청을 위해 우선 복학 신청하여도 무방함(증명서 추후 학과에 제출)2.복학자 수강신청 안내구 분내 용신청기간■ 수강바구니 신청 기간: 2024. 7. 23.(화) ~ 7. 25.(목)■ 수강신청 기간: 2024. 8. 6.(화) ~ 8. 8.(목)■ 수강신청 정정 기간: 2024. 8. 30.(금) ~ 9. 7.(토)※ 수강신청 기간 후에 복학하는 경우: 복학 신청 후 인스타에서 수강신청 가능함(세부사항 학과 사무실 문의)수강신청방법■ 인스타 로그인 → 학사관리 메뉴 → 수강신청※ 복학 신청이 완료되어야 수강바구니 기간에 수강 희망과목 담기 가능기타사항■ 수강신청 기간에 홀,짝수 구분 없이 동시 진행함!(2021-2학기부터 적용됨)■복학 예정자의 경우 가급적 수강바구니 전일(2024. 7. 22.)까지 복학 신청을 완료하여 수강바구니를 통해 수강 희망과목을 수강할 수 있도록 준비하여 주시기 바랍니다.3. 등록금 납부[1] 등록금 고지서 출력: 인스타로그인 → 수강신청 메뉴 → 등록금 고지서- 등록금 납부기간 공지 전 복학한 경우:등록금고지서가 아직 조회되지 않음(8월 말 재확인 바람)- 등록금 납부기간 공지 후 복학한 경우 : 복학 즉시 등록금 고지서 조회 및 출력, 납부 가능[2] 등록금 납부기간 내 가상계좌로 납부-납부 기간 : 2024. 8월 말 경(일정변경 가능, 추후 홈페이지 확인 요망)[3] 안내사항-휴학 전에 등록금을 미리 납부한 경우에는 복학학기 등록금 납부 대상이 아님(휴학 전 납부한 등록금이 이월되어 복학 후 첫 학기 등록금으로 자동 처리)2휴학 신청1. 일반휴학 신청 주요사항 안내가.일반 휴학구 분내 용대 상(휴학사유)■ 질병: 4주 이상 출석할 수 없는 자 (4주 이상 치료 진단서)■ 창업: 창업 또는 기존사업체를 경영하려는 자(사업자등록증 또는 법인등기부등본 사본)■ 임신·출산·육아: 임신, 출산, 육아로 인한 휴학이 필요한 자(진단서, 가족관계 증명서)■ 기타 사유: 자기개발, 가계곤란, 천재지변, 돌발사고, 장애학생 등(증빙서류 없음)휴학 기간■ 1년 단위(2학기) 휴학 신청 (※ 1년 휴학 신청하였어도, 6개월 뒤 복학 신청 가능함)신청 기간2024. 6. 23.(일) ~2024. 10. 5.(토), 개강 5주차(수업일수 1/3)까지, 질병휴학(수업일수 2/3)까지접수 방법■ inSTAR(인스타) 홈페이지에서 휴학신청 입력 후 학과사무실 방문 접수 (인스타 입력방법 붙임 참고)※인스타로그인 (학사관리 메뉴)→ 휴학신청 입력 → 신청서 출력→ 학과 사무실 방문(CA 및 지도교수 또는 학과장 상담) 제출※ 인스타입력은 상시 가능,신청서 제출은 접수기간만 가능(긴급한 경우 학과 상담 요망, 미래융합대학만 토요일접수가능)주의사항■신·편입생 및 재입학생의 입학 첫 학기는 휴학 불가(단, 병역, 질병, 임신출산육아 제외)■휴학 가능 학기 소진 시 일반휴학신청 불가(단, 병역,창업,임신출산육아,특별휴학기간은 미산입)※ 일반휴학가능 학기 수: 신입학생 8개 학기, 재입학 및 3학년 편입생 4개 학기, 4학년 편입생 2개 학기접수 기간1차2024. 6. 24.(월) ~ 6. 29.(금) 1주간등록금 미납자는5차까지만신청 가능2차2024. 7. 15.(월) ~ 7. 19.(금) 1주간3차2024. 8. 12.(월) ~ 8. 23.(금) 2주간4차2024. 9. 19.(목) ~ 9. 25.(수) 1주간5차2024. 10. 1.(월) ~10.6.(토), 개강 5주 차6차2024. 10. 14.(월) ~ 10. 19.(토), 개강 7주 차등록금 납부자만 가능나. 병역(군입대)휴학구 분내 용대 상■ 군입대 예정인 자 ■ 군복무 연장 예정인 자신청기간■ 군입대 전.군입대일 1주일 전부터만 신청 가능함(입영일이 확정되지 않은 경우 일반휴학신청 후 군휴학으로 변경)신청방법■inSTAR(인스타) 홈페이지에서 군휴학 신청 후 학과사무실 방문 접수(인스타 입력방법 붙임 참고)처리절차■ 인스타 로그인 → 학사관리 메뉴 → 군휴학신청서 작성 → 신청서 출력→ 학과 사무실 방문(CA 및 지도교수 또는 학과장 상담) 및 제출→ 접수완료증빙서류■ 병역의무 이행 증빙서류 1부.(입영통지서, 사회복무요원 소집 통지서 등)2.휴학 변경 안내가. 일반휴학 → 군휴학 변경구 분내 용대 상■ 일반휴학 후 군입대 사유로 군휴학으로 변경하려는 자신청기간■ 군입대 전(군 입대일 1주일 전부터만 신청 가능함)신청방법■inSTAR(인스타) 홈페이지에서군휴학을 신규로 신청처리절차■ 인스타로그인 →학사관리 메뉴:휴학신청→군휴학신청서작성 → 신청서 출력→ 학과 사무실 방문(CA 및 지도교수 또는 학과장 상담)및 제출 →접수완료증빙서류■ 병역의무 이행 증빙서류 1부(입영통지서, 사회복무요원 소집 통지서 등)주의사항■ 군휴학으로변경하지 않고 입대한 경우 해당학기 일반휴학으로처리됨※ 이미입대하여 본인이 신청할 수 없는 경우,가족의 대리 신청 가능(학과 사무실 문의)나. 군휴학 → 일반휴학 변경구 분내 용대 상 자■ 전역 후, 복학 예정학기에 복학하지 않고 일반 휴학을 신청하려는 자신청기간■ 전역 후, 복학 예정학기 개강일 전까지신청방법■inSTAR(인스타) 홈페이지에서먼저 복학신청후일반휴학을 신규로 신청※ 인스타입력은 상시 가능,신청서 제출은 접수기간만 가능처리절차■ 인스타로그인 →학사관리 메뉴:복학신청(→즉시 복학처리 완료됨)→인스타재로그인→학사관리 메뉴:휴학신청→일반휴학신청작성 → 신청서 출력→ 학과 사무실 방문(CA 및 지도교수 또는 학과장 상담)및 제출 →접수완료증빙서류■군휴학후 복학 시 전역증또는 전역 확인 증명(①~③ 중 1부)를 온라인으로첨부※ 증명 유형: ① 병적증명서(병무청 발급) ② 복무확인서(부대/근무처 발급)③ 병역사항(전역일)이 기재된 초본(주민센터/온라인 발급 가능)※ 군 전역일 전 수강신청을 위해 우선 복학 신청하여도 무방함(증명서 추후 학과에 제출)주의사항■ 인스타에서 먼저 복학신청을 처리해야 신규 일반휴학신청이 가능함■ 일반 휴학의 경우 신입생의 경우 최대 8개 학기(4년)까지만일반휴학신청이 가능함(3학년 편입생의 경우 최대 4개 학기까지 휴학 신청 가능함)3.휴학 연장 안내구 분내 용대 상■ 일반휴학(1년 단위) 기간 만료 후, 휴학을 연장하려는 자■ 병역의무 만료 복학 예정자 중 일반휴학을 신청하려는 자신청기간■ 휴학 만료 학기 수업종료일부터 복학 학기 개시 이전까지(복학 학기 수업일수 1/3 이내에 휴학 연장 신청 가능함)신청방법■inSTAR(인스타) 홈페이지에서먼저 복학신청후일반휴학을신규로 신청※ 인스타입력은 상시 가능,신청서 제출은 접수기간만 가능(접수기간은 “1. 일반유학 신청 안내”참고)처리절차■ 인스타로그인 →학사관리 메뉴:복학신청(→즉시 복학처리 완료됨)→인스타재로그인→학사관리 메뉴:휴학신청→일반휴학신청작성 → 신청서 출력→ 학과 사무실 방문(CA 및 지도교수 또는 학과장 상담)및 제출 →접수완료주의사항■ 인스타에서 먼저 복학신청을 처리해야 신규 일반휴학신청이 가능함(인스타복학신청 입력 시 즉시 처리됨, 복학신청서는 학과 제출 불필요)■ 일반 휴학의 경우 신입생의 경우 최대 8개 학기(4년)까지만일반휴학신청이 가능함(3학년 편입생의 경우 최대 4개 학기까지 휴학 신청 가능함)3기타 사항1.개인정보 수정 안내가. 대상자: 개인정보(주소, 핸드폰 연락처 등)가 변경된 재학생 및 휴학생나. 수정방법: 인스타 → 개인정보 수정 클릭 → 개인정보 수정 후 저장다. 유의사항- 학사 관련 업무 발생 시 연락할 수 있도록 개인정보를 업데이트하여야 합니다.- 학부모 알리미 서비스 이용 희망시 학부모 휴대폰을 등록(수정)할 수 있습니다.( 학부모알리미 서비스 페이지:https://instar.jj.ac.kr/?mode=jjpa)2.관련 문의: 담당자(☎063-220-2135, 2417), 학과사무실 연락처(별도 파일 참조)3.온라인 휴복학 상담 문의: 카카오톡에서 “전주대휴복학도우미”검색하여 채널 추가교무처 학사지원실",0.069188192,0,0.004612546,4.904740895,0.055350554,0.046125461,1.590325686,0
학사공지,746,747+학사지원실_ 안내 (전과 변경 내용 확인 필수),2024학년도 2학기 전과 및 전공선택 안내 (전과 변경 내용 확인 필수),학사지원실,2024-05-24,4605,https://www.jj.ac.kr/jj/community/notice02.do?mode=view&articleNo=190542&article.offset=0&articleLimit=100,"2024학년도 2학기 전과 및 전공선택 안내1. 전과 및 전공선택 구분가. 전과: 학과(전공), 학부(전공), 계열 → 다른 학과(전공)나. 전공선택1) 학부학생: 현재 학부 내에서 전공선택2) 계열학생: 현재 계열 내에서 학과(전공) 선택2. 전과※ 전과 변경사항구분변경 전변경 후비고신청 자격2학년 이상 신청 가능입학 후 다음 학기부터 신청 가능사범대학 및 보건계열 학과는기존과 동일전과 정원모집단위별 입학정원의 30%인원 제한 없음전과 전형학과별 전형 고사 실시전과 전형 폐지가. 신청 자격 및 확인사항1) 신청 자격: 전과 신청에 별도의 지원 자격 없음2) 허용 범위: 학칙이 허용하는 범위 내에서 전과 가능*전과는 재학생만 신청 가능(휴학생은 복학 후에 신청하여야 함)나. 신청 방법1) 학생포털서비스(inSTAR) → 학사관리 → 전과/전공선택에서 신청서 작성 후 저장2) 신청서를 출력하여 현재 학과(전공) 및 전과 신청 학과(전공) 소속 교수에게 상담 후 확인 서명3) 신청서를 스캔하여 학생포털서비스(inSTAR)에 업로드*업로드 한 신청서가 식별이 어려울 경우 전과 신청이 취소 됨학생포털서비스(inSTAR)⇨전출학과(전공)⇨전입학과(전공)⇨학생포털서비스(inSTAR)· 전과 신청서 작성소속 교수와상담 후확인 서명소속 교수와상담 후확인 서명신청서 업로드· 신청서 출력3. 전공선택가. 전공선택 자격 및 확인 사항1) 신청 자격: 전공선택에 별도의 지원 자격 없음2) 확인 사항가) 계열 및 통합모집 입학생: 신입학 후 다음 학기 시작 전(2학기 전공선택)에 실시나) 학부 입학생: 각 학부에서 정한 전공선택 시기에 진행(별도 안내)나. 전공선택 및 변경 방법1) 전공선택 방법: 학생포털서비스(inSTAR) → 학사관리 → 전과/전공선택에서 전공선택 후 저장2) 전공선택 변경가) 전공선택 기간 내에는 변경 가능,기간 종료 후에는 변경 불가능나) 기간 종료 후 변경을 원하는 경우 다음 학기 전과를 통해 학과(전공)를 변경하여야 함4. 전과 및 전공선택 시행 일정구분일자내용전과 신청 및 전공선택2024. 6. 3.(월) ~ 7. 1.(월)결과 안내2024. 7. 4.(목) 15:00 이후등록금 납부추후 공지수강 신청2024. 8. 6.(화) ~ 8. 8.(목)5. 유의사항◦ 추후 안내를 위해 신청서 및 학생포털서비스(inSTAR)에 본인의 연락처를 정확히 기재하여야 함.◦전과 및 전공선택은 신청자별로1개의 모집단위에 한하여 신청하되,전과 횟수는 제한하지 않음.◦ 전과는 매 학기 시행하되 사범대학 및 보건계열학과(간호학과, 물리치료학과, 방사선학과, 보건관리학과, 작업치료학과)의 전과는 1학기에만 모집함.◦ 미래융합대학에서 그 외 단과대학으로의 전과는 불가함.◦ 장학금 포기: 전과할 경우 장학규정 제6조에 의거, 2024학년도 2학기 성적장학금 혜택을 받지 못함.◦ 전과 합격자는 지정된 등록기간 내에(최초 등록기간) 전입학과 기준으로 등록금을 납부하여야 하며,  지정 기간 내 등록금 미납부시 합격이 취소됨.(이 경우 2024학년도 2학기 성적장학금을 수혜 받지 못 함.)◦ 교직이수자가 전과 할 경우 교직이수가 취소됨.◦ 전과 포기: 전과를 확정 받은 학생이 전과를 취소하고자 하는 경우에는 전과 확정 후 다음 학기 시작일 전까지 전과 포기 신청서를 제출하여야 함.◦ 전과 및 전공선택을 한 학생은 전입한 학과의 교육과정 이수기준에 따른 교과목을 이수하고 졸업기준을 충족하여야 함.따라서 전과 및 전공선택을 한 학생은 졸업학점 취득을 위하여 초과 학기를 등록할 수도 있음.◦ 전과 및 전공선택 이전 학과에서 이수한 교과목은 전과한 학과의 교과목으로 인정하지 않음.다만, 전입학과에서 운영하는 교과목과 동일하거나 유사한 교과목으로 인정받은 경우, 전과 및 전공선택 한 학과에서 이수한 것으로 인정할 수 있음.6. 문의사항- 학사지원실: (063)220-2083붙임  1. 2024학년도 2학기 전과 및 전공선택 모집요강 1부.2. 전과 및 전공선택 매뉴얼(학생용) 1부.  끝.교 무 처 장",0.050684237,0.020273695,0.030410542,0.334515966,0.152052712,0.010136847,1.611034682,0
학사공지,745,746+학사지원실_024학년도 하계 계절수업 운영 안내,2024학년도 하계 계절수업 운영 안내,학사지원실,2024-05-23,4576,https://www.jj.ac.kr/jj/community/notice02.do?mode=view&articleNo=190541&article.offset=0&articleLimit=100,"2024학년도 하계 계절수업을 다음과 같이 운영하고자 하오니 관심있는 재학생들의 많은 신청바랍니다.1. 계절수업 운영 일정구 분기 간비 고수강신청5. 28.(화) 11:00~5. 31.(금) 18:00인스타(inSTAR)-수강신청폐강과목 공고6. 5.(수) 15:00본교 홈페이지 학사게시판 공고폐강과목 수강신청 정정기간6. 7.(금) 11:00∼18:00수업료납부(등록기간)6. 12.(수)~14.(금)고지서 출력(6. 10.(월) 오후 11시 부터 가능)우리은행 영업시간 내 납부가능수강취소6. 17.(월) 11:00~7. 4.(목)17:00- 미등록 시 수강신청내역은 일괄 취소처리함- 등록 후, 수강취소 시 환불기준에 의거 환불 조치함- 수강취소 방법: inSTAR 로그인-학사관리-수강신청내역/취소-수강신청리스트에서 수강취소 과목 선택 후 저장계절수업 기간6. 24.(월)~7. 12.(금)- 원격중심수업은 온라인으로 진행- 기말시험 수업시간표 시간에 대면시험 참석하여야 함성적 확인 및 이의신청 기간7. 17.(수)11:00~18.(목) 15:00- 성적확인 기간 중 성적 정정 처리 업데이트 시간(오후 1시~1시30분, 오후 5시~5시30분)에는성적 확인 불가- 이의신청:  inSTAR  -> 학사관리 -> '성적이의신청’을 통해서만 이의신청 가능-합리적 사유가 없는 이의신청(장학금 및 재수강 등 개인적 사정 등에 호소)은 이의신청 사유에해당되지 않으며,해당 내용으로 성적이의신청 시청탁금지법에 위배되며 근거 자료로 남을수 있음* 등록금 고지서(납부확인서) 출력: inSTAR-장학/등록-등록관리-등록금 고지서/납부확인서(출력)2. 수강신청 학점: 최대 6학점 이내(2015학번 이전 최대 9학점 이내)* 수강신청방법: 인스타(inSTAR) 로그인 -수강신청 - 수강신청 메뉴에서 수강 희망과목 선택 및 저장* 원격중심 수업: 최대 3학점 이내(야간교육과정 재학생 최대 6학점 이내)- 전체학기:  2015학번 까지 42학점, 2016학번부터 32학점 이내 수강 가능*원격중심 수업은 출석인정(취업사유)을 제출한 학생인 경우도 사이버캠퍼스에서 수업을 정상수강해야 함(취업사유로 인한 출석인정 해당사항 없음)3. 수업방식가.대면수업 원칙/원격중심수업은 온라인으로 진행나. 기말시험은 대면평가를 원칙으로 함- 원격수업 중 대면시험 과목이 있을 수 있음[교과목 개설 현황 참조]다. 계절수업 수강생은 수업 방식 및 수업 시간표를 사전에 확인하여 수업 참석 요망4. 평가(성적산출)방법: 정규학기와 동일5. 수업료: 1학점 당 80,000원6. 개설과목: 붙임 자료 참조7. 등록금 환불기준사유 발생 시기반환 금액비고개강 전전액 환불개강 후 수업일 수1/3 이내 (2024. 6. 30.(일) 까지)납입금2/3 반환개강 후 수업일 수2/3 이내 (2024. 7. 7.(일) 까지)납입금1/3 반환개강 후 수업일 수2/3 초과 (2024. 7. 8.(월) 부터)반환하지 않음취소 불가8. 유의사항가. 등록일자 엄수 요망:등록기간 내  등록금을 납부하지 않은 자의 수강신청 내역은 무효 처리함나.2024-1학기에 기 수강한 과목과 동일과목을 수강한 경우 해당 수강 내역은 수강취소처리 함다. 채플 과목은 8학기 이상 이수자(건축학과 10학기 이상) 중, 채플미이수한 재학생만 수강신청 가능함라. 수강신청 정정신청은 최초 수강신청 후, 폐강과목을 수강신청 한 재학생에 한하여 가능함마. 사회봉사 과목 수강신청 방법:inSTAR 로그인-학사관리-사회봉사 교과목-교과목 신청(※자세한 사항: 사회봉사센터 홈페이지 수강신청 관련 게시물 참조)9. 계절수업 관련 문의처가. 교양과목: 수퍼스타칼리지 교양학부 220-2009, 3097나. 융합전공: 수퍼스타칼리지 융합학부 220-2821, 2823다. 채플: 선교지원실 220-2423라. 수업료 납부 및 환불: 재무지원실 220-3110마. 원격강좌 수업: 원격교육지원센터 220-2402바. 사회봉사 과목 수강 신청 및 취소: 사회봉사센터 220-4697사. 계절수업 수강신청 및 취소: 학사지원실 220-2134붙임 2024학년도 하계 계절수업 개설 교과목 현황(게시용) 1부. 끝.",1.864618682,0.127701375,0.098231827,0.392927308,0.049115914,0.068762279,1.481514556,0
학사공지,744,745+학사지원실_ 학생 사진 등록 및 변경 방법 안내,inSTAR 학생 사진 등록 및 변경 방법 안내,학사지원실,2024-05-14,1000,https://www.jj.ac.kr/jj/community/notice02.do?mode=view&articleNo=190540&article.offset=0&articleLimit=100,전체 학생의 inSTAR에 등록되어 있는 학생 사진의 등록 및 변경 방법 안내 입니다.- 신/편입생의 경우 학번조회시 사진을 등록할 수 있도록 하였습니다.- 학번조회시 등록하지 못했다면 인스타(http://instar.jj.ac.kr)에 로그인해서 변경 및 등록이 가능합니다.- 사진이 등록되어 있지 않은 학생은 학생증 발급이 불가합니다.* 자세한 내용은 첨부파일을 참고하시기 바랍니다.학사지원실,0,0,0,1.741741742,0.09009009,0,2.492492492,0
학사공지,743,744+융합학부_합·마이크로전공 이수신청 안내(2차),2024학년도 1학기 연계·융합·마이크로전공 이수신청 안내(2차),융합학부,2024-05-13,1553,https://www.jj.ac.kr/jj/community/notice02.do?mode=view&articleNo=190539&article.offset=0&articleLimit=100,"2024학년도 1학기 연계‧융합‧마이크로전공 이수신청(2차)관련 안내합니다.재학생 여러분의 많은 관심과 신청 바랍니다.1. 신청 관련 안내1) 신청자격: 신(편)입학 후 2학기 이상 등록한 자2) 신청기간:5. 20.(월)~6. 2.(일)/ 매 학기 1~2주차, 12~13주차 진행3) 신청절차: inSTAR 신청 > 융합교육지원센터 승인(세부 신청방법은 첨부파일 참조)2. 전공 관련 안내1) 전공별 이수 기준구분복수(부)전공총이수학점주전공중복인정 학점융합교과목이수학점ⓐ참여전공이수학점ⓑ선택이수학점ⓐ or ⓑ연계전공복수전공36학점15학점 이내-21학점 이상-융합전공복수전공36학점12학점 이내9학점 이상9학점 이상6학점부전공21학점6학점 이내6학점 이상3학점 이상6학점마이크로전공12학점3학점 이내-9학점 이상-2) 전공별 소개:http://www.jj.ac.kr/sc홈페이지의 전공별 안내자료 참고3) 이수 관련 문의: 교육혁신본부 융합교육지원센터(대학본관 228호 / 063-220-2821~4)3. 전공 현황 안내1) 7개 연계전공연계전공공공인재독서·논술교육벤처창업보육학일영멀티링구얼중국비즈니스중국어관광통역-2) 15개 융합전공융합전공경영법학국민연금글로컬콘텐츠제작대물차량손해사정드론라이프스타일기획보컬퍼포먼스사회적경제스마트시티실감미디어일본AI탄소혁신리빙랩Food R&BD하림산학3) 77개 마이크로전공- 이수제한 학과([붙임2]) 확인 필요마이크로전공게임공학게임그래픽디자인게임기획공항서비스실무글로벌문화콘텐츠글로벌외식조리글로벌음식문화글로컬관광콘텐츠글로컬호텔객실서비스노인체육서비스데이터분석실무드론응용로봇메카트로닉스로컬문화실감미디어리빙랩디자인리빙랩외식컨설턴트마이스&이벤트플래닝메디푸드모빌리티반도체문화적도시재생문화콘텐츠기획방산소재배터리관리시스템선수트레이닝및재활세계외식조리소셜디자인소셜리빙랩실감미디어스마트농생명스마트팜분석스마트팜운영스마트팜응용스마트팩토리실무식품개발식품데이터분석식품신기술개발식품품질관리실감미디어기획실감미디어펀더멘털역사미디어스토리텔링영상콘텐츠제작영어플러스외식창업과뉴비즈니스외식창업및컨설팅우주항공부품설계이차전지모듈이차전지소재이차전지재활용인공지능기획일본어플러스장애인직업평가전기자동차전장부품제로하우스조리외식응용기술조선해양에너지시스템중국어플러스지능형특수목적모빌리티창업컨설턴트축제스토리텔링치유웰니스관광태권도비즈니스태권도선교푸드스토리텔링푸드콘텐츠디자인호남선교역사콘텐츠창작호텔객실서비스호텔경영지원호텔세일즈앤마케팅호텔식음료서비스호텔회계힐링레저관광서비스AI+금융AI+일본어ESG경영F&B디자인개발Glocal태권도문화전파J-역사문화관광K-Food실무심화---4. 기타 안내1) 이수신청을 하지 않았더라도 관련 교과목의 수강신청이 가능하며,이수신청 전에 수강한 교과목도 인정 가능2) 마이크로전공 이수제한 학과([붙임2]참고) 학생은 해당 마이크로전공 신청 시 미승인 처리됨(단, 해당 학생이 마이크로전공 교육과정에 포함된 교과목을 12학점 이상 이수할 경우 마이크로전공 인증서 발급 가능)- 수퍼스타칼리지 융합학부 -",0.06844627,0.013689254,0.301163587,0.988771112,0.041067762,0,0.961392604,0
학사공지,742,780+학사지원실_규 자동증명발급기 설치 및 위치 안내,신규 자동증명발급기 설치 및 위치 안내,학사지원실,2024-05-12,1481,https://www.jj.ac.kr/jj/community/notice02.do?mode=view&articleNo=190575&article.offset=0&articleLimit=100,새로운 자동증명발급기 설치가 완료되었습니다.졸업생 및 재학생 여러분의 편리한 증명서 발급을 위해 더욱 노력하도록 하겠습니다.□ 설치장소- 학생서비스센터: 정면 입구 1대- 학생회관: 학생식당 앞 1대□ 증명발급 관련 문의- 학생서비스센터: 063-220-2135,0,0,0.136054422,0,0,0,1.363636364,0
학사공지,741,750+학사지원실_수업 폐강과목 및 수강신청 정정 안내,2024학년도 하계 계절수업 폐강과목 및 수강신청 정정 안내,학사지원실,2024-05-06,2142,https://www.jj.ac.kr/jj/community/notice02.do?mode=view&articleNo=190545&article.offset=0&articleLimit=100,"2024학년도 하계 계절수업 폐강과목을 다음과 같이 공고하오니폐강과목 수강신청자는 아래 사항을 참고하여 수강신청을 정정하여 주시기 바랍니다.1.폐강 과목:총 28개 과목(붙임 파일 참조)2.폐강과목 수강신청 정정기간: 6. 7.(금) 11:00부터~ 18:00까지※수강신청 정정기간 이후 수강신청 정정 불가3.유의사항가.폐강과목 수강 신청 정정 방법:인스타-수강신청-수강과목 삭제/신청나.수강신청 정정 기간 내 폐강 과목 미변경 시 수강신청 포기로 간주함-정정기간 폐강과목을 수강 정정하지 않는 경우 일괄 수강 취소 처리 함4.폐강과목 관련 문의가.교양과목:교양학부(063-220-2009, 3097)나.기타과목:학사지원실(063-220-2134)교 무 처 장",2.251192369,0,0,1.422893482,0.054054054,0,1.044515103,0
학사공지,740,741+학사지원실_0주년 기념 휴일 및 대체보강일 안내,개교 60주년 기념 휴일 및 대체보강일 안내,학사지원실,2024-04-26,2683,https://www.jj.ac.kr/jj/community/notice02.do?mode=view&articleNo=190536&article.offset=0&articleLimit=100,"2024학년도 개교 60주년 기념 휴일 및 대체보강일을 다음과 같이 안내하오니 참고하시기 바랍니다.◇ 2024학년도 1학기 휴업일 및 대체보강일 지정☞ 기말시험: 대체보강일은 정상 수업일로 출결에 포함되며, 이를 포함한 마지막 수업일에 기말고사 실시☞  2024-1학기 종강일: 6. 21.(금)교  무  처  장",1.768181818,0.227272727,0,0,0,0.113636364,1.313636364,0
학사공지,739,740+학사지원실_점교류 실시 및 신청 안내(일반대학),2024학년도 하계 계절학기 학점교류 실시 및 신청 안내(일반대학),학사지원실,2024-04-19,2096,https://www.jj.ac.kr/jj/community/notice02.do?mode=view&articleNo=190535&article.offset=0&articleLimit=100,"국내 대학 간 학점교류 협정에 의거하여2024학년도 2학기 학점교류 학생을다음과 같이 접수하오니 관심 있는 재학생들의 많은 신청 바랍니다.순교류대학신청기한수학 안내문(대학명 클릭)신청자격1전북대- 2학년 이상인 자- 2학기 이상 수료한 자- 직전 학기까지 총 평점평균 3.0이상인 자- 타대학 학점교류이수 후, 1학기 이상 본교 등록이 가능한 자(2024년 8월 졸업 예정자 신청 대상 제외)- 재학 중 최대 4개 학기 수학 가능2제주대3울산대4경남대5계명대6군산대7한남대8아주대9호남대10고려대- 3학년 이상인 자- 4학기(70학점) 이상 수료한 자- 직전 학기까지 총 평점평균 3.0이상인 자- 타대학 학점교류이수 후, 1학기 이상 본교 등록이 가능한 자(2024년 8월 졸업 예정자 신청 대상 제외)- 재학 중 최대 2개 학기 수학 가능11연세대* 학점교류 협약대학에서학점 교류 안내 공문이 도착하면 해당 대학 자료를 추가로 업데이트 예정입니다.1. 신청방법: 제출서류를 학과 사무실에 제출 /***홈페이지에 게시된 신청기한 엄수***- 학점교류 과목 이수계획서 작성 ->  소속 학과 조교에게 확인 -> 학과장 서명 -> 소속 학과 제출* 교류대학에서 이수하려는 교과목과 매칭되는 우리 대학의 동일(유사) 교과목이 없는 경우 공란으로 둔 후 소속 학과 조교 선생님께 기입 요청* 우리대학 학점인정 예정 과목은 학과 조교 선생님을 통해 해당 학과 또는 교양학부에서 확인 후 기입 필수2. 제출서류(붙임 양식 참조)가. 국내대학 학점교류 신청서 1부.나. 국내대학 학점교류 과목 이수 계획서 1부.3. 유의사항가. 교류대학별로 추천기한이 상이하여 신청기간이 다른 점을 유의하시기 바랍니다.(학생의 교류 수학 신청은 홈페이지에 게시된신청기한에 한합니다.)나. 붙임 자료의 수학 안내문이 없는 대학의 경우 해당 대학에서 공문이 발송되지 않은 것입니다.(안내문이 없는 대학으로의 학점교류는 접수하는 대로 공지할 예정임)다.이수 계획서에 기재된 과목이 아닌 다른 과목을 신청할 시에는 성적부여가 되지 않습니다.라.편입생 및2025년 2월 졸업예정자(2024-2학기가 마지막 학기인 학생)는 신청 대상에서 제외 됩니다.마. 학칙 및 대학 간 협약에 따라 취득한 학점은 학기당 16학점 이내로 인정하되, 졸업 학점의 2분의 1을 초과할 수 없습니다. (2015학번 이전은 18학점 이내)바. 이수계획서 및 신청서에 오류가 있을 경우에는 학점 교류가 불가능하니 정확히 작성해주시기 바랍니다.4. 관련 문의: 학사지원실(063-220-2083) 또는 학과 사무실붙임   1. 학점교류 신청서 및 교류대학 과목 이수계획서 1부.2. 수학대학 안내문 각 1부.",0.0304414,0.0152207,1.154770488,1.063446287,0.060882801,0,0.987342786,0
학사공지,738,779+학사지원실_수업 폐강과목 및 수강신청 정정 안내,2024학년도 동계 계절수업 폐강과목 및 수강신청 정정 안내,학사지원실,2024-04-12,1098,https://www.jj.ac.kr/jj/community/notice02.do?mode=view&articleNo=190574&article.offset=0&articleLimit=100,"2024학년도 동계 계절수업 폐강과목을 다음과 같이 공고하오니폐강과목 수강신청자는 아래 사항을 참고하여 수강신청을 정정하여 주시기 바랍니다.1.폐강 과목:총33개 과목(붙임 파일 참조)2.폐강과목 수강신청 정정기간: 12. 5.(목) 11:00부터~ 18:00까지※수강신청 정정기간 이후 수강신청 정정 불가3.유의사항가.폐강과목 수강 신청 정정 방법:인스타-수강신청-수강과목 삭제/신청나.수강신청 정정 기간 내 폐강 과목 미변경 시 수강신청 포기로 간주함-정정기간 폐강과목을 수강 정정하지 않는 경우 일괄 수강 취소 처리 함4.폐강과목 관련 문의가.교양과목:수퍼스타칼리지 교양학부220-2008, 3097나.기타과목:학사지원실(063-220-2134)교 무 처 장",2.24857685,0,0,1.41998735,0.053763441,0,1.043643264,0
학사공지,737,771+실감미디어혁신융합대학사업단_청 안내(실감미디어혁신융합대학사업단),2024학년도 동계 계절학기 학점교류 실시 및 신청 안내(실감미디어혁신융합대학사업단),실감미디어혁신융합대학사업단,2024-04-11,2014,https://www.jj.ac.kr/jj/community/notice02.do?mode=view&articleNo=190566&article.offset=0&articleLimit=100,"국내 대학 간 학점교류 협정에 의거하여2024학년도 동계 계절수업 학점교류 학생을다음과 같이 접수하오니 관심 있는 재학생들의 많은 신청 바랍니다.순교류대학추천기한수학안내문(대학명 클릭)신청자격1건국대학교2024. 11. 12.(화)건국대학교추천자 명단- 타대학 학점교류 이수 후, 1학기 이상 본교 등록이 가능한 자(2025년 2월 졸업예정자 신청 대상 제외)- 본교와 학술교류 협정을 체결한 대학 학생으로서 소속 대학교 총장의 추천을 받은 학생2경희대학교2024. 11. 20.(수)경희대학교추천자 명단신청 매뉴얼통합ID 등록 매뉴얼3계명대학교2024. 11. 27.(수)계명대학교추천자 명단4계원예술대학교2024. 11. 14.(목)계원예술대학교신청자 명단개인정보 수집 동의서5배재대학교2024. 11. 28.(목)배재대학교개설 교과목추천자 명단신청서6중앙대학교*학점교류 협약대학에서학점 교류 안내 공문이 도착하면 해당 대학 자료를 추가로 업데이트 예정입니다.1. 신청방법: 제출서류를 실감미디어혁신융합대학사업단에 제출 /***홈페이지에 게시된 신청기한 엄수***- 학점교류 과목 이수계획서 작성 ->학과장 서명 -> 사업단 제출* 교류대학에서 이수하려는 교과목과 매칭되는 우리 대학의 동일(유사) 교과목이 없는 경우 공란으로 둔 후 사업단 선생님께 기입 요청* 우리대학 학점인정 예정 과목은 사업단 선생님을 통해 해당 학과 또는 교양학부에서 확인 후 기입 필수2.제출서류(붙임 양식 참조)가. 국내대학 학점교류 신청서 1부.나. 국내대학 학점교류 과목 이수 계획서 1부.3.유의사항가. 교류대학별로 추천기한이 상이하여 신청기간이 다른 점을 유의하시기 바랍니다.(학생의 교류 수학 신청은 홈페이지에 게시된 신청기한에 한합니다.)나. 붙임 자료의 수학 안내문이 없는 대학의 경우 해당 대학에서 공문이 발송되지 않은 것입니다.(안내문이 없는 대학으로의 학점교류는 접수하는 대로 공지할 예정임)다.이수 계획서에 기재된 과목이 아닌 다른 과목을 신청할 시에는 성적부여가 되지 않습니다.라.편입생 및2025년 2월 졸업예정자(2024-겨울학기가 마지막 학기인 학생)는 신청 대상에서 제외 됩니다.마. 학칙 및 대학 간 협약에 따라 취득한 학점은 학기당 16학점 이내로 인정하되, 졸업 학점의 2분의 1을 초과할 수 없습니다. (2015학번 이전은 18학점 이내)바. 우리 대학과 교류 대학의 수강신청 학점의 합은 우리 대학 수강신청 제한 학점을 초과할 수 없습니다. (계절수업은 최대 6학점)사. 이수계획서 및 신청서에 오류가 있을 경우에는 학점 교류가 불가능하니 정확히 작성해주시기 바랍니다.아.교류 대학별 수강신청 방법이 상이하기 때문에 반드시 수강신청 관련 사항을 확인하시기 바랍니다.자. 교류 대학에서 이수하려는 교과목 중 우리 대학에서 학점인정 예정 과목으로 매칭되는 교과목이 없는 경우 우리 대학에서 생성한 '자유선택' 학점으로 학점이 부여 됩니다.차. 학점교류로 이수한 타 대학 성적은 인정하나 학점교류생은 다음 학기 교내 성적 장학금 대상에서 제외됨4. 관련 문의: 사업단(063-220-2988) 또는 학사지원실(063-220-2083)붙임 1.학점교류 신청서 및 교류대학 과목 이수계획서 1부.2. 수학대학 안내문 각 1부.",0.138451857,0.037759597,0.964836375,0.914490245,0.075519194,0,0.788624921,0
학사공지,736,768+학사지원실_24학년도 2학기 2차 폐강과목 안내,2024학년도 2학기 2차 폐강과목 안내,학사지원실,2024-04-09,1943,https://www.jj.ac.kr/jj/community/notice02.do?mode=view&articleNo=190563&article.offset=0&articleLimit=100,"2024학년도 2학기 개설 강좌 중 수강인원 미달에 따른 폐강 과목을 다음과 같이 안내하오니해당 과목의 수강신청자는 아래 사항을 참고하여 수강신청을 정정하시기 바랍니다.1. 폐강과목 현황:첨부파일 참조- 폐강과목 수강신청 내역은 일괄 삭제될 수 있습니다.폐강과목을 수강신청 한 재학생의 경우, 반드시해당 과목을 직접 삭제하시고다른 과목으로 수강신청변경하시기 바랍니다.2. 수강신청 정정기간: 8. 30.(금) 11:00~9. 7.(토) 18:003. 폐강 및 대체 수강 가능 과목 문의- 전공, 교직 등: 각 학과 사무실(담당 조교 선생님께 문의)- 교양강좌: 수퍼스타칼리지 교양학부(063-220-2008, 3097)붙임 2024학년도 2학기 2차 폐강 교과목 현황 1부. 끝.",0.472440945,0,0,0.31496063,0,0,1.461828141,0
학사공지,735,734+학사지원실_도 추가모집 신입생 학생증 신청 안내,2024학년도 추가모집 신입생 학생증 신청 안내,학사지원실,2024-04-03,1536,https://www.jj.ac.kr/jj/community/notice02.do?mode=view&articleNo=190529&article.offset=0&articleLimit=100,"2024 학년도 입학을 축하합니다.추가모집으로 등록한 신입생 여러분의 학생증 신청 가능 기간을 아래와 같이 안내하오니 참고하시기 바랍니다.1. 신청기간:03.07.(목)~ 03.15.(금) 24:00※학번조회방법 (""2024학년도 신/편입생 학번 조회 안내""공지사항 참조)2.신청방법(※자세한 사항은 붙임 문서 참조)가)핸드폰 어플리케이션을 통한 신청나)어플리케이션우리WON뱅킹설치다)우리WON뱅킹 접속(붙임문서를 먼저 확인한 후 신청)※ 국제(외국인)학생은 우리WON뱅킹에서 신청이 불가하며우리은행 전주대학교 출장소(학생회관1층) 에서 신청3.신청 전 준비사항-주민등록증 또는 운전면허증-증명사진- 발급진행시영문명은 여권에 사용하는 영문명으로 입력- 전체 진행은 10분 이내로 신청 가능함4.안내문의-학생증 관련 신청 문의:우리은행 전주대 출장소(063-227-0257누르고211,213,214누름)- 학생서비스센터: 063-220-2135- 학사지원실 -",0,0,0,1.651651652,0.041580042,0,1.360591361,0
학사공지,734,738+학사지원실_최종신청기간 안내(~3.30.(토)),[긴급] 2024학년도 신/편입생 학생증 최종신청기간 안내(~3.30.(토)),학사지원실,2024-03-25,1850,https://www.jj.ac.kr/jj/community/notice02.do?mode=view&articleNo=190533&article.offset=0&articleLimit=100,"2024학년도 신/편입생에 대한 학생증최종 신청 기간을 아래와 같이 안내합니다.※ 이번 기간에 신청하지 않을경우 학생증 수령이 많이 지체될 수 있습니다.1. 연장기간:~ 03.30.(토) 24:002.신청방법(※자세한 사항은 붙임 문서 참조)가)핸드폰 어플리케이션을 통한 신청나)어플리케이션우리WON뱅킹설치다)우리WON뱅킹 접속(붙임문서를 먼저 확인한 후 신청)3.신청 전 준비사항-주민등록증 또는 운전면허증-증명사진(휴대폰에 미리 저장)- 발급진행시영문명은 여권에 사용하는 영문명으로 입력4.안내문의-학생증 관련 신청 문의:우리은행 전주대 출장소(063-227-0257누르고211,213,214누름)- 학생서비스센터: 063-220-2135- 학사지원실 -",0,0,0,1.851441242,0.054200542,0,0.844419808,0
학사공지,733,737+학사지원실_03.18.(월)~03.24.(일)),2024학년도 신편입생 학생증 신청 연장안내(03.18.(월)~03.24.(일)),학사지원실,2024-03-18,974,https://www.jj.ac.kr/jj/community/notice02.do?mode=view&articleNo=190532&article.offset=0&articleLimit=100,"2024학년도 신/편입생에 대한 학생증 신청 기간을 아래와 같이 연장하오니 기간내 신청하시기 바랍니다.1. 연장기간:2023.03.18.(월) 09:00 ~ 03.24.(일) 24:002.신청방법(※자세한 사항은 붙임 문서 참조)가)핸드폰 어플리케이션을 통한 신청나)어플리케이션우리WON뱅킹설치다)우리WON뱅킹 접속(붙임문서를 먼저 확인한 후 신청)※ 국제(외국인)학생은 우리WON뱅킹에서 신청이 불가하며우리은행 전주대학교 출장소(학생회관1층) 에서 신청3.신청 전 준비사항-주민등록증 또는 운전면허증-증명사진 (핸드폰에 미리 저장, 사진은 추후 학생의학적부 사진으로 반영되므로 필히 본인의 사진을 등록)- 발급진행시영문명은 여권에 사용하는 영문명으로 입력- 전체 진행은 10분 이내로 신청 가능함4.안내문의-학생증 관련 신청 문의:우리은행 전주대 출장소(063-227-0257누르고211,213,214누름)- 학생서비스센터: 063-220-2135- 학사지원실 -",0,0,0,1.8404303,0.041237113,0,0.73464814,0
학사공지,732,778+학사지원실_절수업 출석인정(취업사유) 신청 안내,2024학년도 동계 계절수업 출석인정(취업사유) 신청 안내,학사지원실,2024-03-12,654,https://www.jj.ac.kr/jj/community/notice02.do?mode=view&articleNo=190571&article.offset=0&articleLimit=100,"2024학년도 동계 계절수업 출석인정(취업사유) 신청 안내1. 접수기간:2024. 12. 30.(월) ~ 1. 3.(금)2. 대상자: 2024학년도 전기(2025년 2월) 졸업예정자 중 취업자※ 동계 계절수업 이수학점을 포함하여 졸업기준을 충족한 경우 포함3. 신청 방법:학생포털서비스(inSTAR)를 통한 온라인 신청※ 신청방법 및 제출서류는 2학기와 동일(관련 게시물 바로가기)4. 유의사항가. inSTAR 등록 후 출석인정요청서를 출력하여 교과목 담당교수님께 확인을득한 후, 행정실에 제출해야 신청이 완료되므로 착오 없으시기 바람나. 원격 및 야간강좌는 출석인정(취업사유) 대상 과목이 아님※원격 및 야간강좌는 정상 수강해야 함교 무 처 장",1.185334003,0,1.240582622,1.240582622,0,0,1.130085384,0
학사공지,731,776+교육과정평가센터_년도 2학기 기말 강의평가 시행 알림,2024학년도 2학기 기말 강의평가 시행 알림,교육과정평가센터,2024-03-12,1131,https://www.jj.ac.kr/jj/community/notice02.do?mode=view&articleNo=190572&article.offset=0&articleLimit=100,"2024학년도 2학기 강의평가 실시사항을 다음과 같이 안내하오니재학생 여러분께서는 기간 내 참여할 수 있도록 협조하여 주시기 바랍니다.1. 강의평가 기간: 2024. 12. 2.(월) ~ 12. 24.(화)2. 강의평가 방법: inSTAR(인스타) 웹(또는 모바일) 로그인 - 강의평가 팝업 메시지 확인 후 클릭- 강의평가 화면으로 이동 및 강의평가 실시3. 기타 사항:강의평가 기간 내 강의평가 미응답시,  성적확인 기간 첫째날(2025.1. 2. 목) 성적 열람이 제한됨.교육과정평가센터장",1.733556299,1.950947603,0,0,0,0,0.072463768,0
학사공지,730,777+학사지원실_25-1학기 복학 및 휴학 신청 안내,2025-1학기 복학 및 휴학 신청 안내,학사지원실,2024-03-12,7944,https://www.jj.ac.kr/jj/community/notice02.do?mode=view&articleNo=190573&article.offset=0&articleLimit=100,"2025학년도 1학기 복학 및 휴학 신청 안내1복학 신청1.복학 신청 주요사항 안내구 분내 용대 상■ 일반휴학 및 군휴학 후, 휴학기간 만료(예정)인 자 (2025-1학기 복학예정자)■ 휴학기간이 남아있으나 조기 복학을 희망하는 자신청 기간■2024. 12. 22.(일)~2025. 4. 5.(토), 개강 후 5주 이내※ 수강바구니(2025. 1. 22.(수)~1. 24.(금))전 복학 권장신청 방법■ inSTAR(인스타) 홈페이지 학사관리 메뉴에서 직접 신청 (인스타 입력 방법 붙임 참고)처리 절차■ 인스타 로그인 → 학사관리 메뉴 → 복학신청 →신청 즉시 복학 처리됨증빙 서류■ 일반휴학 후 복학자: 증빙서류 없음■군휴학 후 복학자: 전역증 또는 전역 확인 증명서(①~③ 중 1부)를 온라인으로 첨부① 병적증명서(병무청 발급)② 복무확인서(부대/근무처 발급)③ 병역사항 기재된 초본(주민센터 발급)※ 군 전역일 전 수강신청을 위해 우선 복학 신청하여도 무방함(증명서 추후 학과에 제출)2.복학자 수강신청 안내구 분내 용신청기간■ 수강바구니 신청 기간: 2025. 1. 22.(수) ~ 1. 24.(금)■ 수강신청 기간: 2025. 2. 11.(화) ~ 2. 13.(목)■ 수강신청 정정 기간: 2025. 2. 28.(금) ~ 3. 8.(토)※ 수강신청 기간 후에 복학하는 경우: 복학 신청 후 인스타에서 수강신청 가능함(세부사항 학과 사무실 문의)수강신청방법■ 인스타 로그인 → 학사관리 메뉴 → 수강신청※ 복학 신청이 완료되어야 수강바구니 기간에 수강 희망과목 담기 가능기타사항■ 수강신청 기간에 홀,짝수 구분 없이 동시 진행함!(2021-2학기부터 적용됨)■복학 예정자의 경우 가급적 수강바구니 전일(2025. 1. 24.)까지 복학 신청을 완료하여 수강바구니를 통해 수강 희망과목을 수강할 수 있도록 준비하여 주시기 바랍니다.3. 등록금 납부[1] 등록금 고지서 출력: 인스타로그인 → 수강신청 메뉴 → 등록금 고지서- 등록금 납부기간 공지 전 복학한 경우:등록금고지서가 아직 조회되지 않음(2월 말 재확인 바람)- 등록금 납부기간 공지 후 복학한 경우 : 복학 즉시 등록금 고지서 조회 및 출력, 납부 가능[2] 등록금 납부기간 내 가상계좌로 납부-납부 기간 : 2025. 2월 말 경(일정변경 가능, 추후 홈페이지 확인 요망)[3] 안내사항-휴학 전에 등록금을 미리 납부한 경우에는 복학학기 등록금 납부 대상이 아님(휴학 전 납부한 등록금이 이월되어 복학 후 첫 학기 등록금으로 자동 처리)2휴학 신청1. 일반휴학 신청 주요사항 안내가.일반 휴학구 분내 용대 상(휴학사유)■ 질병: 4주 이상 출석할 수 없는 자 (4주 이상 치료 진단서)■ 창업: 창업 또는 기존사업체를 경영하려는 자(사업자등록증 또는 법인등기부등본 사본)■ 임신·출산·육아: 임신, 출산, 육아로 인한 휴학이 필요한 자(진단서, 가족관계 증명서)■ 기타 사유: 자기개발, 가계곤란, 천재지변, 돌발사고, 장애학생 등(증빙서류 없음)휴학 기간■ 1년 단위(2학기) 휴학 신청 (※ 1년 휴학 신청하였어도, 6개월 뒤 복학 신청 가능함)신청 기간2024. 12. 22.(일) ~2025. 4. 5.(토), 개강 5주차(수업일수 1/3)까지, 질병휴학(수업일수 2/3)까지접수 방법■ inSTAR(인스타) 홈페이지에서 휴학신청 입력 후 학과사무실 방문 접수 (인스타 입력방법 붙임 참고)※인스타로그인 (학사관리 메뉴)→ 휴학신청 입력 → 신청서 출력→ 학과 사무실 방문(CA 및 지도교수 또는 학과장 상담) 제출※ 인스타입력은 상시 가능,신청서 제출은 접수기간만 가능(긴급한 경우 학과 상담 요망, 미래융합대학만 토요일접수가능)주의사항■신·편입생 및 재입학생의 입학 첫 학기는 휴학 불가(단, 병역, 질병, 임신출산육아 제외)■휴학 가능 학기 소진 시 일반휴학신청 불가(단, 병역,창업,임신출산육아,특별휴학기간은 미산입)※ 일반휴학가능 학기 수: 신입학생 8개 학기, 재입학 및 3학년 편입생 4개 학기, 4학년 편입생 2개 학기접수 기간1차2024. 12. 23.(월) ~ 12. 27.(금) 1주간등록금 미납자는5차까지만신청 가능2차2025. 1. 13.(월) ~ 1. 17.(금) 1주간3차2025. 2. 10.(월) ~ 2. 21.(금) 2주간4차2025. 3. 17.(월) ~ 3. 22.(토) 1주간5차2025. 3. 31.(월) ~4.5.(토), 개강 5주 차6차2025. 4. 14.(월) ~4. 19.(토), 개강 7주 차등록금 납부자만 가능나. 병역(군입대)휴학구 분내 용대 상■ 군입대 예정인 자 ■ 군복무 연장 예정인 자신청기간■ 군입대 전.군입대일 1주일 전부터만 신청 가능함(입영일이 확정되지 않은 경우 일반휴학신청 후 군휴학으로 변경)신청방법■inSTAR(인스타) 홈페이지에서 군휴학 신청 후 학과사무실 방문 접수(인스타 입력방법 붙임 참고)처리절차■ 인스타 로그인 → 학사관리 메뉴 → 군휴학신청서 작성 → 신청서 출력→ 학과 사무실 방문(CA 및 지도교수 또는 학과장 상담) 및 제출→ 접수완료증빙서류■ 병역의무 이행 증빙서류 1부.(입영통지서, 사회복무요원 소집 통지서 등)2.휴학 변경 안내가. 일반휴학 → 군휴학 변경구 분내 용대 상■ 일반휴학 후 군입대 사유로 군휴학으로 변경하려는 자신청기간■ 군입대 전(군 입대일 1주일 전부터만 신청 가능함)신청방법■inSTAR(인스타) 홈페이지에서군휴학을 신규로 신청처리절차■ 인스타로그인 →학사관리 메뉴:휴학신청→군휴학신청서작성 → 신청서 출력→ 학과 사무실 방문(CA 및 지도교수 또는 학과장 상담)및 제출 →접수완료증빙서류■ 병역의무 이행 증빙서류 1부(입영통지서, 사회복무요원 소집 통지서 등)주의사항■ 군휴학으로변경하지 않고 입대한 경우 해당학기 일반휴학으로처리됨※ 이미입대하여 본인이 신청할 수 없는 경우,가족의 대리 신청 가능(학과 사무실 문의)나. 군휴학 → 일반휴학 변경구 분내 용대 상 자■ 전역 후, 복학 예정학기에 복학하지 않고 일반 휴학을 신청하려는 자신청기간■ 전역 후, 복학 예정학기 개강일 전까지신청방법■inSTAR(인스타) 홈페이지에서먼저 복학신청후일반휴학을 신규로 신청※ 인스타입력은 상시 가능,신청서 제출은 접수기간만 가능처리절차■ 인스타로그인 →학사관리 메뉴:복학신청(→즉시 복학처리 완료됨)→인스타재로그인→학사관리 메뉴:휴학신청→일반휴학신청작성 → 신청서 출력→ 학과 사무실 방문(CA 및 지도교수 또는 학과장 상담)및 제출 →접수완료증빙서류■군휴학후 복학 시 전역증또는 전역 확인 증명(①~③ 중 1부)를 온라인으로첨부※ 증명 유형: ① 병적증명서(병무청 발급) ② 복무확인서(부대/근무처 발급)③ 병역사항(전역일)이 기재된 초본(주민센터/온라인 발급 가능)※ 군 전역일 전 수강신청을 위해 우선 복학 신청하여도 무방함(증명서 추후 학과에 제출)주의사항■ 인스타에서 먼저 복학신청을 처리해야 신규 일반휴학신청이 가능함■ 일반 휴학의 경우 신입생의 경우 최대 8개 학기(4년)까지만일반휴학신청이 가능함(3학년 편입생의 경우 최대 4개 학기까지 휴학 신청 가능함)3.휴학 연장 안내구 분내 용대 상■ 일반휴학(1년 단위) 기간 만료 후, 휴학을 연장하려는 자■ 병역의무 만료 복학 예정자 중 일반휴학을 신청하려는 자신청기간■ 휴학 만료 학기 수업종료일부터 복학 학기 개시 이전까지(복학 학기 수업일수 1/3 이내에 휴학 연장 신청 가능함)신청방법■inSTAR(인스타) 홈페이지에서먼저 복학신청후일반휴학을신규로 신청※ 인스타입력은 상시 가능,신청서 제출은 접수기간만 가능(접수기간은 “1. 일반유학 신청 안내”참고)처리절차■ 인스타로그인 →학사관리 메뉴:복학신청(→즉시 복학처리 완료됨)→인스타재로그인→학사관리 메뉴:휴학신청→일반휴학신청작성 → 신청서 출력→ 학과 사무실 방문(CA 및 지도교수 또는 학과장 상담)및 제출 →접수완료주의사항■ 인스타에서 먼저 복학신청을 처리해야 신규 일반휴학신청이 가능함(인스타복학신청 입력 시 즉시 처리됨, 복학신청서는 학과 제출 불필요)■ 일반 휴학의 경우 신입생의 경우 최대 8개 학기(4년)까지만일반휴학신청이 가능함(3학년 편입생의 경우 최대 4개 학기까지 휴학 신청 가능함)3기타 사항1.개인정보 수정 안내가. 대상자: 개인정보(주소, 핸드폰 연락처 등)가 변경된 재학생 및 휴학생나. 수정방법: 인스타 → 개인정보 수정 클릭 → 개인정보 수정 후 저장다. 유의사항- 학사 관련 업무 발생 시 연락할 수 있도록 개인정보를 업데이트하여야 합니다.- 학부모 알리미 서비스 이용 희망시 학부모 휴대폰을 등록(수정)할 수 있습니다.( 학부모알리미 서비스 페이지:https://instar.jj.ac.kr/?mode=jjpa)2.관련 문의: 담당자(☎063-220-2135, 2417), 학과사무실 연락처(별도 파일 참조)3.온라인 휴복학 상담 문의: 카카오톡에서 “전주대휴복학도우미”검색하여 채널 추가교무처 학사지원실",0.069188192,0,0.004612546,4.904740895,0.055350554,0.046125461,1.590325686,0
학사공지,729,749+교육과정평가센터_년도 1학기 기말 강의평가 실시 안내,2024학년도 1학기 기말 강의평가 실시 안내,교육과정평가센터,2024-03-06,1817,https://www.jj.ac.kr/jj/community/notice02.do?mode=view&articleNo=190544&article.offset=0&articleLimit=100,"2024학년도 1학기 강의평가 실시사항을 다음과 같이 안내하오니재학생 여러분께서는 기간 내 참여할 수 있도록 협조하여 주시기 바랍니다.1. 강의평가 기간: 2024. 6. 3.(월) ~ 6. 27.(목)2. 강의평가 방법: inSTAR(인스타) 웹(또는 모바일) 로그인 - 강의평가 팝업 메시지 확인 후 클릭- 강의평가 화면으로 이동 및 강의평가 실시3. 기타 사항:강의평가 기간 내 강의평가 미응답시,  성적확인 기간 첫째날(6. 28. 금) 성적 열람이 제한됨.교육과정평가센터장",1.746438746,1.968660969,0,0,0,0,1.227920228,0
학사공지,728,739+학사지원실_신편입생 학생증 추가 신청 기간 안내,[최종] 신편입생 학생증 추가 신청 기간 안내,학사지원실,2024-03-04,1246,https://www.jj.ac.kr/jj/community/notice02.do?mode=view&articleNo=190534&article.offset=0&articleLimit=100,"2024학년도 신/편입생에 대한 학생증 신청 기간을 아래와 같이 추가로 연장하오니 기간내 신청하시기 바랍니다.※학생증을 신청하지 않을 시 교내 시설물 사용에 불편함이 있을 수 있습니다.1.기간:2023.04.03.(수) 09:00 ~ 04.19.(금) 24:002.신청방법(※자세한 사항은 붙임 문서 참조)가)핸드폰 어플리케이션을 통한 신청나)어플리케이션우리WON뱅킹설치다)우리WON뱅킹 접속(붙임문서를 먼저 확인한 후 신청)※ 국제(외국인)학생은 우리WON뱅킹에서 신청이 불가하며우리은행 전주대학교 출장소(학생회관1층) 에서 신청3.신청 전 준비사항-주민등록증 또는 운전면허증-증명사진 (핸드폰에 미리 저장, 사진은 추후 학생의학적부 사진으로 반영되므로 필히 본인의 사진을 등록)- 발급진행시영문명은 여권에 사용하는 영문명으로 입력- 전체 진행은 10분 이내로 신청 가능함4.안내문의-학생증 관련 신청 문의:우리은행 전주대 출장소(063-227-0257누르고211,213,214누름)- 학생서비스센터: 063-220-2135- 학사지원실 -",0,0,0,2.837995338,0.037878788,0,1.22960373,0
학사공지,727,733+학사지원실_2024년 8월) 조기졸업 신청 안내,2023학년도 후기(2024년 8월) 조기졸업 신청 안내,학사지원실,2024-02-29,2841,https://www.jj.ac.kr/jj/community/notice02.do?mode=view&articleNo=190528&article.offset=0&articleLimit=100,"2023학년도 후기(2024년 8월 졸업) 조기졸업 신청을 다음과 같이 안내 하오니 대상 학생들은 신청하여 주시기바랍니다.1. 신청기간:2024. 3. 4.(월) ~ 3. 13.(수)2. 신청방법구분신청 방법비고조기졸업 신청inSTAR → 학사관리 → 조기졸업 신청* 단과대학 확인: JUIS → 학사 → 학적 → 조기졸업 신청관리조기졸업 포기신청신청서 접수 → 학과장 및 학장 결재 → 학사지원실에 공문 제출3. 신청대상구분신청자격일반학과2015학번 이전○ 5학기 이상 수료하고 6학기 등록을 필한 자로서 119학점 이상 취득하고,총 평점평균이 4.0 이상인자2016학번 이후○ 5학기 이상 수료하고 6학기 등록을 필한 자로서 112학점 이상 취득하고,총 평점평균이 4.1 이상인자* 간호학과 2016~2022학번은 취득학점 119학점 이상미래융합대학○ 5학기 이상 수료하고 6학기 등록을 필한 자로서 105학점 이상 취득하고,총 평점평균이 4.1 이상인자4. 참고사항가. 조기졸업 요건구분졸업요건일반학과2015학번 이전○ 3학년(6학기)이상 등록하고, 총 140학점 이상을 취득한 자로서,해당 학과(전공)의 졸업기준을 충족한 자* 건축학과(2013학번 이전): 160학점○ 총 평점평균이 4.0이상인 자2016학번 이후○ 3학년(6학기)이상 등록하고, 총 130학점 이상을 취득한 자로서,해당 학과(전공)의 졸업기준을 충족한 자* 간호학과 2016~2022학번은 취득학점 140학점 이상○ 총 평점평균이 4.1이상인 자미래융합대학○ 3학년(6학기)이상 등록하고, 총 120학점 이상을 취득한 자로서,해당 학과(전공)의 졸업 기준을 충족한 자○ 총 평점평균이 4.1이상인 자나. 조기졸업 탈락 시, 다음 학기 정규등록을 하여야 하며 성적장학금 수혜 대상에서 제외됨다. 조기졸업 신청을 취소하고자 하는 경우는 신청학기 기말고사 시작 전(2024. 6. 7.(금))까지 조기졸업 포기 신청서를 작성하여각 단과대학 행정지원실에 제출하여야 하며, 이 경우에는 성적장학금 수혜대상에 포함됨라. 조기졸업 이후라도 착오 또는 부정한 방법으로 조기졸업을 하게된 경우에는 조기졸업을 취소할 수 있음5. 문의처: 학사지원실(063-220-2083)2024. 2.교 무 처 장",0,0.054694622,2.658956244,1.338593892,0.127620784,0,1.028657703,0
학사공지,726,732+학사지원실_ K-MOOC 학점 인정  신청 안내,2024-1학기 특별학점/ K-MOOC 학점 인정  신청 안내,학사지원실,2024-02-27,1624,https://www.jj.ac.kr/jj/community/notice02.do?mode=view&articleNo=190527&article.offset=0&articleLimit=100,"2024-1학기 특별학점/K-MOOC 학점 인정 신청 안내1.  K-MOOC 학점인정가. 신청대상: 정규학기 내 재학생*8학기(건축학기 10학기) 초과 이수자 신청 불가나. 인정범위:강좌당 1학점,한 학기 최대 3학점까지 인정하며 수강신청 학점에 포함, 재학 중 최대 9학점 인정(재학 중 수강한 강좌만 인정함)1) K-MOOC 교과목 인정 이수기간: 2024. 1. 1.~2024. 6. 30. 기간 이수한 강좌에 한함2) 유의사항:K-MOOC 교과목은 수강제한 학점에 포함되오니 2024-1학기 수강제한학점을 고려하여 신청다. 강좌 이수 방법:http://www.k-mooc.kr접속 -> 회원가입 및 로그인 -> 과목 수강라. K-MOOC 학점인정 신청기간: 2024. 5. 27.(월)~2024. 6. 21.(금)마. 성적 인정 과목 및 등급1) 과목명 및 이수구분: 교과목은 K-MOOC로 표기하고, 이수구분은 교양선택2) 성적부여: PASS 표기3) 성적확인방법: 2024. 6. 28.(목) 이후  2024-1학기 성적내역에서 확인바. 학점 인정 신청 방법1) 인스타(inStar) 로그인 -> 학사 관리 -> 특별학점/K-MOOC 인정 신청2) 제출서류: 이수증 스캔본2. 특별학점가. 신청대상: 정규학기 내 재학생1) 2019학번까지: 기존 특별학점제(외국어, 소프트웨어) 신청 및 인정 가능2)2020학번부터:특별학점제 신청 및 인정 제외3) 특별학점 신청 제외 대상자- 2024학년도 1학기 포함 8학기(건축학과 10학기) 초과 이수자- 졸업기준 학점(외국어 및 정보화)이 없는 국제학생 및 편입생나. 인정범위1)외국어 및 정보화(외국어3/정보화4)범위에서 재수강 처리만 인정/(F학점 제외)(2018학년도부터 순수(신규)학점인정 처리하지 않음)2)2015학번부터는79점 이하(C+이하)의 성적만 재수강 처리 가능함3) 성적인정 시기: 2023학년도 동계 계절학기 성적에 합산 처리다. 접수기간: 2024. 5. 27.(월) ~ 6. 21.(금)라. 성적확인: 2024. 6. 28.(목) 이후  2023-4학기 성적내역에서 확인마. 유의사항1) 특별학점으로 재수강 처리 받고자 하는 과목은 2024-1학기에 수강신청하지 않아야 함※기존에 이수한 과목 중에서 특별학점으로 재수강 처리 가능2) 특별학점 인정 자격증은 재학 기간 내에 취득한 자격증에 한함3) 이전에 특별학점으로 인정받은 자격증은 중복하여 인정되지 않음4) 입학 전 취득한 자격증으로는 특별학점 신청을 할 수 없음",0.146222583,0.146222583,2.120459557,1.100847163,0,0,1.019612394,0
학사공지,725,731+학사지원실_1학기 출석인정(취업사유) 신청 안내,2024학년도 1학기 출석인정(취업사유) 신청 안내,학사지원실,2024-02-26,2179,https://www.jj.ac.kr/jj/community/notice02.do?mode=view&articleNo=190526&article.offset=0&articleLimit=100,"2024학년도 1학기 출석인정(취업사유) 신청 안내1. 신청 대상-신청 학기 졸업예정자로서수강신청 학점을 포함하여 졸업이수 기준을 충족한 학생 중 취업자※ 신청 학기의 수강신청 학점을 포함하여 졸업이수 기준을 충족한 학생(계절학기 이수 예정 학점 포함)2. 신청 기간1) 1차 접수(최초 신청):2024. 3. 4.(월)~3. 15.(금) /개강1~2주차※ 1차 접수기간에 학생 신청 후, 학과(조교)에서 증빙서류 확인 후 접수 함※ 1차 접수기간 이후 취업자는 취업일 기준 2주 이내 신청 요망2) 2차 접수(재직 확인):2024. 5. 27.(월)~5. 31.(금) /학기13주차※ 2차 접수기간에 학생이 2차 서류 업로드 후, 학과(조교)에서 증빙서류 확인 후 2차 접수처리 됨3. 신청 방법 (세부사항 붙임 참조)가. 인스타 로그인 (https://instar.jj.ac.kr접속 → 학번/비밀번호 입력)나. 메뉴: 학사관리 → 왼쪽 메뉴 출석인정 → 출석인정신청(취업사유) 탭 → 신규 클릭하여 신청서 작성4. 출석인정(취업사유) 신청 절차 및 증빙서류: 세부사항 [붙임] 참조< 취업사유 출석사유 신청자 유의사항 >가. 취업사유 출석인정 신청자는 신청서 제출 즉시 교과목 담당교수에게 알려야 함나.1차 접수 후 매주 금요일 한주간의 출석이 일괄 처리되므로출결관리 앱에서 해당 과목의 출결상황을 확인하여야 함다. 2차(최종) 서류 제출은 13주에 제출하여 최종 출석인정 확인을 받아야 함라.2차접수 기간에 서류를 제출하지 않은 학생의 경우 출석을 하지 않은 기간 모두를 결석으로 처리함마. 중도퇴직자의 경우 퇴직시점까지만 출석이 인정되며, 퇴직 후 바로 학업에 복귀하여야 함바. 취업사유 출석의 인정은 출석과 관련된 사항이며,성적평가는 해당 교과목 담당교수의 평가기준에 따라야 함사. 출석인정사항 입력정보(취업일, 회사변경 등..) 수정 요청시 웹종합정보시스템에서 수정할 수 있음아.원격강좌 및 야간수업은 출석인정(취업사유) 대상 과목이 아니므로 학생이 지속적으로 수강하여야 함(공결처리되지 않음)- 교 무 처 장 -",0.117302053,0.058651026,1.366838575,1.366838575,0.039100684,0.039100684,1.425489601,0
학사공지,724,730+학사지원실_1학기 출석인정(일반공결) 신청 안내,2024학년도 1학기 출석인정(일반공결) 신청 안내,학사지원실,2024-02-26,3481,https://www.jj.ac.kr/jj/community/notice02.do?mode=view&articleNo=190525&article.offset=0&articleLimit=100,"2024학년도 1학기 출석인정(일반공결) 신청 안내○ 신청자격 및 제출서류(학칙시행세칙 제16조)호출석인정사유신청 자격 및 인정기간신청기한제출서류비 고1호교육과정운영교육과정으로 운영하는 현장실습, 현장견학현장견학 또는 현장실습 학과 소속 학생결석시작일 전 1주일 내주관 학과 공문- 교내축제, 교내체육대회, 수학여행, 졸업여행,MT 등에 참가하는 경우 비대상- 학과에서 출전하는 공모전(대회)은 비대상국고사업의 공식행사사업단에서 주최한 행사 참여한 자〃주관 사업단 공문학교대표로 대회 참가학교 운동선수 또는 총장 결재를 받은 학교 대표〃관련 증빙서류홍보대사 학교행사 지원홍보대사〃관련 증빙서류2호법령에 의한 의무이행을 위하여 소집되거나 행사에 참석하는 경우예비군 훈련 참여, 군입대 시험 응시 등결석종료일다음 날부터 7일 이내예비군 훈련 확인증 또는 군입대 시험 응시 확인증재판으로 인한 법원 출석은 비대상3호본인의 상해나 질병병원에 입원한 자(입원기간), 동일한 상해나 질병으로 학기중 3회 이상의 정기적인 병원 진료를 받은자〃입퇴원확인서, 진단서,의사소견서 등 관련증빙서류진료예시) 대학병원 등의 진료로 진료일정을 환자가 변경할 수 없는 경우에 해당하는 상해나 질병4호민법 제779조에 따른 가족이 사망한 경우(외)조부모, 부모, 배우자, 자녀(공유일 포함 5일), 형제자매(공휴일 포함 3일)〃사망확인서 및 가족관계증명서가족관계증명서 없을 시 무효6호체육 및 비체육 특기자가 대회출전 및 훈련하는 경우체육 및 비체육 특기자(수업일수의 1/2 이내)결석시작일 전 1주일 내관련 증빙서류7호생리로 인하여 출석할 수없는 경우(보건공결)여학생, 매월1회결석종료일다음 날부터 7일 이내제출서류 없음시험기간 제외, 전월 신청일로부터 20일 이내에 재신청 불가8호학생 본인 및 자녀가 결혼하는 경우본인 5일, 자녀 3일결석시작일 전 1주일 내청첩장 및 가족관계증명서9호그 밖에 총장이 불가피한 사유가 있다고 인정하여 허가한 경우---10호학생 본인 및 배우자가 출산하는 경우본인 21일, 배우자 7일결석종료일다음 날부터 7일 이내출생증명서 및 가족관계증명서<사유 신설>11호법정전염병의 의심 또는 확진으로 격리 조치가 필요한 경우법정전염병(코로나19 등)의확진자, 자가격리자〃의료기관 발급 진단서 등 증명서류○ 신청 시 유의 사항- 출석인정 기간:모든 사유를 합하여 출석인정 기간은 수업일수의1/3이내만 가능함(예) 주 1회 수업(15회수업)의 경우 보건공결 2회 사용 후 현장실습으로 4회 공결을 사용하고자 할 경우→ 수업일수 1/3이내(총5회)까지만 가능- 코로나19 관련 공결 신청:사유종료일(자가격리일) 다음날부터 입력 가능함(사전 입력 불가)※확진자 및 자가격리(통보)자외에는공결 불가- 수동감시 및 동거인(밀접접촉자) 확진 후 본인 음성판정자 등은 공결 대상 아님- 기말고사 시작일 이후 신청은 불가함- 원격강좌, 야간수업, 온라인(동영상) 강의는 출석인정 대상 과목이 아니므로 학생이 수강하여야 함(공결처리 되지 않음)-출석인정 신청자는 신청서 제출 즉시 교과목 담당교수에게 알려야 함-출석인정은 수업의 출석에 관한 사항을 인정하는 것이며, 성적에 관한 사항은 담당교수의 평가기준을 적용받는 것이므로 성적평가에 관한 사항은 담당교수의 기준에 따라야 함.○ 신청 방법1. 인스타(https://instar.jj.ac.kr/)에 로그인2. 학사관리→수강관리→출석인정신청→출석인정(일반)3. 「신규」버튼을 클릭한 후 신청구분에서 해당 사유 선택-  신청구분을 선택하면 우측에 상세 구분이 나타나므로 선택4. 결석일시: 해당사유로 처리해야 하는 시작일시부터 종료일시까지 입력-하나의 사유로 여러 번 신청하지 마세요. (3일의 경우: 시작일시: 2023-03-06 09:00 종료일시: 2023-03-09 20:00까지 한 건으로 입력)5. 신청 상세사유:해당 사유를 상세하게 입력 [신청 화면 참고]6. 신청절차입력자료 확인 후 ""저장""버튼 클릭→ ""출석인정요청서""의 ""출력""버튼 클릭하여 출력→ ""출석인정요청서""의 서명을 득한 후→ 소속학과 사무실에 증빙서류와 함께 제출 (질병, 전염병 및 가족 사망 사유인 경우 수업담당교수 서명 필)",0.108001964,0.098183603,0.00981836,1.221031605,0.019636721,0.058910162,1.230849965,0
학사공지,723,729+학사지원실_증 신청 안내(2.28.(수) 부터),2024학년도 신/편입생 학생증 신청 안내(2.28.(수) 부터),학사지원실,2024-02-23,5358,https://www.jj.ac.kr/jj/community/notice02.do?mode=view&articleNo=190524&article.offset=0&articleLimit=100,"2024학년도 신/편입생에 대한 학생증신청 기간을 아래와 같이 안내합니다.1. 신청기간:02.28.(수)~ 03.15.(금) 24:00/기간내 필수 신청입니다.※학번조회방법 (""2024학년도 신/편입생 학번 조회 안내""공지사항 참조)2.신청방법(※자세한 사항은 붙임 문서 참조)가)핸드폰 어플리케이션을 통한 신청나)어플리케이션우리WON뱅킹설치다)우리WON뱅킹 접속(붙임문서를 먼저 확인한 후 신청)※ 국제(외국인)학생은 우리WON뱅킹에서 신청이 불가하며우리은행 전주대학교 출장소(학생회관1층) 에서 신청3.신청 전 준비사항-주민등록증 또는 운전면허증-증명사진- 발급진행시영문명은 여권에 사용하는 영문명으로 입력- 전체 진행은 10분 이내로 신청 가능함4.안내문의-학생증 관련 신청 문의:우리은행 전주대 출장소(063-227-0257누르고211,213,214누름)- 학생서비스센터: 063-220-2135- 학사지원실 -",0,0,0,2.231643408,0.043572985,0,1.072248719,0
학사공지,722,728+학사지원실_24학년도 1학기 1차 폐강과목 안내,2024학년도 1학기 1차 폐강과목 안내,학사지원실,2024-02-22,2546,https://www.jj.ac.kr/jj/community/notice02.do?mode=view&articleNo=190523&article.offset=0&articleLimit=100,"2024학년도 1학기 개설 강좌 중 수강인원 미달에 따른 폐강 과목을 다음과 같이 안내하오니해당 과목의 수강신청자는 아래 사항을 참고하여 수강신청을 정정하시기 바랍니다.1. 폐강과목 현황:첨부파일 참조- 폐강과목 수강신청 내역은 수강신청 정정 기간 중 일괄 삭제될 수 있습니다.폐강과목을 수강신청 한 재학생의 경우, 반드시해당 과목을 직접 삭제하시고다른 과목으로 수강신청변경하시기 바랍니다.2. 수강신청 정정기간: 2. 29.(목) 11:00~3. 9.(토) 18:003. 2차 폐강 일정 공고: 3. 6.(수) 15:00(예정_사정에 따라 변경될 수 있음.)4. 교양과목의 폐강은 수퍼스타칼리지 교양학부에서 별도 공지할 수 있습니다.5. 폐강 및 대체 수강 가능 과목 문의- 전공, 교직 등: 각 학과 사무실(담당 조교 선생님께 문의)- 교양강좌: 수퍼스타칼리지 교양학부(063-220-2009, 3097)붙임 2024학년도 1학기 1차 폐강 교과목 현황 1부. 끝.",0.410677618,0,0,0.287474333,0,0.041067762,1.509686635,0
학사공지,721,727+학사지원실_2023학년도 학위수여식 안내,2023학년도 학위수여식 안내,학사지원실,2024-02-15,2614,https://www.jj.ac.kr/jj/community/notice02.do?mode=view&articleNo=190522&article.offset=0&articleLimit=100,"2023학년도 학위수여식 관련 안내사회에 첫발을 내딛는 졸업생을 많은 구성원이 참여하여 축하를 하여야 하나, 아래와 같이 제한된 인원으로 축소하여 학위수여식이 진행되오니 학부모 및 학생 여러분의 많은 이해와 협조 부탁드립니다.1. 학위수여식 행사가. 일시: 2024.2.21.(수) 10:00나. 장소: JJ아트홀(예술관 1층)다.행사 참여대상: 2023학년도 전기 졸업생(학과별 학위수여자 대표 및 수상자)라.협조사항1) 행사장 출입은 각 단과대학별 선정된 참석자를 우선으로 함2) 학위증은 학위수여일인 24. 2. 21.(수) 이전에 수령 불가능함2.학위증 및 상장 배부가. 배부장소: 학과 사무실(방문수령)나. 배부기간: 2024. 2. 21.(수) ~ 2. 27.(화), 주말제외다. 배부기간 마감 이후 교무처 학사지원실(스타센터 234호)에서 방문 수령 가능3. 학위복(모) 대여 서비스가. 대여장소: 학과 사무실나. 대여기간: 2024. 2. 21.(수) ~ 2. 27.(화), 주말제외4. 졸업증명서 발급가. 일시: 2024. 2. 21.(수) 09:00 이후나. 방법: 교내증명발급기 및 인터넷 증명발급2024년 2월전주대학교 총장",0,0,2.140132504,0,0.034129693,0.136518771,1.798835575,0
학사공지,720,"724+재무지원실_학기 재학생(학부, 대학원) 등록안내","2024학년도 1학기 재학생(학부, 대학원) 등록안내",재무지원실,2024-02-02,7179,https://www.jj.ac.kr/jj/community/notice02.do?mode=view&articleNo=190519&article.offset=0&articleLimit=100,"2024학년도1학기 재학생(학부,대학원)등록안내구 분등록등 록 기 간(수납가능시간)고지서 출력비 고일시 납부자재(복)학생(학부,각대학원)최초2024. 2. 23.(금)∼2. 29.(목) (09:00∼16:00)2. 19.(월)예정학기개시10일전 등록금수납추가2024. 3. 12.(화)∼3. 14.(목) (09:00∼16:00)최초 고지서로납부 가능학자금대출 신청마감4월25일(목)/대출실행:등록기간 내 실행최종2024. 3. 26.(화)∼3. 28.(목) (09:00∼16:00)분납 신청자재(복)학생(학부,각대학원)신청기간2024. 2. 19.(월)∼2. 20.(화) (09:00∼16:00)온라인신청☞홈페이지☞인스타 등록관리☞분납신청/고지서출력1차 납부2024. 2. 23.(금)∼2. 29.(목) (09:00∼16:00)각 차수납부일분납1차분 등록금 미납 시분할납부 신청이 자동 취소됨2차 납부2024. 3. 12.(화)∼3. 14.(목) (09:00∼16:00)1차 납부 후 다음 차수 등록금미납 시 분할납부 자동 취소됨3차 납부2024. 4. 16.(화)∼4. 18.(목) (09:00∼16:00)4차 납부2024. 5. 14.(화)∼5. 17.(금) (09:00∼16:00)학기 초과생(학부9학기 이상 등록 대상자)신청기간수강신청 정정기간(2.29.~3.9.)까지수강신청 완료하면 고지서 자동생성(별도 신청절차 없음)3. 12.(화)예정수강신청 학점 당 등록금액:1–3학점(수업료의1/6)4–6학점(수업료의1/3)7–9학점(수업료의1/2)10학점이상(수업료전액)최초2024. 3. 12.(화)∼3. 14.(목) (09:00∼16:00)최종2024. 3. 26.(화)∼3. 28.(목) (09:00∼16:00)※학기 초과생(9학기이상 등록대상)은수강신청 정정기간 이후 등록금 고지서가 자동 생성됨※분할납부를 원하는 학생은 분할납부 신청기간에 반드시 신청완료 해야함※복학생은 복학 수속을 마친 후학교홈페이지인스타(inSTAR)/등록관리에서등록고지서 출력하여 등록기간에 납부☞등록고지서가 개별적으로 발송되지 않으므로,아래와 같이 학교 홈페이지에서 출력하시기 바랍니다.☞등록고지서 및 납부확인서 출력1. PC-등록금 고지서:학교 홈페이지☞인스타(inSTAR)☞장학/등록☞등록관리☞등록금고지서(출력)-납부확인서:학교 홈페이지☞인스타(inSTAR)☞장학/등록☞등록관리☞등록금 납부내역☞납부확인서(출력)2.모바일-등록금 고지서 및 납부 확인:전주대학교App☞장학/등록☞등록금고지서 또는 등록금 납부내역※등록금 납부확인은 해당은행 홈페이지 공과금(등록금☞납부내역조회)에서 확인이 가능하고,등록금납부확인서는 등록금 납부 다음날(익일)에 출력이 가능합니다.■등록제도1.일시납부:은행창구,인터넷뱅킹(공과금(세금과공과)☞대학등록금☞조회/납부)폰뱅킹을 이용한 가상계좌 이체2.카드납부-우리카드:우리은행창구,우리카드 홈페이지에서 납부(3개월 무이자 할부)-전북은행카드:전북은행 창구에서 납부(2개월 무이자 할부)3.분할납부 신청:학교홈페이지 인스타(inSTAR)☞장학/등록☞등록관리☞분할납부신청/등록4.학자금대출 신청:한국장학재단(www.kosaf.go.kr)에서대출신청☞승인 후☞대출금 지급 실행■등록방법1.수납은행:우리은행,국민은행,전북은행,농협,하나은행 전국 영업점(분납신청자:우리은행 납부)2.은행창구 납부:등록고지서를 지참하여 우리,국민,전북,농협,하나은행 창구에서 등록금 납부3.가상계좌 납부:인터넷뱅킹, ATM기,텔레뱅킹을 이용하여 무통장 입금(해당은행 뱅킹신청자에 한함)4.인터넷뱅킹 납부:납부은행 인터넷뱅킹☞공과금(세금과공과)☞대학등록금☞조회/납부▷우리은행:☎(063) 227-0257 (www.wooribank.com)▷국민은행:☎(063) 236-6316 (www.kbstar.com)▷전북은행:☎(063) 250-7715 (www.jbbank.co.kr)▷농협은행:☎(063) 279-4850 (www.nonghyup.com)▷하나은행:☎(063) 225-1111 (www.kebhana.com)→중국에서 송금시 알리페이 가능*가상계좌의 예금주는 학생 본인입니다.등록금 가상계좌는 학생 개인에게 각각 부여 되었으므로,반드시 본인의 등록고지서에 기재된 가상계좌로 입금하셔야 합니다.-계좌이체 시 학생 본인이 아닌 다른 분이 입금해도(즉,입금자가 달라도)학생 명의로 자동 등록처리 됩니다.-등록금 또는(등록금+기타경비)을 합산하여 입금 시 정확한 등록금액이 아닐 경우,송금에러 발생함.-수납은행 이외의 타 은행 이용 시 송금수수료는 납부자 본인 부담 하셔야 합니다.*등록금은 정해진 기간 내에만 납부 하셔야 하며,정해진 기간 이외의 경우 입금이 불가능 합니다.5.카드 납부-우리카드:우리은행 창구 또는 우리카드 홈페이지에서 납부가능(3개월 무이자 할부)-전북은행카드:전북은행 창구에서만 카드납부 가능(2개월 무이자 할부)6.분할 납부:아래 등록금 분할납부 안내 참조P3~47.학자금 대출에 의한 등록 방법(등록기간 내에만 학자금대출이 실행 가능)▷대출신청 및 실행방법:한국장학재단(www.kosaf.go.kr)신청(서류 및 공인인증서 준비)☞승인완료 후☞한국장학재단☞학자금 대출신청현황☞대출금 지급실행☞등록 완료▷학자금 대출 문의:학교홈페이지 공지사항 참조(또는 학생지원실 문의: 220-2167)8.각종 장학금 수혜로(또는논문신청등)고지서에 납부금액이“0원”일 경우에도반드시 등록 처리를 해야합니다. [인스타(inSTAR)학교등록,수납은행의 납부확인(수납 인),가상계좌 입금의 경우기타경비 납부 중 택1]■등록관련 문의1.등록문의:재무지원실☏063)220-2152~4, 31102.학생지원실☏063)220-2164(국가장학금) /☏063)220-2167(교내장학금) /☏063)220-2982(국가보훈장학금)☏063)220-2819,2163(학생회비,통학버스)3.한국장학재단:☏1599-2000(국가장학금,정부장학금,학자금 대출)4.복학,재입학,수강신청,기타민원:학생서비스 센터☏063)220-2135~65.총동문회:☏063)220-220-2477(동창회비)6.기숙사 문의:☏063)239-5500~2",0.060544904,0,0.047090481,1.565085772,0.073999327,0,1.08745375,0
학사공지,719,723+학사지원실_2023학년도전기 졸업사정 결과 확인,2023학년도전기 졸업사정 결과 확인,학사지원실,2024-01-30,2604,https://www.jj.ac.kr/jj/community/notice02.do?mode=view&articleNo=190518&article.offset=0&articleLimit=100,"2023학년도 전기(2024년 2월 졸업) 졸업대상자의 최종졸업사정 결과를 다음과 같이 안내하오니 졸업대상자는 결과를 확인하시기 바랍니다.1. 졸업사정 결과 확인 방법: 인스타(inSTAR) - 학사관리 - 졸업관리 - 졸업예정자 졸업사정확인※ PC에서 확인하는 것을 권장2. 확인 및 이의신청가. 기간: 2024. 1. 30.(화) 9:00 ~ 17:00나. 이의신청내용: 복수전공, 부전공, 교직 누락여부, 학사학위취득유예 여부다. 확인사항1) 합격가) 단일전공자 합격나) 다전공자 합격※ 다전공자는 주전공과 다전공 모두 합격해야 졸업 합격(주전공과 다전공 중 불합격한 전공이 있는 경우 졸업 불합격)다) 학사학위취득 유예 신청자2) 불합격※ 다전공자는 주전공과 다전공 모두 합격해야 졸업 합격(주전공과 다전공 중 불합격한 전공이 있는 경우 졸업 불합격)3. 졸업사정 안내사항가. 불합격(탈락자)의 경우 불합격 사유를 확인하시기 바랍니다.- 각 학과 문의 또는 졸업이수기준 정보조회(inStar > 학사관리 > 졸업관리)에서 확인나. 학사학위취득유예 신청자 중 졸업을 희망하는 자는 '학사학위취득유예 포기신청서'를 24. 2. 29.(목)까지 제출하시기 바랍니다.4. 문의사항- 졸업사정 결과 관련 문의: 각 학과- 시스템 관련 문의: 학사지원실(063-220-2083)2024. 1.교 무 처 장",0,0,2.052642751,0.14858841,0.059435364,0,0.208023774,0
학사공지,718,722+수퍼스타칼리지 교양학부_ 개편에 따른 대체동일과목 지정 안내,2024학년도 교양 외국어(영어) 교과목 개편에 따른 대체동일과목 지정 안내,수퍼스타칼리지 교양학부,2024-01-24,2236,https://www.jj.ac.kr/jj/community/notice02.do?mode=view&articleNo=190517&article.offset=0&articleLimit=100,2024학년도 교양 외국어(영어)교과목 개편에 따른 대체동일과목 지정을 안내하오니 재수강신청 시 참고하시기 바랍니다.1. 대체동일과목 지정 현황폐강 과목2024학년도 개설과목학수번호과목명학수번호과목명학수번호과목명15955기본영어회화(1)12262중급영어(1)17204글로벌잉글리시Ⅰ15963생활영어회화(1)12264중급영어(3)15966실용영어회화(1)16087중급영어(3)05066영어회화(1)10504초급영문법10498영어회화(Ⅰ)10508중급영문법10512초급프랑스어회화(1)14832초급독해10514초급프랑스어(1)10505초급독해작문10516초급독일어회화(1)14833초급영작문10518초급독일어(1)10506스크린영어12266고급영어(1)10508중급영문법14828토익1LC10508중급영문법14829토익1RC15956기본영어회화(2)14928토익2LC17205글로벌잉글리시Ⅱ15964생활영어회화(2)14929토익2RC15967실용영어회화(2)12263중급영어(2)06216영어회화(2)12265중급영어(4)10499영어회화(ⅱ)10506스크린영어10513초급프랑스어회화(2)10507TOELC R/C10515초급프랑스어(2)10509발표와드라마10518초급독일어회화(2)10510중급독해작문10519초급독일어(2)14834중급독해12267고급영어(2)16080대학영어17106글로벌잉글리시17299코어잉글리시2.문의:수퍼스타칼리지 교양학부/ 063-220-2008수퍼스타칼리지 교양학부,0.752695051,0,0,0.027510316,0,0,0.725184735,0
학사공지,717,721+학사지원실_(종합설계) 수강신청 방법 변경 안내,개인팀프로젝트(종합설계) 수강신청 방법 변경 안내,학사지원실,2024-01-23,1955,https://www.jj.ac.kr/jj/community/notice02.do?mode=view&articleNo=190516&article.offset=0&articleLimit=100,개인팀프로젝트(종합설계) 수강신청 방법이 다음과 같이 변경되었사오니수강신청에 유의하시기 바랍니다.감사합니다.,1.727166276,0,0,1.727166276,0,0,2.470725995,0
학사공지,716,720+학사지원시실_[신(편)입생 수강신청은 별도 공지],2024학년도 1학기 재학생 수강신청 안내 [신(편)입생 수강신청은 별도 공지],학사지원시실,2024-01-22,12676,https://www.jj.ac.kr/jj/community/notice02.do?mode=view&articleNo=190515&article.offset=0&articleLimit=100,"2024학년도 1학기 수강신청 기간을 다음과 같이 안내하오니재학생 여러분께서는 일정을 참고하여 수강신청하여 주시기 바랍니다.1.수강바구니 기간: 2024. 1. 24.(수) 11:00∼1. 26.(금) 17:00※ 수강바구니 기간 수강바구니 담기는 inSTAR(https://instar.jj.ac.kr)에서 가능합니다.( 인스타 로그인 - 수강신청 - 수강바구니)※ 수강바구니 기간 타학년/타학과 과목을 바구니에 담은 경우수강신청기간 수강신청 시 학년을 '전체'로 설정하고 조회해야 해당 과목이 조회되고 수강신청 가능합니다.※ 수강바구니 기간에는 '한국지역대학연합(RUCK) 과목'은 수강바구니 담기가 되지 않습니다.※ 수강바구니 기간에는 '학과학년제한'이 설정된 과목은 수강바구니 담기가 되지 않습니다.※ 수강바구니 이후 사정에 따라 '학과학년제한'이 되어 수강신청 기간에 신청하지 못할 수 있습니다.이 경우 '학과학년제한'이 해제된 후 신청하여 주시기 바랍니다.(특히, 신입생 대상 강좌 중 수강바구니 인원이 과다할 경우 수강신청 기간 중에 신청이 불가 할 수 있음.)2. 장애 및 국제학생 수강신청 기간: 2024. 1. 31.(수) 11:00∼2. 2.(금) 17:00※ 수강신청 웹페이지 주소:https://sugang.jj.ac.kr-수강신청 시 웹 브라우저를 구글 크롬(Chrome) 또는 마이크로소프트 엣지(Edge)로 접속 권장3. 재학생 수강신청 기간:  2024. 2. 14.(수) 11:00∼2. 16.(금)15:00(<- 마감시간 유의)※ 수강신청 웹페이지 주소:https://sugang.jj.ac.kr-수강신청 시 웹 브라우저를 구글 크롬(Chrome) 또는 마이크로소프트 엣지(Edge)로 접속 권장※ 수강신청 방법 안내: 수강신청 안내 동영상(https://bit.ly/3xTZlVr) 참조 ('Youtube'에서 '전주대학교 수강신청'으로 검색)※ 수강신청 홈페이지 접속 지원 프로그램(넷퍼넬-다중접속제어솔루션) 운영으로접속대기자가 많을 경우 접속대기 메세지(붙임-예시 화면 참조)가 표시될수 있음※ 수강바구니 기간 타학년/타학과 과목을 수강바구니에 담은 경우수강신청 시 학년을 '전체'로 설정하고 조회해야 해당 과목이 조회되고 수강신청 가능합니다.※ 수강신청 기간에는 한국지역대학연합(RUCK)과목은 수강신청이 되지 않습니다.4. 개인(팀)프로젝트 수강신청-  개인(팀)프로젝트 수강신청 기간은 일반 수강신청 기간과 동일함.-  개인(팀)프로젝트의 수강신청은일반수강신청 페이지와 동일함(2024-1학기 부터)※개인(팀)프로젝트 포함 수강신청 제한학점을 초과하지 않도록 유의※ 수강신청 제한학점 초과 시 개인(팀)프로젝트 신청이 취소될 수 있음5. 폐강과목 게시 및 안내- 1차: 2. 22.(목) 15:00- 2차: 3. 6.(수) 15:00※ 본교 홈페이지 공지사항(학사) 게시 및 안내 예정※ 폐강과목 수강 학생에게 개인 별 안내 및 공지 없음(inSTAR에서 확인)※ 교양 교과목은 별도 공지될 수 있음6. 학과학년제한 해제: 2024. 2. 29.(목) 11:00※ 일부 교양 및 학과 지정 일부 과목은 학과학년제한 해제에서 제외될 수 있음7. 수강신청 정정기간(폐강과목 수강신청자 포함): 2024. 2. 29.(목) 11:00∼3. 9.(토) 18:00※ 수강신청 정정 기간 수강신청 정정은 inSTAR(https://instar.jj.ac.kr)에서 가능합니다.( 인스타 로그인 - 수강신청 - 수강신청)8. 학점교류 원격(RUCK 포함) 강좌 수강신청:  2024. 2. 29.(목) 11:00∼3. 9.(토) 18:00※ 직전학기 평점평균 3.0 이상인 경우 수강신청 가능(개설 강좌는 붙임파일 참조)※ RUCK 강좌 수강신청은 inSTAR(https://instar.jj.ac.kr)에서 가능합니다.( 인스타 로그인 - 수강신청 - 수강신청)9. 수강취소 기간: 2024. 3. 11.(월) 11:00∼3. 13.(수) 18:00까지※ 수강신청 취소 기간 수강취소 신청은 inSTAR(https://instar.jj.ac.kr)에서 가능합니다.( 인스타 로그인 - 학사관리 - 수강신청내역/수강취소        ***수강신청 메뉴와 다름***)※ 수강신청 취소는 최대 6학점(6학점을 초과하여 수강취소 불가능) 범위 내에서 가능합니다.10. 개설 교과목 수업계획서(시간표) 확인※ 인스타 로그인 -> 학사관리 -> 수업계획서(개설강좌) 조회 -> 학과선택 -> 조회(수업계획서 및 수업 시간표는 인스타에서 확인 가능하며, 학과 사정에 따라 개강 전 수업 시간표가 변동될 수 있습니다.)11. 기타 주의사항 안내※ 2024년 8월 졸업을 희망하는(1학기가 마지막 이수 학기) 재학생은 졸업이수요건 필수과목을 미이수한 경우,기간 내 반드시 수강신청하여 주시기 바랍니다.12.문의전화- 교양과목(수퍼스타칼리지 교양학부): 220-3097(핵심, 자유교양, 소프트웨어), 2009(외국어, 인성, 의사소통)- 교직과목(사범대학 교육학과): 220-2346- 채플&기독교과목(선교지원실): 220-2423, 2737,3149- 수강신청시스템 및 기타문의(학사지원실): 220-2134, 2083, 2417붙 임 1. 2024-1학기 수강신청FAQ자료1부.2. 수강신청 접속 대기화면 자료 1부.3. 교양학점 확인 방법 안내 자료 1부.4. 2024-1학기 학점교류(RUCK 포함) 원격강좌 개설 교과목 안내_전북권역 인원 수정1부.  끝.",1.826054498,0,0.06718925,1.729003359,0.022396417,0.014930944,1.460246361,0
학사공지,715,719+실감미디어혁신융합대학사업단_청 안내(실감미디어혁신융합대학사업단),2024학년도1학기 학점교류 실시 및 신청 안내(실감미디어혁신융합대학사업단),실감미디어혁신융합대학사업단,2024-01-19,1322,https://www.jj.ac.kr/jj/community/notice02.do?mode=view&articleNo=190514&article.offset=0&articleLimit=100,"실감미디어혁신융합대학 간 학점교류 협정에 의거하여 2024학년도 1학기 학점교류 학생을 다음과 같이 접수하오니관심 있는 재학생들의 많은 신청 바랍니다.순교류대학추천기한수학안내문(대학명 클릭)신청자격1건국대학교2024. 2. 13.(화)건국대학교추천자 양식- 타대학 학점교류 이수 후, 1학기 이상 본교 등록이 가능한 자(2024년 2월 졸업예정자 신청 대상 제외)- 본교와 학술교류 협정을 체결한 대학 학생으로서 소속 대학교  총장의 추천을 받은 학생2경희대학교2024. 2. 2.(금)경희대학교신청자 양식신청 매뉴얼통합ID 등록 매뉴얼3계명대학교2024.1.30.(화)계명대학교추천자 명단4계원예술대학교5배재대학교2024. 2. 6.(화)배재대학교추천자 명단신청서교과목6중앙대학교2024. 1. 25.(목)중앙대학교신청자 명단개인정보 동의서*학점교류 협약대학에서 학점 교류 안내 공문이 도착하면 해당 대학 자료를 추가로 업데이트 예정입니다.1. 신청방법: 제출서류를 실감미디어혁신융합대학사업단 사무실에 제출/ ***해당대학 추천기한 전날까지***(학점교류 과목 이수계획서는 작성 후, 소속 학과 조교에게 확인 후 학과장 서명 받을 것)2. 제출서류(붙임 양식 참조)가. 국내대학 학점교류 신청서 1부.나. 국내대학 학점교류 과목 이수 계획서 1부.3. 유의사항가. 교류대학별로 추천기한이 상이하여 접수기간이 다른 점을 유의하시기 바랍니다.나. 붙임 자료의 수학 안내문이 없는 대학의 경우 해당 대학에서 공문이 발송되지 않은 것입니다.(안내문이 없는 대학으로의 학점교류는 접수하는 대로 공지할 예정임)라.이수 계획서에 기재된 과목이 아닌 다른 과목을 신청할 시에는 성적부여가 되지 않습니다.마.편입생 및 2024년 9월 졸업예정자(2024-1학기가 마지막 학기인 학생)는 신청 대상에서 제외 됩니다.4. 관련 문의: 실감미디어혁신공유대학사업단(063-220-2988)붙임 1. 학점교류 신청서 및 교류대학 과목 이수계획서 1부.2. 수학대학 안내문 각 1부.",0.020304569,0.020304569,0.941329241,1.002242947,0.060913706,0,0.941329241,0
학사공지,714,760+재무지원실_2학기 재학생(학부·대학원) 등록안내,2024학년도 2학기 재학생(학부·대학원) 등록안내,재무지원실,2024-01-08,14746,https://www.jj.ac.kr/jj/community/notice02.do?mode=view&articleNo=190555&article.offset=0&articleLimit=100,"2024학년도2학기 재학생(학부·대학원)등록안내구 분등 록등록기간(수납가능시간)고지서출력비 고일시 납부자재(복)학생(학부,각 대학원)최초2024. 8. 22.(목)∼8. 30.(금)(09:00∼16:00)8. 15.(목)예정·학기 개시10일 전 등록금 수납추가2024. 9. 10.(화)∼9. 12.(목)(09:00∼16:00)·최초 고지서로 납부 가능·학자금대출 신청마감:10. 24.(목)·대출 실행:등록기간 내 실행최종2024. 9. 24.(화)∼9. 26.(목)(09:00∼16:00)분납 신청자재(복)학생(학부,각 대학원)신청기간2024. 8. 16.(금)∼8. 20.(화)(09:00∼16:00)·온라인 신청:홈페이지→인스타→등록관리→분납신청/고지서출력1차납부2024. 8. 22.(목)∼8. 30.(금)(09:00∼16:00)각 차수납부일·분납1차분 등록금 미납 시,분할납부 신청이 자동 취소됨2차납부2024. 9. 10.(화)∼9. 12.(목)(09:00∼16:00)·1차 납부 후 다음 차수 등록금미납 시,분할납부 자동 취소됨3차납부2024. 10. 8.(화)∼10. 11.(금)(09:00∼16:00)4차납부2024. 11. 12.(화)∼11. 14.(목)(09:00∼16:00)학기 초과생(학부9학기 이상등록 대상자)신청기간수강신청 정정기간(8.30.~9.7.)까지수강신청 완료하면 고지서 자동생성(별도 신청절차 없음)9. 9.(월)예정·수강신청 학점 당 등록금액1∼3학점(수업료의1/6)4∼6학점(수업료의1/3)7∼9학점(수업료의1/2)10학점이상(수업료전액)최초2024. 9. 10.(화)∼9. 12.(목)(09:00∼16:00)최종2024. 9. 24.(화)∼9. 26.(목)(09:00∼16:00)※등록금은 정해진 기간 내에만 납부하셔야 하며,정해진 기간 이외의 경우 입금이 불가능 합니다.※분할납부를 원하는 학생은 분할납부 신청기간에 반드시 신청을 완료해야 합니다.■등록금고지서 및 납부확인서※등록금고지서가 개별적으로 발송되지 않으며,학교 홈페이지에서 출력하시기 바랍니다.1.등록금고지서 확인 방법PC:학교 홈페이지→인스타(inSTAR)→장학/등록→등록관리→등록금고지서(출력)모바일:전주대학교App→장학/등록→등록금고지서복학생은 복학 수속을 마친 후 인스타(inSTAR)→등록관리에서 등록금고지서 출력,등록기간에 납부2.납부확인서 확인 방법PC:학교 홈페이지→인스타(inSTAR)→장학/등록→등록관리→등록금 납부내역→납부확인서(출력)모바일:전주대학교App→장학/등록→등록금 납부내역은행:해당 은행 홈페이지 공과금(등록금→납부내역조회)에서 확인납부확인서 조회일:등록금 납부 다음날(익일)에 출력 가능■등록제도1.일시 납부:은행창구,인터넷뱅킹,폰뱅킹을 이용한 가상계좌 이체2.카드 납부우리카드:우리은행 창구,우리카드 홈페이지에서 납부(8. 30.까지3개월 무이자 할부 가능)전북은행카드:전북은행 창구에서 납부(2개월 무이자 할부)3.분할납부 신청:학교 홈페이지 인스타(inSTAR)→장학/등록→등록관리→분할납부신청/등록4.학자금 대출 신청:한국장학재단(www.kosaf.go.kr)에서 대출신청→승인 후→대출금 지급 실행■등록방법1.수납은행:우리·국민·전북·농협·하나은행 전국 영업점(분납신청자:우리은행 납부)2.은행창구 납부:등록금고지서를 지참하여 우리·국민·전북·농협·하나은행 창구에서 등록금 납부3.가상계좌 납부:인터넷뱅킹, ATM기,텔레뱅킹을 이용하여 무통장 입금(해당은행 뱅킹신청자에 한함)4.인터넷뱅킹 납부:납부은행 인터넷뱅킹→공과금(세금과공과)→대학등록금→조회/납부우리은행: (063) 227-0257 (www.wooribank.com)국민은행: (063) 236-6316 (www.kbstar.com)전북은행: (063) 250-7715 (www.jbbank.co.kr)농협은행: (063) 279-4850 (www.nonghyup.com)하나은행: (063) 225-1111 (www.kebhana.com)→중국에서 송금시 알리페이 가능※가상계좌의 예금주는 학생 본인입니다.등록금 가상계좌는 학생 개인에게 각각 부여 되었으므로,반드시 본인의 등록금고지서에 기재된 가상계좌로 입금하셔야 합니다.※계좌이체 시 학생 본인이 아닌 다른 분이 입금해도(즉,입금자가 달라도)학생 명의로 자동 등록처리됩니다.※등록금 또는[등록금+기타경비]를 합산하여 입금 시 정확한 등록금액이 아닐 경우,송금에러가발생합니다.※수납은행 이외의 타 은행 이용 시 송금수수료는 납부자 본인이 부담하셔야 합니다.5.카드 납부우리카드:우리은행 창구,우리카드 홈페이지에서 납부(8. 30.까지3개월 무이자 할부 가능)전북은행카드:전북은행 창구에서 납부(2개월 무이자 할부)6.분할 납부:첨부파일「등록금 분할납부제 안내」확인(p.3)7.학자금 대출에 의한 등록 방법(등록기간 내에만 학자금 대출이 실행 가능)대출 신청 및 실행 방법:한국장학재단(www.kosaf.go.kr)신청(서류 및 공인인증서 준비)→승인완료 후→한국장학재단→학자금 대출신청현황→대출금 지급 실행→등록 완료학자금 대출 문의:학교 홈페이지 공지사항 확인(학생지원실 문의: 063-220-2162, 2172, 2167)8.각종 장학금 수혜로(또는 논문신청 등)고지서에 납부금액이“0원”일 경우에도 반드시 다음 중 하나의 방법으로 등록 처리를 해야 합니다.인스타(inSTAR)학교등록수납은행의 납부확인(수납 인)가상계좌 입금의 경우 기타경비 납부■등록관련 문의문 의 사 항연 락 처부 서등록(063)220-2152~4, 3110재무지원실장학국가장학금(063)220-2164학생지원실교내장학금(063)220-2167국가보훈장학금(063)220-2982학생회비,통학버스(063)220-2819, 2163학자금 대출,국가장학금,정부장학금1599-2000한국장학재단복학,재입학,수강신청,기타 민원(063)220-2135~6학생서비스센터동창회비(063)220-2477총동문회기숙사(063)239-5500~2",0.054926193,0,0.048060419,1.57001314,0.075523515,0,1.110006274,0
학사공지,713,754+대학원통합행정지원실_ 학·석사 연계과정 예비생 선발 안내,2024-2학기 일반대학원 학·석사 연계과정 예비생 선발 안내,대학원통합행정지원실,2024-01-07,723,https://www.jj.ac.kr/jj/community/notice02.do?mode=view&articleNo=190549&article.offset=0&articleLimit=100,"[2024학년도 2학기 일반대학원 학·석사 연계과정 예비생 선발 안내]1. 지원자격가. 4학기 이상 수료자(5학기~7학기 재학 중인 자)나. 65학점 이상 취득하고, 총 평점평균이 3.0 이상이며, 지도교수의 추천을 받은 사람다. 건축학과 및 사범대학 재적생은 제외2. 제출 서류가. 학·석사 연계과정 지원서 1부.나. 서약서 1부.다. 연구계획서 1부.라. 자기소개서 1부.마. 성적증명서 1부.3. 전형 일정가. 접수:2024. 7. 1.(월) ~ 7. 5.(금)접수처: 대학원통합행정지원실(지역혁신관 502호)나. 학과 서류전형: 2024. 7. 15.(월) ~ 7. 18.(목) 예정다. 합격자 발표:2024. 7. 25.(목) 예정※ 자세한 사항은 붙임 파일을 확인하여주시기 바랍니다.※ 문의: 일반대학원 행정실 063-220-2139",0,0.047961631,0.095923261,0,1.04898938,0.047961631,1.04898938,0
학사공지,712,755+학사지원실_ 2학기 학사학위취득 유예 신청 안내,2024학년도 2학기 학사학위취득 유예 신청 안내,학사지원실,2024-01-07,1319,https://www.jj.ac.kr/jj/community/notice02.do?mode=view&articleNo=190550&article.offset=0&articleLimit=100,2024학년도 2학기 학사학위취득 유예(구.졸업연장)신청에 대해 다음과 같이 안내하오니 참고하시기 바랍니다.1.신청대상: 2023학년도 후기 졸업대상자(2024년 8월 졸업)중 학칙이 정한 졸업 요건을 전부 갖춘 학생2.신청기간:2024. 7. 8.(월)~7. 18.(목) 17:00까지3.신청방법: inSTAR→학사관리→학사학위취득유예 신청(※졸업사정 종료 후 최종 승인여부를 인스타 또는 학과에 확인 필수)4.학사학위취득 유예구분 및 등록구분등록신청목적재수강계절학기 수강료 기준:학점당8만원교과목 재이수를 통한 성적 향상 목적자기개발별도의 학점등록 없음순수 자기개발 목적5.주의사항(필독)가.학사학위취득 유예는 학기 단위로최대2회까지 신청 가능나.신청제외:외국인 유학생은 신청 불가다.학사학위취득 유예기간 중 휴학 불가라.신청자가 졸업사정에서 불합격한 경우 그 신청은 당연 취소됨마.신청취소:2024. 8. 6.(화)~8. 30.(금)까지'학사학위취득 유예 포기신청서(첨부)를소속 단과대학에 제출6.문의:각 학과 사무실교무처장,0.038387716,0.038387716,1.608856594,1.724019742,0.038387716,0,1.186591719,0
학사공지,711,742+실감미디어혁신융합대학사업단_청 안내(실감미디어혁신융합대학사업단),2024학년도 하계 계절학기 학점교류 실시 및 신청 안내(실감미디어혁신융합대학사업단),실감미디어혁신융합대학사업단,2024-01-05,1226,https://www.jj.ac.kr/jj/community/notice02.do?mode=view&articleNo=190537&article.offset=0&articleLimit=100,"실감미디어혁신융합대학 간 학점교류 협정에 의거하여 2024학년도 하계 계절수업 학점교류 학생을다음과 같이 접수하오니 관심 있는 재학생들의 많은 신청 바랍니다.순교류대학추천기한수학안내문(대학명 클릭)신청자격1건국대학교2024. 5. 14.(화)건국대학교신청자 명단- 타대학 학점교류 이수 후, 1학기 이상 본교 등록이 가능한 자(2024년 8월 졸업예정자 신청 대상 제외)- 본교와 학술교류 협정을 체결한 대학 학생으로서 소속 대학교총장의 추천을 받은 학생2경희대학교2024. 5. 23.(목)경희대학교신청자 명단신청 매뉴얼등록 매뉴얼3계명대학교2024. 5. 31.(금)계명대학교추천자 명단4계원예술대학교2024. 5. 29.(수)계원예술대학교신청자 명단개인정보 수집 동의서5배재대학교2024. 5. 29.(수)배재대학교개설 교과목추천자 명단신청서(서식)6중앙대학교2024. 5. 13.(월)중앙대학교신청자 명단개인정보동의서*학점교류 협약대학에서 학점 교류 안내 공문이 도착하면 해당 대학 자료를 추가로 업데이트 예정입니다.1. 신청방법: 제출서류를 실감미디어혁신융합대학사업단 사무실에 제출/ ***해당대학 추천기한 전날까지***(학점교류 과목 이수계획서는 작성 후, 소속 학과 조교에게 확인 후 학과장 서명 받을 것)2. 제출서류(붙임 양식 참조)가. 국내대학 학점교류 신청서 1부.나. 국내대학 학점교류 과목 이수 계획서 1부.3. 유의사항가. 교류대학별로 추천기한이 상이하여 접수기간이 다른 점을 유의하시기 바랍니다.나. 붙임 자료의 수학 안내문이 없는 대학의 경우 해당 대학에서 공문이 발송되지 않은 것입니다.(안내문이 없는 대학으로의 학점교류는 접수하는 대로 공지할 예정임)다.이수 계획서에 기재된 과목이 아닌 다른 과목을 신청할 시에는 성적부여가 되지 않습니다.라.편입생 및2024년 8월 졸업예정자(2024-1학기가 마지막 학기인 학생)는 신청 대상에서 제외 됩니다.4.관련 문의:실감미디어혁신공유대학사업단(063-220-2988)붙임  1. 학점교류 신청서 및 교류대학 과목 이수계획서1부.2. 수학대학 안내문 각 1부.",0.038910506,0.019455253,0.858463035,0.9557393,0.058365759,0,0.858463035,0
학사공지,710,717+학사지원실_ 성적 공개 및 확인(이의신청) 안내,2023학년도 2학기 성적 공개 및 확인(이의신청) 안내,학사지원실,2023-12-28,5065,https://www.jj.ac.kr/jj/community/notice02.do?mode=view&articleNo=190512&article.offset=0&articleLimit=100,"2023학년도 2학기 성적 공개 및 확인(이의신청) 안내1. 성적 확인 및 성적 이의신청가. 성적 확인기간 및 이의신청:  1. 3.(수) 오전 11시 ~ 1. 9.(화) 오후 3시까지※강의평가 미응답한 경우, 1. 4.(목)부터 성적 확인 가능함※성적확인 기간 중 성적 정정 처리 업데이트 시간(업무일 오후 1시~1시30분, 오후 5시~5시30분)에는 성적 확인 불가나. 조회방법:  inSTAR or 전주대 포털 앱 -> 학사관리 -> 학기별 성적 조회다.이의신청:  inSTAR  -> 학사관리 -> '성적이의신청’을 통해서만 이의신청 가능2. 참고사항가. (중간, 기말, 과제 등) 성적평가 영역별 상세 성적을 조회 가능나.합리적 사유가 없는 이의신청(장학금 및 재수강 등 개인적 사정 등에 호소)은 이의신청 사유에 해당되지 않으며,해당 내용으로 성적이의신청 시청탁금지법에 위배되며 근거 자료로 남을 수 있으니 유의하시기 바랍니다.다.2023-2학기 성적을 포함한 성적증명서 발급은 1월 11일(목) 오전 11시 이후 발급 가능하오니 참조하시기 바랍니다.교 무 처 장",0.036630037,1.596840659,0,1.26717033,0.036630037,0,1.120650183,0
학사공지,709,712+학사지원실_3학년도 2학기 대체보강일 지정 안내,2023학년도 2학기 대체보강일 지정 안내,학사지원실,2023-11-28,1796,https://www.jj.ac.kr/jj/community/notice02.do?mode=view&articleNo=190507&article.offset=0&articleLimit=100,2023학년도 2학기 대체보강일 지정 안내2023학년도 2학기 대체보강일을 다음과 같이 안내하오니 참고하시기 바랍니다.1. 대체보강일 지정 사유가. 고등교육법 시행령 제14조에 의거 학점 당 매학기 15시간 이상 수업 실시나. 휴무일(공휴일 등)에 실시되는 수업에 대해서는 대체보강일을 지정하여 수업 운영2. 휴무일 관련 보강주간가.보강주간 및 기말시험: 15~16주차나. 보강주간 지정일순휴무일대체보강일휴일구분비 고110. 2.(월)12. 18.(월)휴업일추가210. 3.(화)12. 19.(화)개천절310. 9.(월)12. 20.(수)한글날49. 28.(목)12. 21.(목)추석연휴59. 29.(금)12. 22.(금)69. 30.(토)12. 23.(토)다.기말시험: 강좌 별 마지막 수업일에 기말고사 실시교 무 처 장,1.891975309,0.148148148,0.049382716,0,0,0.197530864,1.348765432,0
학사공지,708,710+융합학부_합·마이크로전공 이수신청 안내(3차),2023학년도 2학기 연계·융합·마이크로전공 이수신청 안내(3차),융합학부,2023-11-20,1441,https://www.jj.ac.kr/jj/community/notice02.do?mode=view&articleNo=190505&article.offset=100&articleLimit=100,"2023학년도 2학기 연계‧융합‧마이크로전공 이수신청(3차)관련 안내합니다.재학생 여러분의 많은 관심과 신청 바랍니다.1. 신청 관련 안내1) 신청자격: 신(편)입학 후 2학기 이상 등록한 자2) 신청기간:1. 8.(월)~1. 21.(일)/ 매 학기 1~2주차, 12~13주차 진행3) 신청절차: inSTAR 신청 > 융합교육지원센터 승인(세부 신청방법은 첨부파일 참조)2. 전공 관련 안내1) 전공별 이수 기준구분복수(부)전공총이수학점주전공중복인정 학점융합교과목이수학점ⓐ참여전공이수학점ⓑ선택이수학점ⓐ or ⓑ연계전공복수전공36학점15학점 이내-21학점 이상-융합전공복수전공36학점12학점 이내9학점 이상9학점 이상6학점부전공21학점6학점 이내6학점 이상3학점 이상6학점마이크로전공12학점3학점 이내-9학점 이상-2) 전공별 소개:http://www.jj.ac.kr/sc홈페이지의 전공별 안내자료 참고3) 이수 관련 문의: 교육혁신본부 융합교육지원센터(대학본관 228호 / 063-220-2821~4)3. 전공 현황 안내1) 7개 연계전공연계전공공공인재독서·논술교육벤처창업보육학일영멀티링구얼중국비즈니스중국어관광통역-2) 15개 융합전공융합전공경영법학국민연금글로컬콘텐츠제작대물차량손해사정드론라이프스타일기획보컬퍼포먼스사회적경제스마트시티실감미디어일본AI탄소혁신리빙랩Food R&BD하림산학3) 72개 마이크로전공- 이수제한 학과([붙임2]) 확인 필요마이크로전공게임공학게임그래픽디자인게임기획공항서비스실무글로벌문화콘텐츠글로벌외식조리글로벌음식문화글로컬관광콘텐츠글로컬호텔객실서비스데이터분석실무드론응용로컬문화실감미디어리빙랩디자인리빙랩외식컨설턴트마이스&이벤트플래닝메디푸드모빌리티반도체문화적도시재생문화콘텐츠기획방산소재배터리관리시스선수트레이닝및재활세계외식조리소셜디자인소셜리빙랩실감미디어스마트농생명스마트팜분석스마트팜운영스마트팜응용스마트팩토리실무식품개발식품데이터분석식품신기술개발식품품질관리실감미디어기획실감미디어펀더멘털역사미디어스토리텔링영어플러스외식창업과뉴비즈니스외식창업및컨설팅우주항공부품설계이차전지모듈이차전지소재이차전지재활용인공지능기획일본어플러스장애인직업평가전기자동차전장부품제로하우스조리외식응용기술조선해양에너지시스템중국어플러스지능형특수목적모빌리티창업컨설턴트축제스토리텔링치유웰니스관광태권도비즈니스태권도선교푸드스토리텔링호남선교역사콘텐츠창작호텔객실서비스호텔경영지원호텔세일즈앤마케팅호텔식음료서비스호텔회계AI+금AI+일본어ESG경영F&B디자인개발Glocal태권도문화전파J-역사문화관광K-Food실무심화---4. 기타 안내: 이수신청을 하지 않았더라도 관련 교과목의 수강신청이 가능하며,이수신청 전에 수강한 교과목도 인정 가능- 수퍼스타칼리지 융합학부 -",0.061491161,0.01537279,0.322828593,0.995284293,0.04611837,0,0.964538712,0
학사공지,707,711+학사지원실_023학년도 동계 계절수업 운영 안내,2023학년도 동계 계절수업 운영 안내,학사지원실,2023-11-20,5083,https://www.jj.ac.kr/jj/community/notice02.do?mode=view&articleNo=190506&article.offset=0&articleLimit=100,"2023학년도 동계 계절수업을 다음과 같이 운영하고자 하오니 관심있는 재학생들의 많은 신청바랍니다.1. 계절수업 운영 일정구 분기 간비 고수강신청11. 29.(수) 11:00~12. 1.(금) 18:00인스타(inSTAR)-수강신청폐강과목 공고12. 6.(수) 15:00본교 홈페이지 학사게시판 공고폐강과목 수강신청 정정기간12. 7.(목) 11:00~18:00폐강과목 수강 신청자만 수강신청 정정 가능수업료납부(등록기간)12. 13.(수)~12. 15.(금)고지서 출력(12. 11.(월) 오후 11시 부터 가능)우리은행 영업시간 내 납부가능수강취소12. 19.(화)~2024. 1. 9.(화)- 미등록 시 수강신청내역은 일괄 취소처리함- 등록 후, 수강취소 시 환불기준에 의거 환불 조치함- 수강취소 방법: inSTAR 로그인-학사관리-수강신청내역/취소-수강신청리스트에서 수강취소 과목 선택 후 저장계절수업 기간2023. 12. 26.(화)~2024. 1. 16.(화)- 원격중심수업은 온라인으로 진행- 기말시험 수업시간표 시간에 대면시험 참석하여야 함성적 확인 및 이의신청 기간2024. 1. 18.(목)11:00~1. 19.(금)15:00- 성적확인 기간 중 성적 정정 처리 업데이트 시간(오후 1시~1시30분, 오후 5시~5시30분)에는성적 확인 불가- 이의신청:  inSTAR  -> 학사관리 -> '성적이의신청’을 통해서만 이의신청 가능-합리적 사유가 없는 이의신청(장학금 및 재수강 등 개인적 사정 등에 호소)은 이의신청 사유에해당되지 않으며,해당 내용으로 성적이의신청 시청탁금지법에 위배되며 근거 자료로 남을수 있음* 등록금 고지서(납부확인서) 출력: inSTAR-장학/등록-등록관리-등록금 고지서/납부확인서(출력)2. 수강신청 학점: 최대 6학점 이내(2015학번 이전 최대 9학점 이내)* 수강신청방법: 인스타(inSTAR) 로그인 -수강신청 - 수강신청 메뉴에서 수강 희망과목 선택 및 저장* 원격중심 수업: 최대 3학점 이내(야간교육과정 재학생 최대 6학점 이내)- 전체학기:  2015학번 까지 42학점, 2016학번부터 32학점 이내 수강 가능*원격중심 수업은 출석인정(취업사유)을 제출한 학생인 경우도 사이버캠퍼스에서 수업을 정상수강해야 함(취업사유로 인한 출석인정 해당사항 없음)3. 수업방식가.대면수업 원칙/원격중심수업은 온라인으로 진행나. 기말시험은 대면평가를 원칙으로 함- 원격수업 중 대면시험 과목이 있을 수 있음[교과목 개설 현황 참조]다. 계절수업 수강생은 수업 방식 및 수업 시간표를 사전에 확인하여 수업 참석 요망4. 평가(성적산출)방법: 정규학기와 동일5. 수업료: 1학점 당 80,000원6. 개설과목: 붙임 자료 참조7. 등록금 환불기준사유 발생 시기반환 금액비고개강 전전액 환불개강 후 수업일 수1/3 이내 (2024. 1. 2.(화) 까지)납입금2/3 반환개강 후 수업일 수2/3 이내 (2024. 1. 9.(화) 까지)납입금1/3 반환개강 후 수업일 수2/3 초과 (2023. 1. 10.(수) 부터)반환하지 않음취소 불가8. 유의사항가. 등록일자 엄수 요망:등록기간 내  등록금을 납부하지 않은 자의 수강신청 내역은 무효 처리함나.2023-2학기에 기 수강한 과목과 동일과목을 수강한 경우 해당 수강 내역은 수강취소처리 함다. 채플 과목은 8학기 이상 이수자(건축학과 10학기 이상) 중, 채플미이수한 재학생만 수강신청 가능함라. 수강신청 정정신청은 최초 수강신청 후, 폐강과목을 수강신청 한 재학생에 한하여 가능함마. 사회봉사 과목 수강신청 방법:inSTAR 로그인-학사관리-사회봉사 교과목-교과목 신청(※자세한 사항: 사회봉사센터 홈페이지 수강신청 관련 게시물 참조)9. 계절수업 관련 문의처가. 교양과목: 수퍼스타칼리지 교양학부 220-4648, 3097나. 융합전공: 수퍼스타칼리지 융합학부 220-2821, 2823다. 채플: 선교지원실 220-2423라. 수업료 납부 및 환불: 재무지원실 220-3110마. 원격강좌 수업: 원격교육지원센터 220-2402바. 사회봉사 과목 수강 신청 및 취소: 사회봉사센터 220-4697사. 계절수업 수강신청 및 취소: 학사지원실 220-2134붙임 2023학년도 동계 계절수업 개설 교과목 현황(게시용) 1부. 끝.",1.862437323,0.12470024,0.095923261,0.402877698,0.047961631,0.067146283,1.478744277,0
학사공지,706,707+학사지원실_점교류 실시 및 신청 안내(일반대학),2023학년도 동계 계절학기 학점교류 실시 및 신청 안내(일반대학),학사지원실,2023-10-23,1968,https://www.jj.ac.kr/jj/community/notice02.do?mode=view&articleNo=190502&article.offset=100&articleLimit=100,"국내 대학 간 학점교류 협정에 의거하여2023학년도 동계 계절학기 학점교류 학생을다음과 같이 접수하오니 관심 있는 재학생들의 많은 신청 바랍니다.순교류대학신청기한수학 안내문(대학명 클릭)신청자격1전북대23. 10. 26.(목)전북대학교추천자 명단- 2학년 이상인 자- 2학기 이상 수료한 자- 직전 학기까지 총 평점평균 3.0이상인 자- 타대학 학점교류이수 후, 1학기 이상 본교 등록이 가능한 자(2024년 2월 졸업 예정자 신청 대상 제외)- 재학 중 최대 4개 학기 수학 가능2제주대23. 10. 26.(목)제주대학교추천자 명단개설 교과목3울산대23. 11. 8.(수)울산대학교추천자 명단4경남대23. 11. 15.(수)경남대학교개설 교과목추천자 명단5계명대23. 11. 28.(화)계명대학교추천자 명단6군산대23. 11. 1.(수)군산대학교개설 교과목추천자 명단7한남대23. 11 29.(수)한남대학교추천자 명단8아주대23. 11. 27.(월)아주대학교신청자 명단추천서 양식사용 매뉴얼9호남대호남대학교추천자 양식10고려대23. 11. 10.(금)고려대학교신청서 양식추천서 양식도서관이용증사용매뉴얼- 3학년 이상인 자- 4학기(70학점) 이상 수료한 자- 직전 학기까지 총 평점평균 3.0이상인 자- 타대학 학점교류이수 후, 1학기 이상 본교 등록이 가능한 자(2024년 2월 졸업 예정자 신청 대상 제외)- 재학 중 최대 2개 학기 수학 가능11연세대23. 11. 10.(금)연세대학교개설 교과목신청자 명단* 학점교류 협약대학에서학점 교류 안내 공문이 도착하면 해당 대학 자료를 추가로 업데이트 예정입니다.1. 신청방법: 제출서류를 학과 사무실에 제출 /***홈페이지에 게시된 신청기한 엄수***(학점교류 과목 이수계획서는 작성 후, 소속 학과 조교에게 확인 후 학과장 서명 받을 것)2. 제출서류(붙임 양식 참조)가. 국내대학 학점교류 신청서 1부.나. 국내대학 학점교류 과목 이수 계획서 1부.3. 유의사항가. 교류대학별로 추천기한이 상이하여 신청기간이 다른 점을 유의하시기 바랍니다.(학생의 교류 수학 신청은 홈페이지에 게시된신청기한에 한합니다.)나. 붙임 자료의 수학 안내문이 없는 대학의 경우 해당 대학에서 공문이 발송되지 않은 것입니다.(안내문이 없는 대학으로의 학점교류는 접수하는 대로 공지할 예정임)라.이수 계획서에 기재된 과목이 아닌 다른 과목을 신청할 시에는 성적부여가 되지 않습니다.마.편입생 및2024년 2월 졸업예정자(2023-동계 계절학기가 마지막 학기인 학생)는 신청 대상에서 제외 됩니다.4. 관련 문의: 학사지원실(063-220-2083) 또는 학과 사무실붙임   1. 학점교류 신청서 및 교류대학 과목 이수계획서 1부.2. 수학대학 안내문 각 1부.",0.059790732,0.014947683,1.043584297,1.088427346,0.059790732,0,0.968845882,0
학사공지,705,"694+재무지원실_학기 재학생(학부, 대학원) 등록안내","2023학년도 2학기 재학생(학부, 대학원) 등록안내",재무지원실,2023-10-08,8409,https://www.jj.ac.kr/jj/community/notice02.do?mode=view&articleNo=190489&article.offset=100&articleLimit=100,"2023학년도2학기 재학생(학부,대학원)등록안내구 분등록등 록 기 간(수납가능시간)고지서 출력비 고일시 납부자재(복)학생(학부,각대학원)최초2023.8.25.(금)∼9.01.(금) (09:00∼16:00)8월18일(금)예정추가2023.9.12.(화)∼9.14.(목) (09:00∼16:00)최초 고지서로납부 가능학자금대출 신청: 10.25.(수)까지대출실행:등록기간內실행최종2023.9.25.(월)∼9.27.(수) (09:00∼16:00)분납 신청자재(복)학생(학부,각대학원)신청기간2023.8.21.(월)∼8.22.(화) (09:00∼16:00)온라인신청☞홈페이지☞인스타 등록관리☞분납신청/고지서출력1차 납부2023.8.25.(금)∼9.01.(금) (09:00∼16:00)각 차수납부일분납1차분 등록금 미납 시분할납부 신청이 자동 취소됨2차 납부2023.9.12.(화)∼9.14.(목) (09:00∼16:00)1차 납부 후 다음 차수 등록금미납 시 분할납부 자동 취소됨3차 납부2023.10.10.(화)∼10.12.(목) (09:00∼16:00)4차 납부2023.11.14.(화)∼11.16.(목) (09:00∼16:00)학기 초과생(학부9학기 이상 등록 대상자)신청기간수강신청 정정기간(9. 1.금~9. 9.토)까지 수강신청 완료하면 고지서 자동생성(별도 신청절차 없음)9. 11.(월)예정수강신청 학점 당 등록금액:1–3학점(수업료의1/6)4–6학점(수업료의1/3)7–9학점(수업료의1/2)10학점이상(수업료전액)최초2023.9.12.(화)∼9. 14.(목) (09:00∼16:00)최종2023.9.25.(월)∼9. 27.(수) (09:00∼16:00)※학기 초과생(9학기이상 등록대상)은수강신청 정정기간 이후 등록금 고지서가 자동 생성됨※분할납부를 원하는 학생은 분할납부 신청기간에 반드시 신청완료 해야함※복학생은 복학 수속을 마친 후학교홈페이지인스타(inSTAR)/등록관리에서등록고지서 출력하여 등록기간에 납부☞등록고지서가 개별적으로 발송되지 않으므로,아래와 같이 학교 홈페이지에서 출력하시기 바랍니다.☞등록고지서 및 납부확인서 출력1. PC-등록금 고지서:학교 홈페이지☞인스타(inSTAR)☞장학/등록☞등록관리☞등록금고지서(출력)-납부확인서:학교 홈페이지☞인스타(inSTAR)☞장학/등록☞등록관리☞등록금 납부내역☞납부확인서(출력)2.모바일-등록금 고지서 및 납부 확인:전주대학교App☞장학/등록☞등록금고지서 또는 등록금 납부내역※등록금 납부확인은 해당은행 홈페이지 공과금(등록금☞납부내역조회)에서 확인이 가능하고,등록금납부확인서는 등록금 납부 다음날(익일)에 출력이 가능합니다.■등록제도1.일시납부:은행창구,인터넷뱅킹(공과금(세금과공과)☞대학등록금☞조회/납부),폰뱅킹을 이용한 가상계좌 이체2.카드납부-우리카드:우리은행창구,우리카드 홈페이지에서 납부(3개월 무이자 할부)-전북은행카드:전북은행 창구에서 납부(2개월 무이자 할부)3.분할납부 신청:학교홈페이지 인스타(inSTAR)☞장학/등록☞등록관리☞분할납부신청/등록4.학자금대출 신청:한국장학재단(www.kosaf.go.kr)에서대출신청☞승인 후☞대출금 지급 실행■등록방법1.수납은행:우리은행,국민은행,전북은행,농협,하나은행 전국 영업점(분납신청자:우리은행 납부)2.은행창구 납부:등록고지서를 지참하여 우리,국민,전북,농협,하나은행 창구에서 등록금 납부3.가상계좌 납부:인터넷뱅킹, ATM기,텔레뱅킹을 이용하여 무통장 입금(해당은행 뱅킹신청자에 한함)4.인터넷뱅킹 납부:납부은행 인터넷뱅킹☞공과금(세금과공과)☞대학등록금☞조회/납부▷우리은행:☎(063) 227-0257 (www.wooribank.com)▷국민은행:☎(063) 283-7814 (www.kbstar.com)▷전북은행:☎(063) 250-7715 (www.jbbank.co.kr)▷농협은행:☎(063) 279-4850 (www.nonghyup.com)▷하나은행:☎(063) 225-1111 (www.kebhana.com)→중국에서 송금시 알리페이 가능*가상계좌의 예금주는 학생 본인입니다.등록금 가상계좌는 학생 개인에게 각각 부여 되었으므로,반드시 본인의 등록고지서에 기재된 가상계좌로 입금하셔야 합니다.-계좌이체 시 학생 본인이 아닌 다른 분이 입금해도(즉,입금자가 달라도)학생 명의로 자동 등록처리 됩니다.-등록금 또는(등록금+기타경비)을 합산하여 입금 시 정확한 등록금액이 아닐 경우,송금에러 발생함.-수납은행 이외의 타 은행 이용 시 송금수수료는 납부자 본인 부담 하셔야 합니다.*등록금은 정해진 기간 내에만 납부 하셔야 하며,정해진 기간 이외의 경우 입금이 불가능 합니다.5.카드 납부-우리카드:우리은행 창구 또는 우리카드 홈페이지에서 납부가능(3개월 무이자 할부)-전북은행카드:전북은행 창구에서만 카드납부 가능(2개월 무이자 할부)6.분할 납부:아래 등록금 분할납부 안내 참조P3~47.학자금 대출에 의한 등록 방법(등록기간 내에만 학자금대출이 실행 가능)▷대출신청 및 실행방법:한국장학재단(www.kosaf.go.kr)신청(서류 및 공인인증서 준비)☞승인완료 후☞한국장학재단☞학자금 대출신청현황☞대출금 지급실행☞등록 완료▷학자금 대출 문의:학교홈페이지 공지사항 참조(또는 학생지원실 문의: 220-2167)8.각종 장학금 수혜로(또는논문신청등)고지서에 납부금액이“0원”일 경우에도반드시 등록 처리를 해야합니다. [인스타(inSTAR)학교등록,수납은행의 납부확인(수납 인),가상계좌 입금의 경우기타경비 납부 중 택1]■등록관련 문의1.등록문의:재무지원실☏063)220-2152~4, 31102.학생지원실☏063)220-2164(국가장학금) /☏063)220-2167(교내장학금) /☏063)220-2982(국가보훈장학금)☏063)220-2819,2163(학생회비,통학버스)3.한국장학재단:☏1599-2000(국가장학금,정부장학금,학자금 대출)4.복학,재입학,수강신청,기타민원:학생서비스 센터☏063)220-2135~65.총동문회:☏063)220-220-2477(동창회비)6.기숙사 문의:☏063)239-5500~2",0.061245322,0,0.04763525,1.564817965,0.074855393,0,1.088465464,0
학사공지,704,673+학사지원실_이폰 사용자] 전자출결앱 재설치 안내,[아이폰 사용자] 전자출결앱 재설치 안내,학사지원실,2023-10-04,4244,https://www.jj.ac.kr/jj/community/notice02.do?mode=view&articleNo=190468&article.offset=100&articleLimit=100,"전자출결앱 재설치 안내애플사의 정책 변경으로 기존 전자출결앱 다운로드 위치가 아래와 같이 변경 되었습니다.구분변경 전변경 후다운로드 사이트http://ucampus.jj.ac.kr/app애플 앱 스토어https://apps.apple.com/kr/app/id64460781381. 재설치 대상자:아이폰 사용자2. 등록일정:4. 14.(금)3. 애플 앱 스토어에 새로운 전주대학교 전자출결앱이 등록될 예정이오니 기존 앱 삭제 후 새로운 전자출결앱을 설치하시기 바랍니다.기존 앱 사용시 출석체크 알림 등이 정상적으로 수신되지 않을 수 있기 때문에 반드시 기존 앱 제거 후 새로운 전자출결앱을 설치하시기 바랍니다.4. 설치방법: AppStore > ""전주대학교 전자출결 검색"" > 어플 선택 > 받기 선택- 전주대학교 학사지원실-",0,0,0,0.098522167,0.049261084,0.049261084,1.550653245,0
학사공지,703,684+학사지원실_23-2학기 복학 및 휴학 신청 안내,2023-2학기 복학 및 휴학 신청 안내,학사지원실,2023-09-06,5851,https://www.jj.ac.kr/jj/community/notice02.do?mode=view&articleNo=190479&article.offset=100&articleLimit=100,"2023학년도 2학기 복학 및 휴학 신청 안내1복학 신청1.복학 신청 주요사항 안내구 분내 용대 상■ 일반휴학 및 군휴학 후, 휴학기간 만료(예정)인 자 (2023-2학기 복학예정자)■ 휴학기간이 남아있으나 조기 복학을 희망하는 자신청 기간■2023. 6. 23.(금)~2023. 10. 7.(토), 개강 후 5주 이내※ 수강바구니(2023. 7. 25.(화)~7. 27.(목))전 복학 권장신청 방법■ inSTAR(인스타) 홈페이지 학사관리 메뉴에서 직접 신청 (인스타 입력 방법 붙임 참고)처리 절차■ 인스타 로그인 → 학사관리 메뉴 → 복학신청 →신청 즉시 복학 처리됨증빙 서류■ 일반휴학 후 복학자: 증빙서류 없음■군휴학 후 복학자: 전역증 또는 전역 확인 증명서(①~③ 중 1부)를 온라인으로 첨부① 병적증명서(병무청 발급)② 복무확인서(부대/근무처 발급)③ 병역사항 기재된 초본(주민센터 발급)※ 군 전역일 전 수강신청을 위해 우선 복학 신청하여도 무방함(증명서 추후 학과에 제출)2.복학자 수강신청 안내구 분내 용신청기간■ 수강바구니 신청 기간: 2023. 7. 25.(화) ~ 7. 27.(목)■ 수강신청 기간: 2023. 8. 8.(화) ~ 8. 10.(목)■ 수강신청 정정 기간: 2023. 9. 1.(금) ~ 9. 9.(토)※ 수강신청 기간 후에 복학하는 경우: 복학 신청 후 인스타에서 수강신청 가능함(세부사항 학과 사무실 문의)수강신청방법■ 인스타 로그인 → 학사관리 메뉴 → 수강신청※ 복학 신청이 완료되어야 수강바구니 기간에 수강 희망과목 담기 가능기타사항■ 수강신청 기간에 홀,짝수 구분 없이 동시 진행함!(2021-2학기부터 적용됨)■복학 예정자의 경우 가급적 수강바구니 전일(2023. 7. 24.)까지 복학 신청을 완료하여 수강바구니를 통해 수강 희망과목을 수강할 수 있도록 준비하여 주시기 바랍니다.3. 등록금 납부[1] 등록금 고지서 출력: 인스타로그인 → 수강신청 메뉴 → 등록금 고지서- 등록금 납부기간 공지 전 복학한 경우:등록금고지서가 아직 조회되지 않음(8월 말 재확인 바람)- 등록금 납부기간 공지 후 복학한 경우 : 복학 즉시 등록금 고지서 조회 및 출력, 납부 가능[2] 등록금 납부기간 내 가상계좌로 납부-납부 기간 : 2023. 8월 말 경(일정변경 가능, 추후 홈페이지 확인 요망)[3] 안내사항-휴학 전에 등록금을 미리 납부한 경우에는 복학학기 등록금 납부 대상이 아님(휴학 전 납부한 등록금이 이월되어 복학 후 첫 학기 등록금으로 자동 처리)2휴학 신청1. 일반휴학 신청 주요사항 안내가.일반 휴학구 분내 용대 상(휴학사유)■ 질병: 4주 이상 출석할 수 없는 자 (4주 이상 치료 진단서)■ 창업: 창업 또는 기존사업체를 경영하려는 자(사업자등록증 또는 법인등기부등본 사본)■ 임신·출산·육아: 임신, 출산, 육아로 인한 휴학이 필요한 자(진단서, 가족관계 증명서)■ 기타 사유: 자기개발, 가계곤란, 천재지변, 돌발사고, 장애학생 등(증빙서류 없음)휴학 기간■ 1년 단위(2학기) 휴학 신청 (※ 1년 휴학 신청하였어도, 6개월 뒤 복학 신청 가능함)신청 기간2023. 6. 26.(월) ~2023. 10. 7.(토), 개강 5주차(수업일수 1/3)까지, 질병휴학(수업일수 2/3)까지접수 방법■ inSTAR(인스타) 홈페이지에서 휴학신청 입력 후 학과사무실 방문 접수 (인스타 입력방법 붙임 참고)※인스타로그인 (학사관리 메뉴)→ 휴학신청 입력 → 신청서 출력→ 학과 사무실 방문(CA 및 지도교수 또는 학과장 상담) 제출※ 인스타입력은 상시 가능,신청서 제출은 접수기간만 가능(긴급한 경우 학과 상담 요망, 미래융합대학만 토요일접수가능)주의사항■신·편입생 및 재입학생의 입학 첫 학기는 휴학 불가(단, 병역, 질병, 임신출산육아 제외)■휴학 가능 학기 소진 시 일반휴학신청 불가(단, 병역,창업,임신출산육아,특별휴학기간은 미산입)※ 일반휴학가능 학기 수: 신입학생 8개 학기(건축학과 10개 학기), 재입학 및 3학년 편입생 4개 학기, 4학년 편입생 2개 학기접수 기간1차2023. 6. 26.(월) ~ 6. 30.(금) 1주간등록금 미납자는5차까지만신청 가능2차2023. 7. 17.(월) ~ 7. 21.(금) 1주간3차2023. 8. 14.(월) ~ 8. 25.(금) 2주간4차2023. 9. 18.(월) ~ 9. 22.(금) 1주간5차2023. 10. 2.(월) ~10. 7.(토), 개강 5주 차6차2023. 10. 16.(월) ~10.21.(토), 개강 7주 차등록금 납부자만 가능나. 병역(군입대)휴학구 분내 용대 상■ 군입대 예정인 자 ■ 군복무 연장 예정인 자신청기간■ 군입대 전.군입대일 1주일 전부터만 신청 가능함(입영일이 확정되지 않은 경우 일반휴학신청 후 군휴학으로 변경)신청방법■inSTAR(인스타) 홈페이지에서 군휴학 신청 후 학과사무실 방문 접수(인스타 입력방법 붙임 참고)처리절차■ 인스타 로그인 → 학사관리 메뉴 → 군휴학신청서 작성 → 신청서 출력→ 학과 사무실 방문(CA 및 지도교수 또는 학과장 상담) 및 제출→ 접수완료증빙서류■ 병역의무 이행 증빙서류 1부.(입영통지서, 사회복무요원 소집 통지서 등)2.휴학 변경 안내가. 일반휴학 → 군휴학 변경구 분내 용대 상■ 일반휴학 후 군입대 사유로 군휴학으로 변경하려는 자신청기간■ 군입대 전(군 입대일 1주일 전부터만 신청 가능함)신청방법■inSTAR(인스타) 홈페이지에서군휴학을신규로 신청처리절차■ 인스타로그인 →학사관리 메뉴:휴학신청→군휴학신청서작성 → 신청서 출력→ 학과 사무실 방문(CA 및 지도교수 또는 학과장 상담)및 제출 →접수완료증빙서류■ 병역의무 이행 증빙서류 1부(입영통지서, 사회복무요원 소집 통지서 등)주의사항■ 군휴학으로변경하지 않고 입대한 경우 해당학기 일반휴학으로처리됨※ 이미입대하여 본인이 신청할 수 없는 경우,가족의 대리 신청 가능(학과 사무실 문의)나. 군휴학 → 일반휴학 변경구 분내 용대 상 자■ 전역 후, 복학 예정학기에 복학하지 않고 일반 휴학을 신청하려는 자신청기간■ 전역 후, 복학 예정학기 개강일 전까지신청방법■inSTAR(인스타) 홈페이지에서먼저 복학신청후일반휴학을신규로 신청※ 인스타입력은 상시 가능,신청서 제출은 접수기간만 가능처리절차■ 인스타로그인 →학사관리 메뉴:복학신청(→즉시 복학처리 완료됨)→인스타재로그인→학사관리 메뉴:휴학신청→일반휴학신청작성 → 신청서 출력→ 학과 사무실 방문(CA 및 지도교수 또는 학과장 상담)및 제출 →접수완료증빙서류■군휴학후 복학 시 전역증또는 전역 확인 증명(①~③ 중 1부)를 온라인으로첨부※ 증명 유형: ① 병적증명서(병무청 발급) ② 복무확인서(부대/근무처 발급)③ 병역사항(전역일)이 기재된 초본(주민센터/온라인 발급 가능)※ 군 전역일 전 수강신청을 위해 우선 복학 신청하여도 무방함(증명서 추후 학과에 제출)주의사항■ 인스타에서 먼저 복학신청을 처리해야 신규 일반휴학신청이 가능함■ 일반 휴학의 경우 신입생의 경우 최대 8개 학기(4년)까지만일반휴학신청이 가능함(3학년 편입생의 경우 최대 4개 학기까지 휴학 신청 가능함)3.휴학 연장 안내구 분내 용대 상■ 일반휴학(1년 단위) 기간 만료 후, 휴학을 연장하려는 자■ 병역의무 만료 복학 예정자 중 일반휴학을 신청하려는 자신청기간■ 휴학 만료 학기 수업종료일부터 복학 학기 개시 이전까지(복학 학기 수업일수 1/3 이내에 휴학 연장 신청 가능함)신청방법■inSTAR(인스타) 홈페이지에서먼저 복학신청후일반휴학을신규로 신청※ 인스타입력은 상시 가능,신청서 제출은 접수기간만 가능(접수기간은 “1. 일반유학 신청 안내”참고)처리절차■ 인스타로그인 →학사관리 메뉴:복학신청(→즉시 복학처리 완료됨)→인스타재로그인→학사관리 메뉴:휴학신청→일반휴학신청작성 → 신청서 출력→ 학과 사무실 방문(CA 및 지도교수 또는 학과장 상담)및 제출 →접수완료주의사항■ 인스타에서 먼저 복학신청을 처리해야 신규 일반휴학신청이 가능함(인스타복학신청 입력 시 즉시 처리됨, 복학신청서는 학과 제출 불필요)■ 일반 휴학의 경우 신입생의 경우 최대 8개 학기(4년)까지만일반휴학신청이 가능함(3학년 편입생의 경우 최대 4개 학기까지 휴학 신청 가능함)3기타 사항1.개인정보 수정 안내가. 대상자: 개인정보(주소, 핸드폰 연락처 등)가 변경된 재학생 및 휴학생나. 수정방법: 인스타 → 개인정보 수정 클릭 → 개인정보 수정 후 저장다. 유의사항- 학사 관련 업무 발생 시 연락할 수 있도록 개인정보를 업데이트하여야 합니다.- 학부모 알리미 서비스 이용 희망시 학부모 휴대폰을 등록(수정)할 수 있습니다.( 학부모알리미 서비스 페이지:https://instar.jj.ac.kr/?mode=jjpa)2.관련 문의: 담당자(☎063-220-2135, 2417), 학과사무실 연락처(별도 파일 참조)3.온라인 휴복학 상담 문의: 카카오톡에서 “전주대휴복학도우미”검색하여 채널 추가교무처 학사지원실",0.069028992,0,0.004601933,4.902459033,0.055223194,0.046019328,1.58966766,0
학사공지,702,703+학사지원실_-2학기 특별학점 학점인정 신청 안내,2023-2학기 특별학점 학점인정 신청 안내,학사지원실,2023-08-31,1554,https://www.jj.ac.kr/jj/community/notice02.do?mode=view&articleNo=190498&article.offset=100&articleLimit=100,"2023-2학기 특별학점 학점인정 신청 안내1. 특별학점가. 신청대상: 정규학기 내 재학생1) 2019학번까지: 기존 특별학점제(외국어, 소프트웨어) 신청 및 인정 가능2)2020학번부터:특별학점제 신청 및 인정 제외3) 특별학점 신청 제외 대상자- 2023학년도 2학기 포함 8학기(건축학과 10학기) 초과 이수자- 졸업기준 학점(외국어 및 정보화)이 없는 국제학생 및 편입생나. 인정범위1)외국어 및 정보화(외국어3/정보화4)범위에서 재수강 처리만 인정/(F학점 제외)(2018학년도부터 순수(신규)학점인정 처리하지 않음)2)2015학번부터는79점 이하(C+이하)의 성적만 재수강 처리 가능함3) 성적인정 시기: 2022학년도 하계 계절학기 성적에 합산 처리다.접수기간:2023. 11. 27.(월)~2024. 1. 5.(금)라. 유의사항1) 특별학점으로 재수강 처리 받고자 하는 과목은 2023-2학기에 수강신청하지 않아야 함※기존에 이수한 과목 중에서 특별학점으로 재수강 처리 가능2) 특별학점 인정 자격증은 재학 기간 내에 취득한 자격증에 한함3) 이전에 특별학점으로 인정받은 자격증은 중복하여 인정되지 않음4) 입학 전 취득한 자격증으로는 특별학점 신청을 할 수 없음2. 신청방법(공통)가. 인스타(inSTAR) 접속 → 학사관리 → 특별학점/K-MOOC인정신청※【붙임】 특별학점/K-MOOC학점인정 신청 매뉴얼 참조나. 준비사항: 자격증 및 자격시험 성적표 원본(스캔 파일 첨부, 유효 기간 내 자격 한 함)※유효하지 않은 증빙자료(PC화면 캡쳐 이미지 등)는 불인정 처리",0.025773196,0.128865979,2.863917526,1.483505155,0,0,1.457731959,0
학사공지,701,702+학사지원실_기 K-MOOC 학점 인정 신청 안내,2023-2학기 K-MOOC 학점 인정 신청 안내,학사지원실,2023-08-31,1800,https://www.jj.ac.kr/jj/community/notice02.do?mode=view&articleNo=190497&article.offset=100&articleLimit=100,"2023-2학기 K-MOOC 학점 인정 신청 안내1. 신청대상: 정규학기 내 재학생*8학기(건축학기 10학기) 초과 이수자 신청 불가2. 인정범위:강좌당 1학점,한 학기 최대 3학점까지 인정하며 수강신청 학점에 포함, 재학 중 최대 9학점 인정(재학 중 수강한 강좌만 인정함)가. K-MOOC 교과목 인정 이수기간: 2023. 7. 1.~2023. 12. 23. 종강 전 이수한 강좌에 한함나. 유의사항:K-MOOC 교과목은 수강제한 학점에 포함되오니 2023-1학기 수강제한학점을 고려하여 신청다. 기타: 2022년 9월 1일 이전(규정 개정 전) 수강신청 또는 이수한 교과목에 한해서는 수강제한 학점에 관계없이 학점 인정3.  강좌 이수 방법:http://www.k-mooc.kr접속 -> 회원가입 및 로그인 -> 과목 수강4. K-MOOC 학점인정 신청기간: 2023. 11. 27.(월)~2024. 1. 5.(금)5. 성적 인정 과목 및 등급가. 과목명 및 이수구분: 교과목은 K-MOOC로 표기하고, 이수구분은 교양선택나. 성적부여: PASS 표기다. 성적확인방법: 2024. 1. 11.(목) 이후  2023-2학기 성적내역에서 확인6. 학점 인정 신청 방법가. 인스타(inStar) 로그인 -> 학사 관리 -> 특별학점/K-MOOC 인정 신청나. 제출서류: 이수증 스캔본",0.301659125,0.12066365,1.433419522,1.342921784,0,0.030165913,1.192092222,0
학사공지,700,698+학사지원실_2학기 출석인정(일반공결) 신청 안내,2023학년도 2학기 출석인정(일반공결) 신청 안내,학사지원실,2023-08-30,1284,https://www.jj.ac.kr/jj/community/notice02.do?mode=view&articleNo=190493&article.offset=100&articleLimit=100,"2023학년도 2학기 출석인정(일반공결) 신청 안내○ 신청자격 및 제출서류(학칙시행세칙 제16조)호출석인정사유신청 자격 및 인정기간신청기한제출서류비 고1호교육과정운영교육과정으로 운영하는 현장실습, 현장견학현장견학 또는 현장실습 학과 소속 학생결석시작일 전 1주일 내주관 학과 공문- 교내축제, 교내체육대회, 수학여행, 졸업여행,MT 등에 참가하는 경우 비대상- 학과에서 출전하는 공모전(대회)은 비대상국고사업의 공식행사사업단에서 주최한 행사 참여한 자〃주관 사업단 공문학교대표로 대회 참가학교 운동선수 또는 총장 결재를 받은 학교 대표〃관련 증빙서류홍보대사 학교행사 지원홍보대사〃관련 증빙서류2호법령에 의한 의무이행을 위하여 소집되거나 행사에 참석하는 경우예비군 훈련 참여, 군입대 시험 응시 등결석종료일다음 날부터 7일 이내예비군 훈련 확인증 또는 군입대 시험 응시 확인증재판으로 인한 법원 출석은 비대상3호본인의 상해나 질병병원에 입원한 자(입원기간), 동일한 상해나 질병으로 학기중 3회 이상의 정기적인 병원 진료를 받은자〃입퇴원확인서, 진단서,의사소견서 등 관련증빙서류진료예시) 대학병원 등의 진료로 진료일정을 환자가 변경할 수 없는 경우에 해당하는 상해나 질병4호민법 제779조에 따른 가족이 사망한 경우(외)조부모, 부모, 배우자, 자녀(공유일 포함 5일), 형제자매(공휴일 포함 3일)〃사망확인서 및 가족관계증명서가족관계증명서 없을 시 무효6호체육 및 비체육 특기자가 대회출전 및 훈련하는 경우체육 및 비체육 특기자(수업일수의 1/2 이내)결석시작일 전 1주일 내관련 증빙서류7호생리로 인하여 출석할 수 없는 경우(보건공결)여학생, 매월1회결석종료일다음 날부터 7일 이내제출서류 없음시험기간 제외, 전월 신청일로부터 20일 이내에 재신청 불가8호학생 본인 및 자녀가 결혼하는 경우본인 5일, 자녀 3일결석시작일 전 1주일 내청첩장 및 가족관계증명서9호그 밖에 총장이 불가피한 사유가 있다고 인정하여 허가한 경우---10호학생 본인 및 배우자가 출산하는 경우본인 21일, 배우자 7일결석종료일다음 날부터 7일 이내출생증명서 및 가족관계증명서<사유 신설>11호법정전염병의 의심 또는 확진으로 격리 조치가 필요한 경우법정전염병(코로나19 등)의확진자, 자가격리자〃입원치료통지서 또는 공공기관 발급 유증상자 및 자가격리자 증명서류<항목 분리 신설>보건소 통보 문자로 증빙 가능코로나19 백신 접종자- 접종 당일 1일- 접종 다음날 이상 증상 시 추가 1일접종 2일 후 증상 지속시 치료 기간〃- 접종 당일: 백신접종 확인서- 접종 다음날 이상 증상: 증빙서류 불필요- 접종 다음날 후에도 증상 지속 시 진단서 제출* 백신 종류에 따라 2회 접종이 시행되는 경우 회차별 동일 기준 적용○ 신청 시 유의 사항- 출석인정 기간:모든 사유를 합하여 출석인정 기간은 수업일수의1/3이내만 가능함(예) 주 1회 수업(15회수업)의 경우 보건공결 2회 사용 후 현장실습으로 4회 공결을 사용하고자 할 경우→ 수업일수 1/3이내(총5회)까지만 가능- 코로나19 관련 공결 신청:사유종료일(자가격리일) 다음날부터 입력 가능함(사전 입력 불가)※확진자 및 자가격리(통보)자,백신접종자 유증상기간 외에는 공결 불가- 수동감시 및 동거인(밀접접촉자) 확진 후 본인 음성판정자 등은 공결 대상 아님- 공결 대상이 아닌 학생은 상황 발생 시 수업담당교원에게 직접 연락하여 동영상 강의를 통한 비대면 수업에 출석하는 것이 원칙※공결 대상자의 증빙서류는 관련 부처의 통보 문자로 대체 가능(교육부의 방역업무 관련 지자체 관리 부담 완화 요청 의거)- 기말고사 시작일 이후 신청은 불가함- 원격강좌, 야간수업, 온라인(동영상) 강의는 출석인정 대상 과목이 아니므로 학생이 수강하여야 함(공결처리 되지 않음)-출석인정 신청자는 신청서 제출 즉시 교과목 담당교수에게 알려야 함-출석인정은 수업의 출석에 관한 사항을 인정하는 것이며, 성적에 관한 사항은 담당교수의 평가기준을 적용받는 것이므로 성적평가에 관한 사항은 담당교수의 기준에 따라야 함.○ 신청 방법1. 인스타(https://instar.jj.ac.kr/)에 로그인2. 학사관리→출석인정신청→출석인정(일반)3. 「신규」버튼을 클릭한 후 신청구분에서 해당 사유 선택-  신청구분을 선택하면 우측에 상세 구분이 나타나므로 선택4. 결석일시: 해당사유로 처리해야 하는 시작일시부터 종료일시까지 입력-하나의 사유로 여러 번 신청하지 마세요. (3일의 경우: 시작일시: 2023-03-06 09:00 종료일시: 2023-03-09 20:00까지 한 건으로 입력)5. 신청 상세사유:해당 사유를 상세하게 입력 [신청 화면 참고]6. 신청절차입력자료 확인 후 ""저장""버튼 클릭→ ""출석인정요청서""의 ""출력""버튼 클릭하여 출력→ ""출석인정요청서""의 서명을 득한 후→ 소속학과 사무실에 증빙서류와 함께 제출 (질병, 전염병 및 가족 사망 사유인 경우 수업담당교수 서명 필)",0.116666667,0.083333333,0.008333333,1.192816092,0.016666667,0.05,1.226149425,0
학사공지,699,700+융합학부_합·마이크로전공 이수신청 안내(1차),2023학년도 2학기 연계·융합·마이크로전공 이수신청 안내(1차),융합학부,2023-08-30,1162,https://www.jj.ac.kr/jj/community/notice02.do?mode=view&articleNo=190495&article.offset=100&articleLimit=100,"2023학년도 2학기 연계‧융합‧마이크로전공 이수 및 변경신청(1차)관련 안내합니다.재학생 여러분의 많은 관심과 신청 바랍니다.1. 신청 관련 안내1) 신청자격: 신(편)입학 후 2학기 이상 등록한 자2) 신청기간:9. 4.(월)~9. 17.(일)/ 매 학기 1~2주차, 12~13주차 진행3) 신청절차: inSTAR 신청 > 융합교육지원센터 승인(세부 신청방법은 첨부파일 참조)2. 전공 관련 안내1) 전공별 이수 기준구분복수(부)전공총이수학점주전공중복인정 학점융합교과목이수학점ⓐ참여전공이수학점ⓑ선택이수학점ⓐ or ⓑ연계전공복수전공36학점15학점 이내-21학점 이상-융합전공복수전공36학점12학점 이내9학점 이상9학점 이상6학점부전공21학점6학점 이내6학점 이상3학점 이상6학점마이크로전공12학점3학점 이내---2) 전공별 소개:http://www.jj.ac.kr/sc홈페이지의 전공별 안내자료 참고3) 이수 관련 문의: 교육혁신본부 융합교육지원센터(대학본관 228호 / 063-220-2821~4)3. 전공 현황 안내1) 6개 연계전공연계전공공공인재독서·논술교육벤처창업보육학일영멀티링구얼중국비즈니스2) 19개 융합전공융합전공경영법학국민연금국토정보학농생명-ICT대물차량손해사정드론라이프스타일기획보컬퍼포먼스사회적경제스마트시티스마트팜스토리미디어실감미디어일본AI탄소혁신리빙랩AI TechFood R&BD하림산학-3) 31개 마이크로전공- 이수제한 학과([붙임2]) 확인 필요마이크로전공게임공학게임그래픽디자인게임기획글로벌외식조리글로벌음식문화데이터분석실무로컬문화실감미디어리빙랩디자인리빙랩외식컨설턴트문화적도시재생소셜디자인소셜리빙랩실감미디어스마트팩토리실무식품개발실감미디어기획실감미디어펀더멘털영어플러스외식창업및컨설팅인공지능기획일본어플러스전기자동차전장부품중국어플러스창업컨설턴트호텔객실서비스호텔경영지원호텔세일즈앤마케팅호텔식음료서비스AI+식품AI+일본어ESG경영K-Food실무심화4. 기타 안내: 이수신청을 하지 않았더라도 관련 교과목의 수강신청이 가능하며,이수신청 전에 수강한 교과목도 인정 가능- 수퍼스타칼리지 융합학부 -",0.078973346,0,0.394866732,1.04773085,0.05923001,0,0.98850084,0
학사공지,698,701+학사지원실_ 모바일 출결관리 앱 이용 방법 안내,2023학년도 2학기 모바일 출결관리 앱 이용 방법 안내,학사지원실,2023-08-30,936,https://www.jj.ac.kr/jj/community/notice02.do?mode=view&articleNo=190496&article.offset=100&articleLimit=100,2023학년도 2학기 모바일 출결관리 앱 이용 방법 안내2023학년도 2학기모바일 출결관리 앱 이용 방법을 안내하오니전자출결 출석 준비에 참고하시기 바랍니다.① 출결관리 앱 설치※ 설치방법 : 전주대학교 포털 앱 ≫ 다운로드센터 ≫ 전주대 출결관리(iOS 또는 AndroidOS 중에 선택)② 출결관리 앱에서 과목별로 출석 준비- 수업 유형에 따른 출석 준비(매뉴얼 대면강의 및 온라인 강의 별 출석 방법 참고)- 과목별 당일의 수업방식 확인 방법:앱 로그인 ≫ 중앙의 오늘의수업 아이콘 클릭(p.24 참조),0.350877193,0,0,0,0,0,2.436403509,0
학사공지,697,699+학사지원실_2학기 출석인정(취업사유) 신청 안내,2023학년도 2학기 출석인정(취업사유) 신청 안내,학사지원실,2023-08-30,1510,https://www.jj.ac.kr/jj/community/notice02.do?mode=view&articleNo=190494&article.offset=100&articleLimit=100,"2023학년도 2학기 출석인정(취업사유) 신청 안내1. 신청 대상-신청 학기 졸업예정자로서수강신청 학점을 포함하여 졸업이수 기준을 충족한 학생 중 취업자※ 신청 학기의 수강신청 학점을 포함하여 졸업이수 기준을 충족한 학생(계절학기 이수 예정 학점 포함)2. 신청 기간1) 1차 접수(최초 신청):2023. 9. 4.(월)~9. 15.(금) /개강1~2주차※ 1차 접수기간에 학생 신청 후, 학과(조교)에서 증빙서류 확인 후 접수 함※ 1차 접수기간 이후 취업자는 취업일 기준 2주 이내 신청 요망2) 2차 접수(재직 확인):2023. 11. 27.(월)~12. 1.(금) /학기13주차※ 2차 접수기간에 학생이 2차 서류 업로드 후, 학과(조교)에서 증빙서류 확인 후 2차 접수처리 됨3. 신청 방법 (세부사항 붙임 참조)가. 인스타 로그인 (https://instar.jj.ac.kr접속 → 학번/비밀번호 입력)나. 메뉴: 학사관리 → 왼쪽 메뉴 출석인정 → 출석인정신청(취업사유) 탭 → 신규 클릭하여 신청서 작성4. 출석인정(취업사유) 신청 절차 및 증빙서류: 세부사항 [붙임] 참조< 취업사유 출석사유 신청자 유의사항 >가. 취업사유 출석인정 신청자는 신청서 제출 즉시 교과목 담당교수에게 알려야 함나.1차 접수 후 매주 금요일 한주간의 출석이 일괄 처리되므로출결관리 앱에서 해당 과목의 출결상황을 확인하여야 함다. 2차(최종) 서류 제출은 13주에 제출하여 최종 출석인정 확인을 받아야 함라.2차접수 기간에 서류를 제출하지 않은 학생의 경우 출석을 하지 않은 기간 모두를 결석으로 처리함마. 중도퇴직자의 경우 퇴직시점까지만 출석이 인정되며, 퇴직 후 바로 학업에 복귀하여야 함바. 취업사유 출석의 인정은 출석과 관련된 사항이며,성적평가는 해당 교과목 담당교수의 평가기준에 따라야 함사. 출석인정사항 입력정보(취업일, 회사변경 등..) 수정 요청시 웹종합정보시스템에서 수정할 수 있음아.원격강좌 및 야간수업은 출석인정(취업사유) 대상 과목이 아니므로 학생이 지속적으로 수강하여야 함(공결처리되지 않음)- 교 무 처 장 -",0.1171875,0.05859375,1.366514009,1.366514009,0.0390625,0.0390625,1.425107759,0
학사공지,696,697+학사지원실_23학년도 2학기 1차 폐강과목 안내,2023학년도 2학기 1차 폐강과목 안내,학사지원실,2023-08-22,2620,https://www.jj.ac.kr/jj/community/notice02.do?mode=view&articleNo=190492&article.offset=100&articleLimit=100,"2023학년도 2학기 개설 강좌 중 수강인원 미달에 따른 폐강 과목을 다음과 같이 안내하오니해당 과목의 수강신청자는 아래 사항을 참고하여 수강신청을 정정하시기 바랍니다.1. 폐강과목 현황:첨부파일 참조- 폐강과목 수강신청 내역은 수강신청 정정 기간 중 일괄 삭제될 수 있습니다.폐강과목을 수강신청 한 재학생의 경우, 반드시 해당과목을 직접 삭제하시고 다른 과목으로 수강신청 변경하시기 바랍니다.2. 수강신청 정정기간: 9. 1.(금) 11:00~9. 9.(토) 18:003. 2차 폐강 일정 공고: 9. 6.(수) 15:00(예정_사정에 따라 변경될 수 있음.)4. 교양과목의 폐강은 수퍼스타칼리지 교양학부에서 별도 공지할 수 있습니다.5. 폐강 및 대체 수강 가능 과목 문의- 전공, 교직 등: 각 학과 사무실(담당 조교 선생님께 문의 바랍니다.)- 교양강좌: 수퍼스타칼리지 교양학부(063-220-4648, 3097)붙임 2023학년도 2학기 1차 폐강 교과목 현황 1부. 끝.",0.4048583,0,0,0.28340081,0,0.04048583,1.506776976,0
학사공지,695,696+융합교육지원센터_2학기 tClass 교과목 운영 안내,2023학년도 2학기 tClass 교과목 운영 안내,융합교육지원센터,2023-08-22,1181,https://www.jj.ac.kr/jj/community/notice02.do?mode=view&articleNo=190491&article.offset=100&articleLimit=100,"2023학년도 2학기tClass교과목 운영 안내1.tClass란?- 마이크로러닝(Micro learning) 방식의5주,1학점 단위 원격중심수업* 마이크로러닝: 작은(Micro) + 학습(Learning)이라는 뜻으로 짧은 학습 콘텐츠의 수업1학기당 총 3개의tClass수강 가능1~5주(1t)6~10주(2t)11~15주(3t)1개tClass(티끌)의 구성: 총 750분(1학점/교양선택)동영상 강의: 350분/토론,퀴즈,과제 등: 350분/시험(평가): 50분하나의 학습목표를 가진 온라인 학습콘텐츠를30강 내외로 구성한 교육과정·하위 콘텐츠는 개별적으로 완결성·통일성을 갖추고, 독립적 지식이 습득하도록 구성·1~3개의 하위 콘텐츠를 묶어 소주제로 구성하여 강의 몰입도 강화 및 전달력 향상2. 2023학년도 2학기 개설tClass교과목(교양선택)운영시기과목명담당 교원1t(1~5주차)생활속분쟁의해결방법조수혜 교수1t(1~5주차)한국문화탐구박현진 교수3t(11~15주차)영화속의클래식이일주 교수3t(11~15주차)음악으로만나는심리치료소혜진 교수3. 2023학년도 2학기tClass학사일정순번구분1t(1~5주차)2t(6~10주차)3t(11~15주차)1개강(강의시작일시)9. 4.(월) 00:00미운영11. 13.(월) 00:002중간강의평가9. 18.(월)∼9. 24.(일)11. 27.(월)∼12. 3.(일)3기말고사10. 2.(월)∼10. 6.(금)12. 11.(월)∼12. 15.(금)4종강(강의종료일시)10. 6.(금) 23:5912. 15.(금) 23:595강의평가10. 2.(월)∼10. 8.(일)12. 4.(월)∼12. 26.(화)6성적입력10. 6.(금)∼10. 11.(수)12. 20.(수)∼1. 2.(화)7성적확인/이의신청10. 12.(목) 11:00∼10. 13.(금) 15:001. 3.(수)∼1. 9.(화)4.tClass운영 관련 문의:융합교육지원센터(063-220-2835)",1.244346347,0.167890871,0.041972718,0.020986359,0.020986359,0.062959077,1.055469117,0
학사공지,694,695+융합교육지원센터_도 2학기부터 달라지는 학사제도 안내,2023학년도 2학기부터 달라지는 학사제도 안내,융합교육지원센터,2023-08-22,2061,https://www.jj.ac.kr/jj/community/notice02.do?mode=view&articleNo=190490&article.offset=100&articleLimit=100,,0,0,0,0,0,0,1.111111111,0
학사공지,693,716+학사지원실_2024학년도 1학기 재입학 안내,2024학년도 1학기 재입학 안내,학사지원실,2023-08-12,3337,https://www.jj.ac.kr/jj/community/notice02.do?mode=view&articleNo=190511&article.offset=0&articleLimit=100,"2024학년도 1학기 재입학 전형에 대해 다음과 같이 안내합니다.1. 신청대상: 자퇴, 휴학만기, 미등록 등의 사유로 제적된 자2. 제외대상(학칙 제13조 의거)가. 퇴학 등 징계처분으로 제적된 자나. 제적 후 1학기 이상 경과하지 않은 자예) 2023년 9월 제적(2023-2학기 제적자)→재입학 불가2023년 8월 제적(2023-1학기 제적자)→재입학 가능3. 선발인원: 186명(정원 내 161명, 정원 외 25명)※ 모집단위 별 모집인원은 재입학 모집요강 참조4. 전형방법 및 선발기준:신청자 수가 재입학 여석을 초과할 경우 선발 우선순위가. 총 취득학점이 많은 자나. 총 성적 평점평균이 높은 자5. 제출방법가. 제출서류: 재입학원서 1부(해당 게시글 첨부파일에서 다운로드 가능)나. 제출기간: 2024. 1. 8.(월) ~ 2. 6.(화) 12:00다. 제출처: 학사지원실(스타센터 234호)6. 전형일정구 분일 시(기 간)비 고신청서 접수2024. 1. 8.(월) ~ 2. 6.(화) 12:00접수처(학사지원실)수강신청2024. 2. 14.(수) ~ 2. 16.(금)재입학 탈락 및 미등록 시 수강 취소합격자 발표2024. 2. 19.(월) 15:00개별 통보합격자 등록기간2024. 2. 22.(목) ~ 2. 23.(금) 16:00학사일정에 따라변동 가능7.유의사항가. 제적 당시 학년 및 전공으로 재입학하는 것을 원칙으로 하며 제적 당시 학과(전공)가 구조조정 등으로폐지된 경우 동일 계열의 유사학과(전공)으로 선택하여 입학할 수 있음나. 합격 후 등록기간 내에 등록하지 않으면 재입학 승인을 취소함8. 문의처: 학사지원실(☎063-220-2083)2023. 12.교 무 처 장",0.023894863,0.023894863,0.023894863,0.262843489,0.167264038,0.047789725,1.746211407,0
학사공지,692,677+학사지원실_3학년도 1학기 대체보강일 지정 안내,2023학년도 1학기 대체보강일 지정 안내,학사지원실,2023-08-05,2049,https://www.jj.ac.kr/jj/community/notice02.do?mode=view&articleNo=190472&article.offset=100&articleLimit=100,2023학년도 1학기 대체보강일 지정 안내2023학년도 1학기 대체보강일을 다음과 같이 안내하오니 참고하시기 바랍니다.1. 대체보강일 지정 사유가. 고등교육법 시행령 제14조에 의거 학점 당 매학기 15시간 이상 수업 실시나. 휴무일(공휴일 등)에 실시되는 수업에 대해서는 대체보강일을 지정하여 수업 운영2. 휴무일 관련 보강주간가.보강주간: 15~16주차나. 보강주간 지정일순휴무일대체보강일휴일구분비 고15. 1.(월)6. 19.(월)개교기념 휴일25. 5.(금)6. 21.(수)어린이날35. 27.(토)6. 24.(토)부처님오신날미래융합대학 종강일45. 29.(월)6. 22.(목)부처님오신날(대체휴일)일반대학 종강일56. 6.(화)6. 20.(화)현충일다. 기말시험: 강좌 별 마지막 수업일에 기말고사 실시교 무 처 장,1.890394089,0.098522167,0.049261084,0,0,0.246305419,1.348522167,0
학사공지,691,667+학사지원실_2차 폐강과목 안내 (교양과목 포함),2023학년도 1학기 2차 폐강과목 안내 (교양과목 포함),학사지원실,2023-08-03,1693,https://www.jj.ac.kr/jj/community/notice02.do?mode=view&articleNo=190462&article.offset=100&articleLimit=100,"2023학년도 1학기 개설 강좌 중 수강인원 미달에 따른 폐강 과목을 다음과 같이 안내하오니해당 과목의 수강신청자는 아래 사항을 참고하여 수강신청을 정정하시기 바랍니다.1. 폐강과목 현황:첨부파일 참조- 폐강과목 수강신청 내역은 수강신청 정정 기간 중 일괄 삭제 예정이오니폐강과목을 수강신청한 재학생의 경우, 반드시 다른 과목으로 수강신청 변경하시기 바랍니다.2. 수강신청 정정기간: 3. 3.(금) 11:00~3. 11.(토) 18:003. 폐강 및 대체 수강 가능 과목 문의- 전공, 교직 등: 각 학과 사무실(담당 조교 선생님께 문의 바랍니다.)- 교양과목(수퍼스타칼리지 교양학부): 220-3097(자유교양), 2008(외국어),2009(인성, 핵심),2603(소프트웨어, 의사소통)- 교직과목(사범대학 교육학과): 220-2346- 채플&기독교과목(선교지원실): 220-2423, 2737,3149- 수강신청시스템 및 기타문의(학사지원실): 220-2134, 2083, 2417붙임 2023학년도 1학기 2차 폐강 교과목 현황 1부. 끝.",0.414312618,0,0,0.301318267,0.075329567,0,1.022085259,0
학사공지,690,692+학사지원실_ 후기 졸업사정 결과 확인  (수정),2022학년도 후기 졸업사정 결과 확인  (수정),학사지원실,2023-07-31,2481,https://www.jj.ac.kr/jj/community/notice02.do?mode=view&articleNo=190487&article.offset=100&articleLimit=100,"2022학년도 후기(2023년 8월 졸업) 졸업대상자의 최종졸업사정 결과를 다음과 같이 안내하오니 졸업대상자는 결과를 확인하시기 바랍니다.1. 졸업사정 결과 확인 방법: 인스타(inSTAR) - 학사관리 - 졸업예정자 졸업사정확인2. 확인 및 이의신청가. 기간: 2023. 7. 27.(목) 16:00 ~ 7. 31.(월) 18:00나. 이의신청내용: 복수전공, 부전공, 교직 누락여부, 학사학위취득유예 여부3. 졸업사정 안내사항가. 불합격(탈락자)의 경우 상세내역을 확인하시기 바랍니다.나. 학사학위취득유예 신청자 중 졸업을 희망하는 자는 '학사학위취득유예 포기신청서'를 9. 1.(금)까지 제출하시기 바랍니다.4. 문의사항 : 학사지원실(063-220-2083)2022. 7.교 무 처 장",0,0,1.689985272,0.206185567,0.103092784,0,0.206185567,0
학사공지,689,691+학사지원실_2023학년도 2학기 수강신청 안내,2023학년도 2학기 수강신청 안내,학사지원실,2023-07-19,14404,https://www.jj.ac.kr/jj/community/notice02.do?mode=view&articleNo=190486&article.offset=100&articleLimit=100,"2023학년도 2학기 수강신청 기간을 다음과 같이 안내하오니재학생 여러분께서는 일정을 참고하여 수강신청하여 주시기 바랍니다.1.수강바구니 기간: 2023. 7. 25.(화) 11:00~7. 27.(목) 17:00※ 수강바구니 기간 수강바구니 담기는 inSTAR(https://instar.jj.ac.kr)에서 가능합니다.( 인스타 로그인 - 수강신청 - 수강바구니)※ 수강바구니 기간 타학년/타학과 과목을 바구니에 담은 경우수강신청기간 수강신청 시 학년을 '전체'로 설정하고 조회해야 해당 과목이 조회되고 수강신청 가능합니다.※ 수강바구니 기간에는 '한국지역대학연합(RUCK) 과목'은 수강바구니 담기가 되지 않습니다.※ 수강바구니 기간에는 '학과학년제한'이 설정된 과목은 수강바구니 담기가 되지 않습니다.※ 수강바구니 이후 사정에 따라 '학과학년제한'이 되어 수강신청 기간에 신청하지 못하는 경우가 발생할 수 있습니다.이 경우 '학과학년제한'이 해제된 후 신청하여 주시기 바랍니다.2. 장애 및 국제학생 수강신청 기간: 2023. 8. 1.(화) 11:00∼8. 3.(목) 17:00※ 수강신청 웹페이지 주소:https://sugang.jj.ac.kr-수강신청 시 웹 브라우저를 구글 크롬(Chrome) 또는 마이크로소프트 엣지(Edge)로 접속 권장3. 재학생 수강신청 기간:  2023. 8. 8.(화) 11:00∼8. 10.(목) 17:00※수강신청 기간동안 홀짝 구분없이 전체 재학생 전체 수강신청 실시※ 수강신청 웹페이지 주소:https://sugang.jj.ac.kr-수강신청 시 웹 브라우저를 구글 크롬(Chrome) 또는 마이크로소프트 엣지(Edge)로 접속 권장※ 수강신청 방법 안내: 수강신청 안내 동영상(https://bit.ly/3xTZlVr) 참조 ('Youtube'에서 '전주대학교 수강신청'으로 검색)※ 수강신청 홈페이지 접속 지원 프로그램(넷퍼넬-다중접속제어솔루션) 운영으로접속대기자가 많을 경우 접속대기 메세지(붙임-예시 화면 참조)가 표시될수 있음※ 수강바구니 기간 타학년/타학과 과목을 수강바구니에 담은 경우수강신청 시 학년을 '전체'로 설정하고 조회해야 해당 과목이 조회되고 수강신청 가능합니다.※ 수강신청 기간에는 한국지역대학연합(RUCK)과목은 수강신청이 되지 않습니다.4. 개인(팀)프로젝트 수강신청-  개인(팀)프로젝트 수강신청은 기간은 8. 8.(화) 11:00∼8. 10.(목) 17:00로 일반 수강신청 기간과 동일함.-  개인(팀)프로젝트의 수강신청은 [inSTAR 로그인 → 개인(팀)프로젝트 → 개인(팀)프로젝트]에서 진행(수강신청 페이지와 다름)※개인(팀)프로젝트 포함 수강신청 제한학점을 초과하지 않도록 유의※ 수강신청 제한학점 초과 시 개인(팀)프로젝트 신청이 취소될 수 있음5. 폐강과목 게시 및 안내-  1차: 8. 22.(화) 15:00-  2차: 9. 6.(수) 15:00※ 본교 홈페이지 공지사항(학사) 게시 및 안내 예정※ 폐강과목 수강 학생에게 개인별 안내 및 공지 없음※ 교양교과목은 별도 공지될 수 있음6. 학과학년제한 해제: 2023. 9. 1.(금) 11:00 부터- 해제영역: 외국어, 인성, 의사소통, 소프트웨어, 채플, 기독교, 교직과목 및 일부 학과의 기초, 전공필수, 전공 선택 과목※ 일부 교양 및 학과 지정 일부 과목은 학과학년제한 해제에서 제외될 수 있음7. 수강신청 정정기간(폐강과목 수강신청자 포함): 2023. 9. 1.(금) 11:00∼9. 9.(토) 18:00※ 수강신청 정정 기간 수강신청 정정은 inSTAR(https://instar.jj.ac.kr)에서 가능합니다.( 인스타 로그인 - 수강신청 - 수강신청)8. 학점교류 원격(RUCK 포함) 강좌 수강신청:  2023. 9. 1.(금) 11:00∼9. 9.(토) 18:00※ 직전학기 평점평균 3.0 이상인 경우 수강신청 가능(개설 강좌는 붙임파일 참조)※ RUCK 강좌 수강신청은 inSTAR(https://instar.jj.ac.kr)에서 가능합니다.( 인스타 로그인 - 수강신청 - 수강신청)※ 가톨릭관동대학교의 [지도와지리학으로읽는제2차세계대전사]는 해당대학에서 개설이 취소되어 폐강됨.(8.10.)9. 수강취소 기간: 9. 11.(월) 11:00∼9. 13.(수) 18:00※ 수강신청 취소 기간 수강취소 신청은 inSTAR(https://instar.jj.ac.kr)에서 가능합니다.( 인스타 로그인 - 학사관리 - 수강신청내역/수강취소        ***수강신청 메뉴와 다름***)※ 수강신청 취소는 최대 6학점(6학점을 초과하여 수강취소 불가능) 범위 내에서 가능합니다.10. 개설 교과목 수업계획서(시간표) 확인: 2023. 7. 25.(화) 부터※ 인스타 로그인 -> 학사관리 -> 수업계획서(개설강좌) 조회 -> 학과선택 -> 조회(수업계획서 및 수업 시간표는 수강신청 편람 아닌 인스타에서 확인 가능하며, 학과 사정에 따라 개강 전 수업 시간표가 변동될 수 있습니다.)11. 기타 주의사항 안내※ 2024년 2월 졸업을 희망하는(2학기가 마지막 이수 학기) 재학생 께서는 졸업이수요건 필수과목(논문, 전공필수, 교양필수 과목 등)을 미이수한 경우,기간 내 반드시 수강신청하여 주시기 바랍니다.12.문의전화- 교양과목(수퍼스타칼리지 교양학부): 220-2008(외국어), 2009(인성, 핵심), 2603(소프트웨어, 의사소통), 3097(자유교양)- 교직과목(사범대학 교육학과): 220-2346- 채플&기독교과목(선교지원실): 220-2423, 2737,3149- 수강신청시스템 및 기타문의(학사지원실): 220-2134, 2083, 2417붙 임 1. 2023-2학기 수강신청FAQ자료1부.2. 수강신청 접속 대기화면 자료 1부.3. 교양학점 확인 방법 안내 자료 1부.4. 2023-2학기 학점교류(RUCK 포함) 원격강좌 개설 교과목 안내 1부.  끝.",1.965277778,0,0.069444444,1.875,0.020833333,0.013888889,1.618055556,0
학사공지,688,690+실감미디어혁신융합대학사업단_업단] 2023학년도 2학기 학점교류,[실감미디어혁신융합대학사업단] 2023학년도 2학기 학점교류,실감미디어혁신융합대학사업단,2023-07-17,999,https://www.jj.ac.kr/jj/community/notice02.do?mode=view&articleNo=190485&article.offset=100&articleLimit=100,"실감미디어혁신융합대학 간 학점교류 협정에 의거하여 2023학년도 2학기 학점교류 학생을 다음과 같이 접수하오니관심 있는 재학생들의 많은 신청 바랍니다.순교류대학추천기한수학안내문(대학명 클릭)신청자격1건국대학교2023. 8. 10.(목)건국대학교신청자 명단- 타대학 학점교류 이수 후, 1학기 이상 본교 등록이 가능한 자(2024년 2월 졸업예정자 신청 대상 제외)- 본교와 학술교류 협정을 체결한 대학 학생으로서 소속 대학교    총장의 추천을 받은 학생2경희대학교2023. 8. 4.(금)경희대학교추천자 명단신청 메뉴얼등록 메뉴얼3계명대학교2023. 8. 4.(금)계명대학교추천자 명단4계원예술대학교2023. 8. 10.(목)계원예술대학교개설 교과목신청자 명단개인정보동의서5배재대학교2023. 8. 4.(금)배재대학교학점교류 교과목추천자 명단학점교류 신청서6중앙대학교2023. 7. 20.(목)중앙대학교신청자 명단개인정보동의서*학점교류 협약대학에서 학점 교류 안내 공문이 도착하면 해당 대학 자료를 추가로 업데이트 예정입니다.1. 신청방법: 제출서류를 학과 사무실에 제출/ ***해당대학 추천기한 전날까지***(학점교류 과목 이수계획서는 작성 후, 소속 학과 조교에게 확인 후 학과장 서명 받을 것)2. 제출서류(붙임 양식 참조)가. 국내대학 학점교류 신청서 1부.나. 국내대학 학점교류 과목 이수 계획서 1부.3. 유의사항가. 교류대학별로 추천기한이 상이하여 접수기간이 다른 점을 유의하시기 바랍니다.나. 붙임 자료의 수학 안내문이 없는 대학의 경우 해당 대학에서 공문이 발송되지 않은 것입니다.(안내문이 없는 대학으로의 학점교류는 접수하는 대로 공지할 예정임)라. 이수 계획서에 기재된 과목이 아닌 다른 과목을 신청할 시에는 성적부여가 되지 않습니다.마. 편입생 및 2024년 2월 졸업예정자(2023-2학기가 마지막 학기인 학생)는 신청 대상에서 제외 됩니다.4. 관련 문의: 실감미디어혁신공유대학사업단(063-220-2988)붙임 1. 학점교류 신청서 및 교류대학 과목 이수계획서 1부.2. 수학대학 안내문 각 1부.",0.039100684,0.019550342,1.156057731,0.312805474,0.058651026,0,0.234604106,0
학사공지,687,693+학사지원실_022학년도 후기 학위수여 관련 안내,2022학년도 후기 학위수여 관련 안내,학사지원실,2023-07-08,1753,https://www.jj.ac.kr/jj/community/notice02.do?mode=view&articleNo=190488&article.offset=100&articleLimit=100,2022학년도 후기 학위수여식은 별도로 개최하지 않고졸업사정에  의거 졸업대상자는 학위증을 다음과 같이 배부하오니 단과대학 행정지원실에서 수령하시기 바랍니다.1. 학위수여일 :2023. 8. 16.(수)2. 학위수여식 실시 여부:별도 행사 없음3. 학위증 배부일시 :2023. 8. 16.(수) ~ 8. 22.(화)4. 학위증 배부장소:각 단과대학 행정지원실- 배부기간: 2023. 8. 16.(수) ~ 2023. 8. 22.(화)- 학위증 미수령자는 추후 학사지원실에서 직접 수령5. 학위복 및 학위모 대여- 대여기간: 2023. 8. 16.(수) ~ 2023. 8. 22.(화)6. 포토존 운영- 운영기간: 2023. 8. 16.(수) ~ 2023. 8. 22.(화)7. 졸업증명서 발급: 2023. 8. 16.(수) 09:00부터8. 문의: 학사지원실(063-220-2083)2023. 8.교 무 처 장,0,0,1.893437688,0,0.176600442,0.04415011,1.363636364,0
학사공지,686,689+학사지원실_점교류 실시 및 신청 안내(일반대학),2023학년도 2학기 학점교류 실시 및 신청 안내(일반대학),학사지원실,2023-07-07,2106,https://www.jj.ac.kr/jj/community/notice02.do?mode=view&articleNo=190484&article.offset=100&articleLimit=100,"국내 대학 간 학점교류 협정에 의거하여2023학년도 1학기 학점교류 학생을다음과 같이 접수하오니 관심 있는 재학생들의 많은 신청 바랍니다.순교류대학신청기한수학 안내문(대학명 클릭)신청자격1전북대7. 18.(화)전북대학교수강신청 일정추천자 명단- 2학년 이상인 자- 2학기 이상 수료한 자- 직전 학기까지 총 평점평균 3.0이상인 자- 타대학 학점교류이수 후, 1학기 이상 본교 등록이 가능한 자(2024년 2월 졸업 예정자 신청 대상 제외)- 재학 중 최대 4개 학기 수학 가능2제주대7. 19.(수)제주대학교추천자 명단3울산대7. 26.(수)울산대학교추천자 명단4경남대7. 24.(월)경남대학교추전자 명단5계명대7. 24.(월)계명대학교추천자 명단6군산대7. 26.(수)군산대학교추천자 명단7한남대8. 9.(수)한남대학교교류생 명단8아주대7. 27.(목)아주대학교희망자 명단추천서 및 과목 이수 계획서아주Bb 사용법 안내9호남대10고려대7. 21.(금)고려대학교학점교류 신청서추전자 명단도서관이용증 발급안내온라인 등록/아이디 신청 안내- 3학년 이상인 자- 4학기(70학점) 이상 수료한 자- 직전 학기까지 총 평점평균 3.0이상인 자- 타대학 학점교류이수 후, 1학기 이상 본교 등록이 가능한 자(2023년 8월 졸업 예정자 신청 대상 제외)- 재학 중 최대 2개 학기 수학 가능11연세대8. 3.(목)연세대학교수강가능 교과목신청자 명단* 학점교류 협약대학에서학점 교류 안내 공문이 도착하면 해당 대학 자료를 추가로 업데이트 예정입니다.1. 신청방법: 제출서류를 학과 사무실에 제출 /***홈페이지에 게시된 신청기한 엄수***(학점교류 과목 이수계획서는 작성 후, 소속 학과 조교에게 확인 후 학과장 서명 받을 것)2. 제출서류(붙임 양식 참조)가. 국내대학 학점교류 신청서 1부.나. 국내대학 학점교류 과목 이수 계획서 1부.3. 유의사항가. 교류대학별로 추천기한이 상이하여 신청기간이 다른 점을 유의하시기 바랍니다.(학생의 교류 수학 신청은 홈페이지에 게시된신청기한에 한합니다.)나. 붙임 자료의 수학 안내문이 없는 대학의 경우 해당 대학에서 공문이 발송되지 않은 것입니다.(안내문이 없는 대학으로의 학점교류는 접수하는 대로 공지할 예정임)라.이수 계획서에 기재된 과목이 아닌 다른 과목을 신청할 시에는 성적부여가 되지 않습니다.마.편입생 및2024년 2월 졸업예정자(2023-2학기가 마지막 학기인 학생)는 신청 대상에서 제외 됩니다.4. 관련 문의: 학사지원실(063-220-2083) 또는 학과 사무실붙임   1. 학점교류 신청서 및 교류대학 과목 이수계획서 1부.2. 수학대학 안내문 각 1부.",0.030935808,0.015467904,1.160775215,1.222646831,0.061871616,0.015467904,1.114371503,0
학사공지,685,682+교육과정평가센터_2023-1학기 강의평가 실시 안내,2023-1학기 강의평가 실시 안내,교육과정평가센터,2023-07-06,1140,https://www.jj.ac.kr/jj/community/notice02.do?mode=view&articleNo=190477&article.offset=100&articleLimit=100,"2023학년도 1학기 강의평가 실시사항을 다음과 같이 안내하오니재학생 여러분께서는 기간 내 참여할 수 있도록 협조하여 주시기 바랍니다.1. 강의평가 기간: 2023. 6. 5.(월) ~ 6. 27.(화)2. 강의평가 방법: inSTAR(인스타) 웹(또는 모바일) 로그인 - 강의평가 팝업 메시지 확인 후 클릭- 강의평가 화면으로 이동 및 강의평가 실시3. 기타 사항:강의평가 기간 내 강의평가 미응답시,  성적확인 기간 첫째날(6. 30.금) 성적 열람이 제한됨.교육과정평가센터장",2.094795539,2.317843866,0,0,0,0,1.574349442,0
학사공지,684,683+학사지원실_수업 폐강과목 및 수강신청 정정 안내,2023학년도 하계 계절수업 폐강과목 및 수강신청 정정 안내,학사지원실,2023-07-06,1554,https://www.jj.ac.kr/jj/community/notice02.do?mode=view&articleNo=190478&article.offset=100&articleLimit=100,"2023학년도 하계 계절수업 폐강과목을 다음과 같이 공고하오니폐강과목 수강신청자는 아래 사항을 참고하여 수강신청을 정정하여 주시기 바랍니다.1.폐강 과목:총 14개 과목(붙임 파일 참조)2.폐강과목 수강신청 정정기간: 6. 8.(목) 11:00부터~ 18:00까지※수강신청 정정기간 이후 수강신청 정정 불가3.유의사항가.폐강과목 수강 신청자에 한해 수강과목 정정 신청 가능함나.폐강과목 수강 신청 정정 방법:인스타-수강신청-수강과목 정정(변경)신청다.수강신청 정정 기간 내 폐강 과목 미변경 시 수강신청 포기로 간주함-정정기간 폐강과목을 수강 정정하지 않는 경우 일괄 수강 취소 처리 함4.폐강과목 관련 문의가.교양과목:교양학부(063-220-4648, 3097, 2008, 2603)나.기타과목:학사지원실(063-220-2134)교 무 처 장",2.196360559,0,0,1.45789251,0.047961631,0,1.074199464,0
학사공지,683,687+학사지원실_공개 및 확인(이의 신청) 기간 안내,2023학년도 1학기 성적 공개 및 확인(이의 신청) 기간 안내,학사지원실,2023-06-26,3661,https://www.jj.ac.kr/jj/community/notice02.do?mode=view&articleNo=190482&article.offset=100&articleLimit=100,"2023학년도 1학기 성적 공개 및 확인(이의신청) 안내1. 성적 확인 및 성적 이의신청가. 성적 확인기간 및 이의신청:  6. 30.(금) 14시 ~ 7. 6.(목) 오후 3시까지※강의평가 미응답한 경우, 7. 1.(토)부터 성적 확인 가능함※성적확인 기간 중 성적 정정 처리 업데이트 시간(평일 오후 1시~1시30분, 오후 5시~5시30분)에는 성적 확인 불가예) 오전 10시에 성정 정정->오후 1시~1시30분 이후 inSTAR에서 확인 / 오후 3시에 성적정정오후 5시~5시30분 이후inSTAR에서 확인)예) 주말 및 휴일에 성적이 정정되는 경우 다음 업무일오후 1시~1시30분이후 반영)나. 조회방법:  inSTAR or 전주대 포털 앱 -> 학사관리 -> 학기별 성적 조회다.이의신청:  inSTAR  -> 학사관리 -> '성적이의신청’을 통해서만 이의신청 가능2. 참고사항가. (중간, 기말, 과제 등) 성적평가 영역별 상세 성적을 조회 가능나.합리적 사유가 없는 이의신청(장학금 및 재수강 등 개인적 사정 등에 호소)은 이의신청 사유에 해당되지 않으며,해당 내용으로 성적이의신청 시청탁금지법에 위배되며 근거 자료로 남을 수 있으니 유의하시기 바랍니다.다.2023-1학기 성적을 포함한 성적증명서 발급은 7월 10일(월) 오전 11시 이후 발급 가능하오니 참조하시기 바랍니다.교 무 처 장",0.029673591,1.426805143,0,1.100395648,0.029673591,0,0.981701286,0
학사공지,682,688+학사지원실_ 2학기 학사학위취득 유예 신청 안내,2023학년도 2학기 학사학위취득 유예 신청 안내,학사지원실,2023-06-26,1692,https://www.jj.ac.kr/jj/community/notice02.do?mode=view&articleNo=190483&article.offset=100&articleLimit=100,2023학년도 2학기 학사학위취득 유예(구.졸업연장)신청에 대해 다음과 같이 안내하오니 참고하시기 바랍니다.1.신청대상: 2022학년도 후기 졸업대상자(2023년 8월 졸업)중 학칙이 정한 졸업 요건을 전부 갖춘 학생2.신청기간:2023. 7. 10.(월)~7. 20.(목) 17:00까지3.신청방법: inSTAR→학사관리→학사학위취득유예 신청(※졸업사정 종료 후 최종 승인여부를 인스타 또는 학과에 확인 필수)4.학사학위취득 유예구분 및 등록구분등록신청목적재수강계절학기 수강료 기준:학점당8만원교과목 재이수를 통한 성적 향상 목적자기개발별도의 학점등록 없음순수 자기개발 목적5.주의사항(필독)가.학사학위취득 유예는 학기 단위로최대2회까지 신청 가능나.신청제외:외국인 유학생은 신청 불가다.학사학위취득 유예기간 중 휴학 불가라.신청자가 졸업사정에서 불합격한 경우 그 신청은 당연 취소됨마.신청취소:2023. 8. 8.(화)~9. 1.(금)까지'학사학위취득 유예 포기신청서(첨부)를소속 단과대학에 제출6.문의:각 학과 사무실교무처장,0.038387716,0.038387716,1.608856594,1.724019742,0.038387716,0,1.186591719,0
학사공지,681,686+학사지원실_2023학년도 2학기 재입학  안내,2023학년도 2학기 재입학  안내,학사지원실,2023-06-19,1918,https://www.jj.ac.kr/jj/community/notice02.do?mode=view&articleNo=190481&article.offset=100&articleLimit=100,"2023학년도 2학기 재입학 전형에 대해 다음과 같이 안내합니다.1.신청대상:자퇴,휴학만기,미등록 등의 사유로 제적된 자2.제외대상(학칙 제13조 의거)가.퇴학 등 징계처분으로 제적된 자나.제적 후1학기 이상 경과하지 않은 자예) 2023년 3월 제적(2023-1학기 제적자)→재입학 불가2023년 2월 제적(2022-2학기 제적자)→재입학 가능3.선발인원: 304명(정원 내 249명,정원 외 55명)※모집단위 별 모집인원은 재입학 모집요강 참조4.전형방법 및 선발기준:신청자 수가 재입학 여석을 초과할 경우 선발 우선순위가.총 취득학점이 많은 자나.총 성적 평점평균이 높은 자5.제출방법가.제출서류:재입학원서1부(해당 게시글 첨부파일에서 다운로드 가능)나.제출기간:2023. 7. 10.(월)~8. 3.(목) 12:00다.제출처:학사지원실(스타센터234호)6.전형일정구 분일 시(기 간)비 고신청서 접수2023. 7 10.(월)~8. 3.(목) 12:00접수처(학사지원실)수강신청2023. 8. 8.(화)~8. 10.(목)재입학 탈락 및 미등록 시 수강 취소합격자 발표2023. 8. 16.(수) 15:00개별 통보합격자 등록기간2023. 8. 17.(목)~8. 18.(금) 16:007.유의사항가.제적 당시 학년 및 전공으로 재입학하는 것을 원칙으로 하며 제적 당시 학과(전공)가 구조조정 등으로폐지된 경우동일 계열의 유사학과(전공)으로 선택하여 입학할 수 있음나.합격 후 등록기간 내에 등록하지 않으면 재입학 승인을 취소함8.문의처:학사지원실(☎063-220-2083)2023. 6.교 무 처 장",0.025445293,0.025445293,0.025445293,0.279898219,0.178117048,0.025445293,1.678117048,0
학사공지,680,685+학사지원실_수수료 인하 안내(2023.6.1.),전주대학교 인터넷 증명발급(출력) 수수료 인하 안내(2023.6.1.),학사지원실,2023-06-14,2669,https://www.jj.ac.kr/jj/community/notice02.do?mode=view&articleNo=190480&article.offset=100&articleLimit=100,인터넷 증명발급(출력) 수수료 인하 안내인터넷을 통한 전주대학교 증명발급(출력) 서비스의 수수료가 아래와 같이 변경되었음을 안내합니다.적용시기: 2023. 6. 1.,0,0,1.180107527,0,0,0,1.39516129,0
학사공지,679,715+학사지원실_수업 폐강과목 및 수강신청 정정 안내,2023학년도 동계 계절수업 폐강과목 및 수강신청 정정 안내,학사지원실,2023-06-12,2047,https://www.jj.ac.kr/jj/community/notice02.do?mode=view&articleNo=190510&article.offset=0&articleLimit=100,"2023학년도 동계 계절수업 폐강과목을 다음과 같이 공고하오니폐강과목 수강신청자는 아래 사항을 참고하여 수강신청을 정정하여 주시기 바랍니다.1.폐강 과목:총 20개 과목(붙임 파일 참조)2.폐강과목 수강신청 정정기간: 12. 7.(목) 11:00부터~ 18:00까지※수강신청 정정기간 이후 수강신청 정정 불가3.유의사항가.폐강과목 수강 신청 정정 방법:인스타-수강신청-수강과목 삭제/신청나.수강신청 정정 기간 내 폐강 과목 미변경 시 수강신청 포기로 간주함-정정기간 폐강과목을 수강 정정하지 않는 경우 일괄 수강 취소 처리 함4.폐강과목 관련 문의가.교양과목:교양학부(063-220-4648, 3097, 2008, 2603)나.기타과목:학사지원실(063-220-2134)교 무 처 장",2.234679773,0,0,1.404546153,0.052219321,0,1.039010905,0
학사공지,678,708+실감미디어혁신융합대학사업단_청 안내(실감미디어혁신융합대학사업단),2023학년도 동계 계절학기 학점교류 실시 및 신청 안내(실감미디어혁신융합대학사업단),실감미디어혁신융합대학사업단,2023-06-11,1322,https://www.jj.ac.kr/jj/community/notice02.do?mode=view&articleNo=190504&article.offset=100&articleLimit=100,"실감미디어혁신융합대학 간 학점교류 협정에 의거하여 2023학년도 동계 계절학기 학점교류 학생을 다음과 같이 접수하오니관심 있는 재학생들의 많은 신청 바랍니다.순교류대학추천기한수학안내문(대학명 클릭)신청자격1건국대학교2023. 11. 9.(목)건국대학교추천자 명단- 타대학 학점교류 이수 후, 1학기 이상 본교 등록이 가능한 자(2024년 2월 졸업예정자 신청 대상 제외)- 본교와 학술교류 협정을 체결한 대학 학생으로서 소속 대학교  총장의 추천을 받은 학생2경희대학교2023. 11. 23.(목)경희대학교신청자 명단신청 매뉴얼등록 매뉴얼3계명대학교4계원예술대학교5배재대학교6중앙대학교2023. 11. 13.(월)중앙대학교신청자 명단개인정보동의서*학점교류 협약대학에서 학점 교류 안내 공문이 도착하면 해당 대학 자료를 추가로 업데이트 예정입니다.1. 신청방법: 제출서류를 실감미디어혁신융합대학사업단 사무실에 제출/ ***해당대학 추천기한 전날까지***(학점교류 과목 이수계획서는 작성 후, 소속 학과 조교에게 확인 후 학과장 서명 받을 것)2. 제출서류(붙임 양식 참조)가. 국내대학 학점교류 신청서 1부.나. 국내대학 학점교류 과목 이수 계획서 1부.3. 유의사항가. 교류대학별로 추천기한이 상이하여 접수기간이 다른 점을 유의하시기 바랍니다.나. 붙임 자료의 수학 안내문이 없는 대학의 경우 해당 대학에서 공문이 발송되지 않은 것입니다.(안내문이 없는 대학으로의 학점교류는 접수하는 대로 공지할 예정임)라.이수 계획서에 기재된 과목이 아닌 다른 과목을 신청할 시에는 성적부여가 되지 않습니다.마.편입생 및 2024년 2월 졸업예정자(2023-동계계절학기가 마지막 학기인 학생)는 신청 대상에서 제외 됩니다.4. 관련 문의: 실감미디어혁신공유대학사업단(063-220-2988)붙임 1. 학점교류 신청서 및 교류대학 과목 이수계획서 1부.2. 수학대학 안내문 각 1부.",0,0.021413276,0.881959315,0.924785867,0.042826552,0,0.881959315,0
학사공지,677,709+학사지원실_2024학년도 1학기 전과 안내,2024학년도 1학기 전과 안내,학사지원실,2023-06-11,6394,https://www.jj.ac.kr/jj/community/notice02.do?mode=view&articleNo=190503&article.offset=100&articleLimit=100,"2024학년도 1학기 전과 안내1. 신청자격가. 일반학과◦ 2학년: 정규학기를 2회 이상이수한 자◦ 3학년: 정규학기를 4회 이상이수한 자◦ 4학년: 정규학기를 6회 이상 이수한 자나. 사범대학 및 보건계열◦ 2학년: 정규학기를 2회 이상이수한 자*1학기에만 모집다. 미래융합대학◦ 2학년: 정규학기를 2회 이상이수한 자 + (전입학기 개시일 기준) 만 30세 이상 또는 특성화고(실업계) 졸업 후 3년 이상 재직자◦ 3학년: 정규학기를 4회 이상이수한 자 +(전입학기 개시일 기준) 만 30세 이상 또는 특성화고(실업계) 졸업 후 3년 이상 재직자◦ 4학년: 정규학기를 6회 이상 이수한 자 +(전입학기 개시일 기준) 만 30세 이상 또는 특성화고(실업계) 졸업 후 3년 이상 재직자2. 전과 허용 범위◦ 학칙이 허용하는 범위 내에서 2학년 이상에 대하여 실시*전과는 재학생만 신청 가능(휴학생은 복학 후에 신청하여야 함)* 편입생은 4학년 전과 신청 가능3. 추진일정구 분일 자(기간)내 용신청서 접수2023. 12. 11.(월) ∼ 12. 28.(목)  15:00(시간 엄수)학생포털서비스(inSTAR) > 학사관리 >전과신청 메뉴에서 신청※ 전과신청서 작성 후 현소속학과 교수님과 상담후 스캔하여 업로드(스캔은 소속학과에 요청, 사진 촬영 X)면접, 필기, 실기전형2024. 1. 3.(수)해당 학과(전공)별 고사장에서 실시합격자 발표2024. 1. 17.(수)개별통보등 록2024. 2. 23.(금) ~ 2. 29.(목)합격자 등록금 납부(전입 학과 기준)※ 지정기간 내 미등록 시 전과 합격이 취소됨4. 제출서류 및 접수처◦ 신청서 접수:학생포털서비스(inSTAR) > 학사관리 > 전과신청◦ 제출서류:전과신청서1부-학생포털서비스(inSTAR) > 학사관리 > 전과신청에서 다운로드 가능※전과신청서 작성 후 학과사무실 등에서 스캔 후 업로드 (업로드 된 신청서가 식별이 어려울 경우 전과 신청 취소됨)5. 변경사항◦ 전과 신청 절차- 변경 전: inSTAR > 학사관리 > 전과신청 > 전과 신청정보 입력 후 저장 > 전과 신청서 출력> 현재 학과 및 전입학과에서 학과장님 상담 후 확인 서명 > 전과 신청서 스캔 >  inSTAR에 업로드-변경 후:  inSTAR > 학사관리 > 전과신청 > 전과 신청정보 입력 후 저장 > 전과 신청서 출력>전출학과(현재 학과)에서 소속 학과 교수님 상담 후 확인 서명> 전과 신청서 스캔 >  inSTAR에 업로드* 현재 학과의 소속 교수님과 상담 후 확인 서명을 받으면 됨6. 유의사항◦ 추후 안내를 위해 신청서에 본인의 연락처를 정확히 기재◦전과는 신청자별로 1개의 모집단위에 한하여 신청하되 전과 횟수는 제한하지 않음.◦전과는 매 학기 시행하되 사범대학 및 보건계열학과(간호학과, 물리치료학과, 방사선학과, 보건관리학과, 작업치료학과)의 전과는1학기에만 모집함.◦ 미래융합대학에서 그 외 단과대학으로의 전과는 불가함◦ 장학금 포기: 전과할 경우 장학규정 제6조에 의거, 2024학년도 1학기 성적장학금 혜택을 받지 못함.◦ 전과 합격자는 지정된 등록기간 내에(최초 등록기간) 전입학과 기준으로 등록금을 납부하여야 하며, 지정 기간 내 등록금 미납부시 합격이 취소됨.(이 경우 2024학년도 1학기 성적장학금을 수혜받지 못 함).◦ 교직이수자가 전과할 경우 교직이수가 취소됨.◦ 전과포기: 전과를 허가받은 학생이 전과를 취소하고자 하는 경우에는 전과를 허가받은 후 첫 학기 시작일 전까지 전과포기신청서를교무처장에게 제출하여야함.◦전과를 한 학생은 전입한 학과의 교육과정 이수기준에 따른 교과목을 이수하고 졸업기준을 충족하여야 한다. 따라서 전과를한 학생은 졸업학점 취득을 위하여 초과 학기를 등록할 수도 있음.◦전과 이전 학과에서 이수한 교과목은 전과한 학과의 교과목으로 인정하지 않음.다만, 전입학과에서 운영하는 교과목과 동일하거나유사한 교과목으로 인정받은 경우, 전과 한 학과에서 이수한 것으로 인정 할 수 있음.※ 문의사항◦ 필기, 실기, 면접전형/교과과정 문의: 각 학과 사무실◦ 신청방법/일정 문의: 063-220-2083붙임 1. 2024학년도 1학기 전과 모집요강 1부.2. 전과신청 매뉴얼(학생용) 1부.3. 전과포기 신청서 1부.  끝.교 무 처 장",0.048007681,0.019203072,0.057609217,0.393662986,0.15362458,0.019203072,1.820291247,0
학사공지,676,706+학사지원실_23학년도 2학기 2차 폐강과목 안내,2023학년도 2학기 2차 폐강과목 안내,학사지원실,2023-06-09,3009,https://www.jj.ac.kr/jj/community/notice02.do?mode=view&articleNo=190501&article.offset=100&articleLimit=100,"2023학년도 2학기 개설 강좌 중 수강인원 미달에 따른 폐강 과목을 다음과 같이 안내하오니해당 과목의 수강신청자는 아래 사항을 참고하여 수강신청을 정정하시기 바랍니다.1. 폐강과목 현황: 첨부파일 참조-    폐강과목을 수강신청 한 재학생의 경우, 정정기간 중 반드시 해당과목을 직접 삭제하시고 다른 과목으로 수강신청 변경하시기 바랍니다.2. 수강신청 정정기간: ~9. 9.(토) 18:003. 폐강 및 대체 수강 가능 과목 문의- 전공, 교직 등: 각 학과 사무실(담당 조교 선생님께 문의 바랍니다.)- 교양강좌: 수퍼스타칼리지 교양학부(063-220-4648, 3097)붙임 2023학년도 2학기 2차 폐강 교과목 현황 1부.  끝.",0.446927374,0,0,0.279329609,0,0,1.471945591,0
학사공지,675,666+학사지원실_2023년 8월) 조기졸업 신청 안내,2022학년도 후기(2023년 8월) 조기졸업 신청 안내,학사지원실,2023-06-03,1382,https://www.jj.ac.kr/jj/community/notice02.do?mode=view&articleNo=190461&article.offset=100&articleLimit=100,"2023학년도 후기(2023년 8월 졸업) 조기졸업 신청을 다음과 같이안내하오니 대상 학생들은 신청하여 주시기바랍니다.1. 신청기간:2023. 3. 6.(월)~3. 15.(목)2. 신청방법:inSTAR → 학사관리 → 조기졸업 신청3. 신청대상구분신청자격2015학번 이전○ 5학기 이상 수료하고 6학기 등록을 필한 자로서 119학점 이상 취득하고총 평균 평점이 4.0 이상인자2016학번 이후○ 5학기 이상 수료하고 6학기 등록을 필한 자로서 112학점 이상취득하고총 평균 평점이 4.1 이상인자* 간호학과(~2022학번): 119학점 이상 취득 및 총 평균 평점 4.1 이상* 미래융합대학 소속 학과: 105학점 이상취득 및 총 평균 평점 4.1 이상4. 참고사항가. 조기졸업 요건구분졸업요건2015학번 이전○ 3학년(6학기)이상 등록하고, 총 140학점(건축학과 2013학번 이전160학점)이상을 취득한 자로서, 해당 학과(전공)의 졸업기준을 충족한 자○ 총 평점평균이 4.0이상인 자2016학번 이후○ 3학년(6학기)이상 등록하고, 총 130학점 이상을취득한 자로서,해당 학과(전공)의 졸업기준을 충족한 자* 간호학과: 140학점 이상 취득* 미래융합대학 소속 학과: 120학점 이상○ 총 평점평균이 4.1이상인 자나. 조기졸업 탈락 시, 다음 학기 정규등록을 하여야 하며 성적장학금 수혜 대상에서 제외됨다. 조기졸업 신청을 취소하고자 하는 경우는 신청학기 기말고사 시작 전(2023. 6. 9.(금))까지조기졸업 포기 신청서를 작성하여각 단과대학 행정지원실에 제출하여야 하며,이 경우에는 성적장학금 수혜대상에 포함됨라. 조기졸업 이후라도 착오 또는 부정한 방법으로 조기졸업을 하게된 경우에는 조기졸업을취소할 수 있음5. 문의처: 학사지원실(063-220-2083)2023. 3.교 무 처 장",0,0.067039106,2.612430168,1.272695531,0.111731844,0,1.004539106,0
학사공지,674,657+학사지원실_학년도1학기 신/편입생 수강신청 안내,2023학년도1학기 신/편입생 수강신청 안내,학사지원실,2023-06-02,18764,https://www.jj.ac.kr/jj/community/notice02.do?mode=view&articleNo=190452&article.offset=100&articleLimit=100,"1.수강신청 기간:  2023. 2. 28.(화) 11:00∼17:002.수강신청 방법신청방법온라인(전주대학교 인스타-학생포털)으로 진행https://instar.jj.ac.kr/신청방법 동영상홈페이지-입학정보-신(편)인생 대학생활 길잡이-수강신청 안내(https://youtu.be/TD_VLKkFTe8)비 고신입생 일부 기본과목(기초,전공,교필 등)은 수강신청 되어 있음<인스타-수강신청 내역에서 확인>3. 문의가. 전공: 각 학과사무실(https://bit.ly/2T0DIRr)클릭 후 학과 사무실 확인나. 교양: 220-2008(외국어), 2009(인성), 2603(소프트웨어, 의사소통), 3097(통합, 핵심, 자유교양)다. 채플 및 기독교 교과목: 2423, 2737, 3149라. 교직: 220-2346(교육학과)마. 시스템: 220-2134(학사지원실)",1.478422274,0,0,2.724825986,0.046403712,0,1.246403712,0
학사공지,673,680+학사지원실_023학년도 하계 계절수업 운영 안내,2023학년도 하계 계절수업 운영 안내,학사지원실,2023-05-24,5789,https://www.jj.ac.kr/jj/community/notice02.do?mode=view&articleNo=190475&article.offset=100&articleLimit=100,"2023학년도 하계 계절수업을 다음과 같이 운영하고자 하오니 관심있는 재학생들의 많은 신청바랍니다.1. 계절수업 운영 일정구 분기 간비 고수강신청5. 30.(화) 11:00~6. 2.(금) 18:00인스타(inSTAR)-수강신청폐강과목 공고6. 7.(수) 15:00본교 홈페이지 학사게시판 공고폐강과목 수강신청 정정기간6. 8.(목) 11:00∼18:00폐강과목 수강 신청자만 수강신청 정정 가능수업료납부(등록기간)6. 14.(수)~16.(금)고지서 출력(6. 12.(월) 오후 2시 부터 가능)우리은행 영업시간 내 납부가능수강취소6. 19.(월) 11:00~7. 6.(목)17:00- 미등록 시 수강신청내역은 일괄 취소처리함- 등록 후, 수강취소 시 환불기준에 의거 환불 조치함- 수강취소 방법: inSTAR 로그인-학사관리-수강신청내역/취소-수강신청리스트에서 수강취소 과목 선택 후 저장계절수업 기간6. 23.(금)~7. 13.(목)- 원격중심수업은 온라인으로 진행- 기말시험 수업시간표 시간에 대면시험 참석하여야 함성적 확인 및 이의신청 기간7. 18.(화)11:00~19.(수) 15:00- 성적확인 기간 중 성적 정정 처리 업데이트 시간(오후 1시~1시30분, 오후 5시~5시30분)에는성적 확인 불가- 이의신청:  inSTAR  -> 학사관리 -> '성적이의신청’을 통해서만 이의신청 가능-합리적 사유가 없는 이의신청(장학금 및 재수강 등 개인적 사정 등에 호소)은 이의신청 사유에해당되지 않으며,해당 내용으로 성적이의신청 시청탁금지법에 위배되며 근거 자료로 남을수 있음* 등록금 고지서(납부확인서) 출력: inSTAR-장학/등록-등록관리-등록금 고지서/납부확인서(출력)2. 수강신청 학점: 최대 6학점 이내(2015학번 이전 최대 9학점 이내)* 수강신청방법: 인스타(inSTAR) 로그인 -수강신청 - 수강신청 메뉴에서 수강 희망과목 선택 및 저장* 원격중심 수업: 최대 3학점 이내(야간교육과정 재학생 최대 6학점 이내)- 전체학기:  2015학번 까지 42학점, 2016학번부터 32학점 이내 수강 가능*원격중심 수업은 출석인정(취업사유)을 제출한 학생인 경우도 사이버캠퍼스에서 수업을 정상수강해야 함(취업사유로 인한 출석인정 해당사항 없음)3. 수업방식가.대면수업 원칙/원격중심수업은 온라인으로 진행나. 기말시험은 대면평가를 원칙으로 함- 원격수업 중 대면시험 과목이 있을 수 있음[교과목 개설 현황 참조]다. 계절수업 수강생은 수업 방식 및 수업 시간표를 사전에 확인하여 수업 참석 요망4. 평가(성적산출)방법: 정규학기와 동일5. 수업료: 1학점 당 80,000원6. 개설과목: 붙임 자료 참조7. 등록금 환불기준사유 발생 시기반환 금액비고개강 전전액 환불개강 후 수업일 수1/3 이내 (2023. 6. 29.(목) 까지)납입금2/3 반환개강 후 수업일 수2/3 이내 (2023. 7. 6.(목) 까지)납입금1/3 반환개강 후 수업일 수2/3 초과 (2023. 7. 7.(금) 부터)반환하지 않음취소 불가8. 유의사항가. 등록일자 엄수 요망:등록기간 내  등록금을 납부하지 않은 자의 수강신청 내역은 무효 처리함나.2023-1학기에 기 수강한 과목과 동일과목을 수강한 경우 해당 수강 내역은 수강취소처리 함다. 채플 과목은 8학기 이상 이수자(건축학과 10학기 이상) 중, 채플미이수한 재학생만 수강신청 가능함라. 수강신청 정정신청은 최초 수강신청 후, 폐강과목을 수강신청 한 재학생에 한하여 가능함마. 사회봉사 과목 수강신청 방법:inSTAR 로그인-학사관리-사회봉사 교과목-교과목 신청(※자세한 사항: 사회봉사센터 홈페이지 수강신청 관련 게시물 참조)9. 계절수업 관련 문의처가. 교양과목: 수퍼스타칼리지 교양학부 220-4648, 3097나. 융합전공: 수퍼스타칼리지 융합학부 220-2821, 2823다. 채플: 선교지원실 220-2423라. 수업료 납부 및 환불: 재무지원실 220-3110마. 원격강좌 수업: 원격교육지원센터 220-2402바. 사회봉사 과목 수강 신청 및 취소: 사회봉사센터 220-4697사. 계절수업 수강신청 및 취소: 학사지원실 220-2134붙임 2023학년도 하계 계절수업 개설 교과목 현황(게시용) 1부. 끝.",1.86922703,0.126397667,0.097228974,0.408361692,0.048614487,0.068060282,1.480311133,0
학사공지,672,679+융합학부_로전공 이수 및 변경신청 안내(2차),2023학년도 1학기 연계·융합·마이크로전공 이수 및 변경신청 안내(2차),융합학부,2023-05-18,1009,https://www.jj.ac.kr/jj/community/notice02.do?mode=view&articleNo=190474&article.offset=100&articleLimit=100,"2023학년도 1학기 연계‧융합‧마이크로전공 이수 및 변경신청(2차)관련 안내합니다.재학생 여러분의 많은 관심과 신청 바랍니다.1. 신청 관련 안내1) 신청자격: 신(편)입학 후 2학기 이상 등록한 자2) 신청기간:5. 22.(월)~6. 4.(일)/ 매 학기 1~2주차, 12~13주차 진행3) 신청절차: inSTAR를 통해 신청 → 신청기간이 끝난 후 융합교육지원센터 승인(세부적인 신청방법은 첨부파일 참조)2. 전공 관련 안내1) 전공별 이수 기준구분복수(부)전공총이수학점주전공중복인정 학점융합교과목이수학점ⓐ참여전공이수학점ⓑ선택이수학점ⓐ or ⓑ연계전공복수전공36학점15학점 이내-21학점 이상-융합전공복수전공36학점12학점 이내9학점 이상9학점 이상6학점부전공21학점6학점 이내6학점 이상3학점 이상6학점마이크로전공12학점3학점 이내---2) 전공별 소개:http://www.jj.ac.kr/sc홈페이지의 전공별 안내자료 참고3) 이수 관련 문의: 교육혁신본부 융합교육지원센터(대학본관 228호 / 063-220-2821~4)3. 전공 현황 안내1) 6개 연계전공연계전공공공인재독서·논술교육벤처창업보육학일영멀티링구얼중국비즈니스2) 19개 융합전공융합전공경영법학국민연금국토정보학농생명-ICT대물차량손해사정드론라이프스타일기획보컬퍼포먼스사회적경제스마트시티스마트팜스토리미디어실감미디어일본AI탄소혁신리빙랩AI TechFood R&BD하림산학-3) 26개 마이크로전공- 이수제한 학과([붙임2]) 확인 필요마이크로전공게임공학게임그래픽디자인게임기획데이터분석실무로컬문화실감미디어리빙랩디자인리빙랩외식컨설턴트문화적도시재생소셜디자인소셜리빙랩실감미디어스마트팩토리실무실감미디어기획실감미디어펀더멘털영어플러스인공지능기획일본어플러스전기자동차전장부품중국어플러스창업컨설턴트호텔객실서비스호텔경영지원호텔세일즈앤마케팅호텔식음료서비스AI+식품AI+일본어ESG경영4. 기타 안내: 이수신청을 하지 않았더라도 관련 교과목의 수강신청이 가능하며,연계‧융합‧마이크로전공 해당 교과목이라면 전공 이수 전에 수강한 교과목도 인정 가능- 수퍼스타칼리지 융합학부 -",0.098231827,0,0.392927308,0.950042099,0.058939096,0,1.605388717,0
학사공지,671,678+학사지원실_23학년도 2학기 전과 안내 (수정),2023학년도 2학기 전과 안내 (수정),학사지원실,2023-05-15,3144,https://www.jj.ac.kr/jj/community/notice02.do?mode=view&articleNo=190473&article.offset=100&articleLimit=100,"2023학년도 2학기 전과 안내1. 신청자격가. 일반학과◦ 2학년: 정규학기를 2회 이상이수한 자◦ 3학년: 정규학기를 4회 이상이수한 자◦ 4학년: 정규학기를 6회 이상 이수한 자나. 사범대학 및 보건계열◦ 2학년: 정규학기를 2회 이상이수한 자*1학기에만 모집다. 미래융합대학◦ 2학년: 정규학기를 2회 이상이수한 자 + (전입학기 개시일 기준) 만 30세 이상 또는 특성화고(실업계) 졸업 후 3년 이상 재직자◦ 3학년: 정규학기를 4회 이상이수한 자 +(전입학기 개시일 기준) 만 30세 이상 또는 특성화고(실업계) 졸업 후 3년 이상 재직자◦ 4학년: 정규학기를 6회 이상 이수한 자 +(전입학기 개시일 기준) 만 30세 이상 또는 특성화고(실업계) 졸업 후 3년 이상 재직자2. 전과 허용 범위◦ 학칙이 허용하는 범위 내에서 2학년 이상에 대하여 실시*전과는 재학생만 신청 가능(휴학생은 복학 후에 신청하여야 함)* 편입생은 4학년 전과 신청 가능3. 추진일정구 분일 자(기간)내 용신청서 접수2023. 6. 14.(수) ∼ 6. 29.(목)  15:00(시간 엄수)학생포털서비스(inSTAR) > 학사관리 >전과신청 메뉴에서 신청※ 전과신청서 작성 후 현소속학과 교수님과 상담후 스캔하여 업로드(스캔은 소속학과에 요청, 사진 촬영 X)면접, 필기, 실기전형2023. 7. 12.(수)해당 학과(전공)별 고사장에서 실시합격자 발표2023. 7. 19.(수)개별통보등 록추후공지합격자 등록금 납부(전입 학과 기준)※ 지정기간 내 미등록 시 전과 합격이 취소됨4. 제출서류 및 접수처◦ 신청서 접수:학생포털서비스(inSTAR) > 학사관리 > 전과신청◦ 제출서류:전과신청서1부-학생포털서비스(inSTAR) > 학사관리 > 전과신청에서 다운로드 가능※전과신청서 작성 후 학과사무실 등에서 스캔 후 업로드5. 변경사항◦ 전과 신청 절차- 변경 전: inSTAR > 학사관리 > 전과신청 > 전과 신청정보 입력 후 저장 > 전과 신청서 출력> 현재 학과 및 전입학과에서 학과장님 상담 후 확인 서명 > 전과 신청서 스캔 >  inSTAR에 업로드-변경 후:inSTAR > 학사관리 > 전과신청 > 전과 신청정보 입력 후 저장 > 전과 신청서 출력>전출학과에서 소속 학과 교수님 상담 후 확인 서명> 전과 신청서 스캔 >  inSTAR에 업로드* 현재 학과의 소속 교수님과 상담 후 확인 서명을 받으면 됨6. 유의사항◦ 추후 안내를 위해 신청서에 본인의 연락처를 정확히 기재◦전과는 신청자별로 1개의 모집단위에 한하여 신청하되 전과 횟수는 제한하지 않음.◦전과는 매 학기 시행하되 사범대학 및 보건계열학과(간호학과, 물리치료학과, 방사선학과, 보건관리학과, 작업치료학과)의 전과는1학기에만 모집함.◦ 미래융합대학에서 그 외 단과대학으로의 전과는 불가함◦ 장학금 포기: 전과할 경우 장학규정 제6조에 의거, 2023학년도 1학기 성적장학금 혜택을 받지 못함.◦ 전과 합격자는 지정된 등록기간 내에 전입학과 기준으로 등록금을 납부하여야 하며, 지정 기간 내 등록금 미납부시 합격이 취소됨.(이 경우 2023학년도 1학기 성적장학금을 수혜받지 못 함).◦ 교직이수자가 전과할 경우 교직이수가 취소됨.◦ 전과포기: 전과를 허가받은 학생이 전과를 취소하고자 하는 경우에는 전과를 허가받은 후 첫 학기 시작일 전까지 전과포기신청서를교무처장에게 제출하여야함.◦전과를 한 학생은 전입한 학과의 교육과정 이수기준에 따른 교과목을 이수하고 졸업기준을 충족하여야 한다. 따라서 전과를한 학생은 졸업학점 취득을 위하여 초과 학기를 등록할 수도 있음.◦전과 이전 학과에서 이수한 교과목은 전과한 학과의 교과목으로 인정하지 않음.다만, 전입학과에서 운영하는 교과목과 동일하거나유사한 교과목으로 인정받은 경우, 전과 한 학과에서 이수한 것으로 인정 할 수 있음.※ 문의사항◦ 필기, 실기, 면접전형/교과과정 문의: 각 학과 사무실◦ 신청방법/일정 문의: 063-220-2083, 2135, 2136붙임 1. 2023학년도 2학기 전과 모집요강 1부.2. 전과신청 매뉴얼(학생용) 1부.  끝.교 무 처 장",0.0499002,0.01996008,0.05988024,0.369261477,0.139720559,0.01996008,1.474008505,0
학사공지,670,676+실감미디어혁신공유대학사업단_2023학년도 하계 계절학기 학점교류,[실감미디어혁신공유대학사업단] 2023학년도 하계 계절학기 학점교류,실감미디어혁신공유대학사업단,2023-04-28,1939,https://www.jj.ac.kr/jj/community/notice02.do?mode=view&articleNo=190471&article.offset=100&articleLimit=100,"실감미디어혁신공유대학 간 학점교류 협정에 의거하여 2023학년도 하계 계절학기 학점교류 학생을다음과 같이 접수하오니 관심 있는 재학생들의 많은 신청 바랍니다.순교류대학추천기한수학안내문(대학명 클릭)신청자격1건국대2023. 5. 10.(수)건국대학교추천자 명단절차간소화방안- 타대학 학점교류이수 후, 1학기 이상 본교 등록이 가능한 자(2023년 8월 졸업예정자신청 대상 제외)- 본교와 학술교류 협정을 체결한 대학 학생으로서 소속 대학교 총장의 추천을 받은 학생2경희대2023. 5. 25.(목)경희대학교신청자 명단신청 매뉴얼통합ID 등록 매뉴얼3계명대2023. 5. 22.(월)계명대학교개인정보양식4계원예술대2023. 6. 2.(금)계원예술대학교메타버스 3D 디자인버추얼 3D 캐릭터 모델링신청자 명단개인정보 수집 동의서5배재대2023. 5. 30.(화)배재대학교추천자 명단개설 교과목6중앙대2023. 5. 17.(수)중앙대학교신청자 명단개인정보동의서* 학점교류 협약대학에서 학점 교류 안내 공문이 도착하면 해당 대학 자료를 추가로 업데이트 예정입니다.1. 신청방법: 제출서류를 학과 사무실에 제출 / *** 해당대학 추천기한 전날까지 ***(학점교류 과목 이수계획서는 작성 후, 소속 학과 조교에게 확인 후 학과장 서명 받을 것)2. 제출서류(붙임 양식 참조)가. 국내대학 학점교류 신청서 1부.나. 국내대학 학점교류 과목 이수 계획서 1부.3. 유의사항가. 교류대학별로 추천기한이 상이하여 접수기간이 다른 점을 유의하시기 바랍니다.나. 붙임 자료의 수학 안내문이 없는 대학의 경우 해당 대학에서 공문이 발송되지 않은 것입니다.(안내문이 없는 대학으로의 학점교류는 접수하는 대로 공지할 예정임)라. 이수 계획서에 기재된 과목이 아닌 다른 과목을 신청할 시에는 성적부여가 되지 않습니다.마.편입생 및2023년 8월 졸업예정자(2023-1학기가 마지막 학기인 학생)는 신청 대상에서 제외 됩니다.4. 관련 문의: 실감미디어혁신공유대학사업단(063-220-2988)붙임   1. 학점교류 신청서 및 교류대학 과목 이수계획서 1부.2. 수학대학 안내문 각 1부.",0.019212296,0.019212296,1.020021235,0.288184438,0.038424592,0,0.23054755,0
학사공지,669,675+학사지원실_점교류 실시 및 신청 안내(일반대학),2023학년도 하계 계절수업 학점교류 실시 및 신청 안내(일반대학),학사지원실,2023-04-25,2025,https://www.jj.ac.kr/jj/community/notice02.do?mode=view&articleNo=190470&article.offset=100&articleLimit=100,"국내 대학 간 학점교류 협정에 의거하여2023학년도 하계 계절수업 학점교류 학생을다음과 같이 접수하오니 관심 있는 재학생들의 많은 신청 바랍니다.순교류대학신청기한수학 안내문(대학명 클릭)신청자격1전북대4. 26.(수)전북대학교- 2학년 이상인 자- 2학기 이상 수료한 자- 직전 학기까지 총 평점평균 3.0이상인 자- 타대학 학점교류이수 후, 1학기 이상 본교 등록이 가능한 자(2023년 8월 졸업 예정자 신청 대상 제외)- 재학 중 최대 4개 학기 수학 가능2제주대5. 16.(화)제주대학교추천자 명단3울산대5. 8.(월)울산대학교4경남대5. 17.(수)경남대학교개설 과목추전자 명단5계명대5. 19.(금)계명대학교추천자 명단6군산대5. 3.(수)군산대학교계절수업 시간표추천자 명단7한남대5. 31.(수)한남대학교학점교류생 명단8아주대5. 25.(목)아주대학교희망자 명단추천서 및 과목 이수 계획서아주Bb 사용법 안내9호남대5. 29.(월)호남대학교수학추천자10고려대5. 15.(월)고려대학교학점교류 신청서스마트카드 발급안내등록 및 아이디 신청 안내- 3학년 이상인 자- 4학기(70학점) 이상 수료한 자- 직전 학기까지 총 평점평균 3.0이상인 자- 타대학 학점교류이수 후, 1학기 이상 본교 등록이 가능한 자(2023년 8월 졸업 예정자 신청 대상 제외)- 재학 중 최대 2개 학기 수학 가능11연세대5. 10.(수)연세대학교수강가능 교과목신청자 명단* 학점교류 협약대학에서학점 교류 안내 공문이 도착하면 해당 대학 자료를 추가로 업데이트 예정입니다.1. 신청방법: 제출서류를 학과 사무실에 제출 /*** 위 표에 명시된신청기한 준수***(학점교류 과목 이수계획서는 작성 후, 소속 학과 조교에게 확인 후 학과장 서명 받을 것)2. 제출서류(붙임 양식 참조)가. 국내대학 학점교류 신청서 1부.나. 국내대학 학점교류 과목 이수 계획서 1부.3. 유의사항가. 교류대학별로 추천기한이 상이하여 접수기간이 다른 점을 유의하시기 바랍니다.나. 붙임 자료의 수학 안내문이 없는 대학의 경우 해당 대학에서 공문이 발송되지 않은 것입니다.(안내문이 없는 대학으로의 학점교류는 접수하는 대로 공지할 예정임)라.이수 계획서에 기재된 과목이 아닌 다른 과목을 신청할 시에는 성적부여가 되지 않습니다.마.편입생 및2023년 8월 졸업예정자(2023-1학기가 마지막 학기인 학생)는 신청 대상에서 제외 됩니다.4. 관련 문의: 학사지원실(063-220-2083) 또는 학과 사무실붙임   1. 학점교류 신청서 및 교류대학 과목 이수계획서 1부.2. 수학대학 안내문 각 1부.",0.852664837,0.015797788,1.089631662,1.073833874,0.063191153,0,1.026440509,0
학사공지,668,674+융합학부_설계연계전공 신청 안내(~6. 2.),2023학년도 2학기 자기설계연계전공 신청 안내(~6. 2.),융합학부,2023-04-17,2300,https://www.jj.ac.kr/jj/community/notice02.do?mode=view&articleNo=190469&article.offset=100&articleLimit=100,"Superstar College융합학부 자기설계연계전공 운영 및 신청에 관한 사항을 안내하오니 많은 관심과 참여 바랍니다.1. 자기설계연계전공 개요가. 목적: 학생의 전공선택권과 다양한 학습기회 보장나. 대상: 신(편)입학 후 2학기 이상 등록한 재학생다.운영기준구분내용주관학과신청학생 소속 학과참여학과학생의 진로, 적성을 고려 자유롭게 설계(일반학과, 연계·융합·마이크로전공 및 교양학부)이수기준36학점 이상(주전공 중복 인정 학점 포함: 15학점 이내)편성기준주전공 교과목(15학점 이내) 및 참여학과 교과목(30학점 이상) 45학점 이상유의사항교육과정 설계 시1회 이상 지도교수의 지도와 참여학과(전공)의 승인 필요2. 자기설계연계전공 신청 안내가. 신청기간: 2023. 5. 22.(월)~6. 2.(금) * 2023년 8월 말 전공승인 여부 안내나. 운영시기: 2023학년도 2학기다. 신청방법1) 학생:[붙임2] 자기설계연계전공 신청서 작성(지도교수 면담 및 참여학과 승인)2) 지도교수: 신청서 검토 및 학생 상담 후 [붙임2] 양식에 서명3) 학과(전공): [붙임3] 자기설계연계전공 운영 신청서 작성 후 [붙임2]와 공문 제출라.문의사항:융합교육지원센터 담당자(063-220-2835)붙임1. [붙임1] 자기설계연계전공 가이드북_v1 1부.2. [붙임2] 자기설계연계전공 신청서(학생, 지도교수) 양식 1부.3. [붙임3] 자기설계연계전공 운영 신청서(학과) 양식 1부.4. [붙임4] 2023학년도 교육과정 편람 1부.  끝.",0.053191489,0,0.159574468,1.149696049,0.159574468,0,0.963525836,0
학사공지,667,713+학사지원실_24-1학기 복학 및 휴학 신청 안내,2024-1학기 복학 및 휴학 신청 안내,학사지원실,2023-04-12,7539,https://www.jj.ac.kr/jj/community/notice02.do?mode=view&articleNo=190508&article.offset=0&articleLimit=100,"2024학년도 1학기 복학 및 휴학 신청 안내1복학 신청1.복학 신청 주요사항 안내구 분내 용대 상■ 일반휴학 및 군휴학 후, 휴학기간 만료(예정)인 자 (2024-1학기 복학예정자)■ 휴학기간이 남아있으나 조기 복학을 희망하는 자신청 기간■2023. 12. 24.(일)~2024. 4. 6.(토), 개강 후 5주 이내※ 수강바구니(2024. 1. 24.(수)~1. 26.(금))전 복학 권장신청 방법■ inSTAR(인스타) 홈페이지 학사관리 메뉴에서 직접 신청 (인스타 입력 방법 붙임 참고)처리 절차■ 인스타 로그인 → 학사관리 메뉴 → 복학신청 →신청 즉시 복학 처리됨증빙 서류■ 일반휴학 후 복학자: 증빙서류 없음■군휴학 후 복학자: 전역증 또는 전역 확인 증명서(①~③ 중 1부)를 온라인으로 첨부① 병적증명서(병무청 발급)② 복무확인서(부대/근무처 발급)③ 병역사항 기재된 초본(주민센터 발급)※ 군 전역일 전 수강신청을 위해 우선 복학 신청하여도 무방함(증명서 추후 학과에 제출)2.복학자 수강신청 안내구 분내 용신청기간■ 수강바구니 신청 기간: 2024. 1. 24.(수) ~ 1. 26.(금)■ 수강신청 기간: 2024. 2. 14.(수) ~ 2. 16.(금)■ 수강신청 정정 기간: 2024. 2. 29.(목) ~ 3. 9.(토)※ 수강신청 기간 후에 복학하는 경우: 복학 신청 후 인스타에서 수강신청 가능함(세부사항 학과 사무실 문의)수강신청방법■ 인스타 로그인 → 학사관리 메뉴 → 수강신청※ 복학 신청이 완료되어야 수강바구니 기간에 수강 희망과목 담기 가능기타사항■ 수강신청 기간에 홀,짝수 구분 없이 동시 진행함!(2021-2학기부터 적용됨)■복학 예정자의 경우 가급적 수강바구니 전일(2024. 1. 24.)까지 복학 신청을 완료하여 수강바구니를 통해 수강 희망과목을 수강할 수 있도록 준비하여 주시기 바랍니다.3. 등록금 납부[1] 등록금 고지서 출력: 인스타로그인 → 수강신청 메뉴 → 등록금 고지서- 등록금 납부기간 공지 전 복학한 경우:등록금고지서가 아직 조회되지 않음(2월 말 재확인 바람)- 등록금 납부기간 공지 후 복학한 경우 : 복학 즉시 등록금 고지서 조회 및 출력, 납부 가능[2] 등록금 납부기간 내 가상계좌로 납부-납부 기간 : 2024. 2월 말 경(일정변경 가능, 추후 홈페이지 확인 요망)[3] 안내사항-휴학 전에 등록금을 미리 납부한 경우에는 복학학기 등록금 납부 대상이 아님(휴학 전 납부한 등록금이 이월되어 복학 후 첫 학기 등록금으로 자동 처리)2휴학 신청1. 일반휴학 신청 주요사항 안내가.일반 휴학구 분내 용대 상(휴학사유)■ 질병: 4주 이상 출석할 수 없는 자 (4주 이상 치료 진단서)■ 창업: 창업 또는 기존사업체를 경영하려는 자(사업자등록증 또는 법인등기부등본 사본)■ 임신·출산·육아: 임신, 출산, 육아로 인한 휴학이 필요한 자(진단서, 가족관계 증명서)■ 기타 사유: 자기개발, 가계곤란, 천재지변, 돌발사고, 장애학생 등(증빙서류 없음)휴학 기간■ 1년 단위(2학기) 휴학 신청 (※ 1년 휴학 신청하였어도, 6개월 뒤 복학 신청 가능함)신청 기간2023. 12. 24.(일) ~2024. 4. 6.(토), 개강 5주차(수업일수 1/3)까지, 질병휴학(수업일수 2/3)까지접수 방법■ inSTAR(인스타) 홈페이지에서 휴학신청 입력 후 학과사무실 방문 접수 (인스타 입력방법 붙임 참고)※인스타로그인 (학사관리 메뉴)→ 휴학신청 입력 → 신청서 출력→ 학과 사무실 방문(CA 및 지도교수 또는 학과장 상담) 제출※ 인스타입력은 상시 가능,신청서 제출은 접수기간만 가능(긴급한 경우 학과 상담 요망, 미래융합대학만 토요일접수가능)주의사항■신·편입생 및 재입학생의 입학 첫 학기는 휴학 불가(단, 병역, 질병, 임신출산육아 제외)■휴학 가능 학기 소진 시 일반휴학신청 불가(단, 병역,창업,임신출산육아,특별휴학기간은 미산입)※ 일반휴학가능 학기 수: 신입학생 8개 학기(건축학과 10개 학기), 재입학 및 3학년 편입생 4개 학기, 4학년 편입생 2개 학기접수 기간1차2023. 12. 26.(화) ~ 12. 29.(금) 1주간등록금 미납자는5차까지만신청 가능2차2024. 1. 15.(월) ~ 1. 19.(금) 1주간3차2024. 2. 13.(화) ~ 2. 23.(금) 2주간4차2024. 3. 18.(월) ~ 3. 22.(금) 1주간5차2024. 4. 1.(월) ~4.6.(토), 개강 5주 차6차2024. 4. 15.(월) ~4. 19.(토), 개강 7주 차등록금 납부자만 가능나. 병역(군입대)휴학구 분내 용대 상■ 군입대 예정인 자 ■ 군복무 연장 예정인 자신청기간■ 군입대 전.군입대일 1주일 전부터만 신청 가능함(입영일이 확정되지 않은 경우 일반휴학신청 후 군휴학으로 변경)신청방법■inSTAR(인스타) 홈페이지에서 군휴학 신청 후 학과사무실 방문 접수(인스타 입력방법 붙임 참고)처리절차■ 인스타 로그인 → 학사관리 메뉴 → 군휴학신청서 작성 → 신청서 출력→ 학과 사무실 방문(CA 및 지도교수 또는 학과장 상담) 및 제출→ 접수완료증빙서류■ 병역의무 이행 증빙서류 1부.(입영통지서, 사회복무요원 소집 통지서 등)2.휴학 변경 안내가. 일반휴학 → 군휴학 변경구 분내 용대 상■ 일반휴학 후 군입대 사유로 군휴학으로 변경하려는 자신청기간■ 군입대 전(군 입대일 1주일 전부터만 신청 가능함)신청방법■inSTAR(인스타) 홈페이지에서군휴학을 신규로 신청처리절차■ 인스타로그인 →학사관리 메뉴:휴학신청→군휴학신청서작성 → 신청서 출력→ 학과 사무실 방문(CA 및 지도교수 또는 학과장 상담)및 제출 →접수완료증빙서류■ 병역의무 이행 증빙서류 1부(입영통지서, 사회복무요원 소집 통지서 등)주의사항■ 군휴학으로변경하지 않고 입대한 경우 해당학기 일반휴학으로처리됨※ 이미입대하여 본인이 신청할 수 없는 경우,가족의 대리 신청 가능(학과 사무실 문의)나. 군휴학 → 일반휴학 변경구 분내 용대 상 자■ 전역 후, 복학 예정학기에 복학하지 않고 일반 휴학을 신청하려는 자신청기간■ 전역 후, 복학 예정학기 개강일 전까지신청방법■inSTAR(인스타) 홈페이지에서먼저 복학신청후일반휴학을 신규로 신청※ 인스타입력은 상시 가능,신청서 제출은 접수기간만 가능처리절차■ 인스타로그인 →학사관리 메뉴:복학신청(→즉시 복학처리 완료됨)→인스타재로그인→학사관리 메뉴:휴학신청→일반휴학신청작성 → 신청서 출력→ 학과 사무실 방문(CA 및 지도교수 또는 학과장 상담)및 제출 →접수완료증빙서류■군휴학후 복학 시 전역증또는 전역 확인 증명(①~③ 중 1부)를 온라인으로첨부※ 증명 유형: ① 병적증명서(병무청 발급) ② 복무확인서(부대/근무처 발급)③ 병역사항(전역일)이 기재된 초본(주민센터/온라인 발급 가능)※ 군 전역일 전 수강신청을 위해 우선 복학 신청하여도 무방함(증명서 추후 학과에 제출)주의사항■ 인스타에서 먼저 복학신청을 처리해야 신규 일반휴학신청이 가능함■ 일반 휴학의 경우 신입생의 경우 최대 8개 학기(4년)까지만일반휴학신청이 가능함(3학년 편입생의 경우 최대 4개 학기까지 휴학 신청 가능함)3.휴학 연장 안내구 분내 용대 상■ 일반휴학(1년 단위) 기간 만료 후, 휴학을 연장하려는 자■ 병역의무 만료 복학 예정자 중 일반휴학을 신청하려는 자신청기간■ 휴학 만료 학기 수업종료일부터 복학 학기 개시 이전까지(복학 학기 수업일수 1/3 이내에 휴학 연장 신청 가능함)신청방법■inSTAR(인스타) 홈페이지에서먼저 복학신청후일반휴학을신규로 신청※ 인스타입력은 상시 가능,신청서 제출은 접수기간만 가능(접수기간은 “1. 일반유학 신청 안내”참고)처리절차■ 인스타로그인 →학사관리 메뉴:복학신청(→즉시 복학처리 완료됨)→인스타재로그인→학사관리 메뉴:휴학신청→일반휴학신청작성 → 신청서 출력→ 학과 사무실 방문(CA 및 지도교수 또는 학과장 상담)및 제출 →접수완료주의사항■ 인스타에서 먼저 복학신청을 처리해야 신규 일반휴학신청이 가능함(인스타복학신청 입력 시 즉시 처리됨, 복학신청서는 학과 제출 불필요)■ 일반 휴학의 경우 신입생의 경우 최대 8개 학기(4년)까지만일반휴학신청이 가능함(3학년 편입생의 경우 최대 4개 학기까지 휴학 신청 가능함)3기타 사항1.개인정보 수정 안내가. 대상자: 개인정보(주소, 핸드폰 연락처 등)가 변경된 재학생 및 휴학생나. 수정방법: 인스타 → 개인정보 수정 클릭 → 개인정보 수정 후 저장다. 유의사항- 학사 관련 업무 발생 시 연락할 수 있도록 개인정보를 업데이트하여야 합니다.- 학부모 알리미 서비스 이용 희망시 학부모 휴대폰을 등록(수정)할 수 있습니다.( 학부모알리미 서비스 페이지:https://instar.jj.ac.kr/?mode=jjpa)2.관련 문의: 담당자(☎063-220-2135, 2417), 학과사무실 연락처(별도 파일 참조)3.온라인 휴복학 상담 문의: 카카오톡에서 “전주대휴복학도우미”검색하여 채널 추가교무처 학사지원실",0.06899724,0,0.004599816,4.90200392,0.055197792,0.04599816,1.589536419,0
학사공지,666,714+학사지원실_절수업 출석인정(취업사유) 신청 안내,2023학년도 동계 계절수업 출석인정(취업사유) 신청 안내,학사지원실,2023-04-12,1276,https://www.jj.ac.kr/jj/community/notice02.do?mode=view&articleNo=190509&article.offset=0&articleLimit=100,"2023학년도 동계 계절수업 출석인정(취업사유) 신청 안내1. 접수기간:2024. 1. 1.(월) ~ 1. 5.(금)2. 대상자: 2023학년도 전기(2024년 2월) 졸업예정자 중 취업자※ 동계 계절수업 이수학점을 포함하여 졸업기준을 충족한 경우 포함3. 신청 방법:학생포털서비스(inSTAR)를 통한 온라인 신청※ 신청방법 및 제출서류는 2학기와 동일(관련 게시물 바로가기)4. 유의사항가. inSTAR 등록 후 출석인정요청서를 출력하여 교과목 담당교수님께 확인을득한 후, 행정실에 제출해야 신청이 완료되므로 착오 없으시기 바람나. 원격 및 야간강좌는 출석인정(취업사유) 대상 과목이 아님※원격 및 야간강좌는 정상 수강해야 함교 무 처 장",1.186868687,0,1.242424242,1.242424242,0,0,1.131313131,0
학사공지,665,705+학사지원실_2024년 2월) 조기졸업 신청 안내,2023학년도 전기(2024년 2월) 조기졸업 신청 안내,학사지원실,2023-04-09,2282,https://www.jj.ac.kr/jj/community/notice02.do?mode=view&articleNo=190500&article.offset=100&articleLimit=100,"2023학년도 전기(2024년 2월 졸업) 조기졸업 신청을 다음과 같이 안내 하오니 대상 학생들은 신청하여 주시기바랍니다.1. 신청기간:2023. 9. 4.(월) ~ 9. 13.(수)2. 신청방법구분신청 방법비고조기졸업 신청inSTAR → 학사관리 → 조기졸업 신청* 단과대학 확인: JUIS → 학사 → 학적 → 조기졸업 신청관리조기졸업 포기신청신청서 접수 → 학과장 및 학장 결재 → 학사지원실에 공문 제출3. 신청대상구분신청자격일반학과2015학번 이전○ 5학기 이상 수료하고 6학기 등록을 필한 자로서 119학점 이상 취득하고,총 평점평균이 4.0 이상인자2016학번 이후○ 5학기 이상 수료하고 6학기 등록을 필한 자로서 112학점 이상 취득하고,총 평점평균이 4.1 이상인자* 간호학과 2016~2022학번은 취득학점 119학점 이상미래융합대학○ 5학기 이상 수료하고 6학기 등록을 필한 자로서 105학점 이상 취득하고,총 평점평균이 4.1 이상인자4. 참고사항가. 조기졸업 요건구분졸업요건일반학과2015학번 이전○ 3학년(6학기)이상 등록하고, 총 140학점 이상을 취득한 자로서,해당 학과(전공)의 졸업기준을 충족한 자* 건축학과(2013학번 이전): 160학점○ 총 평점평균이 4.0이상인 자2016학번 이후○ 3학년(6학기)이상 등록하고, 총 130학점 이상을 취득한 자로서,해당 학과(전공)의 졸업기준을 충족한 자* 간호학과 2016~2022학번은 취득학점 140학점 이상○ 총 평점평균이 4.1이상인 자미래융합대학○ 3학년(6학기)이상 등록하고, 총 120학점 이상을 취득한 자로서,해당 학과(전공)의 졸업 기준을 충족한 자○ 총 평점평균이 4.1이상인 자나. 조기졸업 탈락 시, 다음 학기 정규등록을 하여야 하며 성적장학금 수혜 대상에서 제외됨다. 조기졸업 신청을 취소하고자 하는 경우는 신청학기 기말고사 시작 전(2023. 12. 9.(토))까지 조기졸업 포기 신청서를 작성하여각 단과대학 행정지원실에 제출하여야 하며, 이 경우에는 성적장학금 수혜대상에 포함됨라. 조기졸업 이후라도 착오 또는 부정한 방법으로 조기졸업을 하게된 경우에는 조기졸업을 취소할 수 있음5. 문의처: 학사지원실(063-220-2083)2023. 9.교 무 처 장",0,0.054644809,2.658242259,1.338228597,0.127504554,0,1.028574681,0
학사공지,664,672+학사지원실_청 안내(최종: ~ 3.27.(월)),[필수] 2023학년도 신/편입생 학생증 신청 안내(최종: ~ 3.27.(월)),학사지원실,2023-03-21,2342,https://www.jj.ac.kr/jj/community/notice02.do?mode=view&articleNo=190467&article.offset=100&articleLimit=100,"2023학년도 신/편입생에 대한 학생증최종 신청 기간을 아래와 같이 안내합니다.* 우리은행 사은품안내- 학생증 발급후, 10만원 사용시 선착순 500명에게 USB메모리카드 등 푸짐한 상품제공(대상자는 우리은행에서 개별연락)1. 연장기간:~ 03.27.(월) 24:00/기간내 필수 신청입니다.※학번조회방법 (""2023학년도 신/편입생 학번 조회 안내""공지사항 참조)2.신청방법(※자세한 사항은 붙임 문서 참조)가)핸드폰 어플리케이션을 통한 신청나)어플리케이션우리WON뱅킹설치다)우리WON뱅킹 접속(붙임문서를 먼저 확인한 후 신청)※ 국제(외국인)학생은 우리WON뱅킹에서 신청이 불가하며우리은행 전주대학교 출장소(학생회관1층) 에서 신청3.신청 전 준비사항-주민등록증 또는 운전면허증-증명사진 (핸드폰에 미리 저장, 사진은 추후 학생의학적부 사진으로 반영되므로 필히 본인의 사진을 등록)- 발급진행시영문명은 여권에 사용하는 영문명으로 입력 필수- 전체 진행은 10분 이내로 신청 가능함4.안내문의-학생증 관련 신청 문의:우리은행 전주대 출장소(063-227-0257누르고211,213,214누름)- 학생서비스센터: 063-220-2135- 학사지원실 -",0,0,0,1.808715337,0.033955857,0,0.904357668,0
학사공지,663,671+융합학부_합‧마이크로전공 포기 신청 기간 안내,2023학년도 1학기 연계‧융합‧마이크로전공 포기 신청 기간 안내,융합학부,2023-03-17,967,https://www.jj.ac.kr/jj/community/notice02.do?mode=view&articleNo=190466&article.offset=100&articleLimit=100,"연계·융합·마이크로전공 포기 신청 관련 안내합니다.1. 대상: 연계‧융합‧마이크로전공 이수자중 이수 포기를 희망하는 자2. 기간:3. 20.(월)~27.(월)3. 방법:inSTAR 로그인 →  학사관리 → 연계‧융합‧마이크로전공 신청 → 포기신청 클릭(*전공 옆에 포기신청 탭이 활성화 되어있음) → 신청 사유 작성(구체적으로 작성)※  신중하게 고민하여 신청해주시고, 포기사유 작성 시 사유에 대하여 구체적으로 작성해주세요.※  신청기간을 꼭 지켜주세요.(기간 종료 이후 신청 접수 불가)문의사항: 융합교육지원센터(☎ 063-220-2821~4)",0,0,0,1.331983449,0.06514658,0,0.94110397,0
학사공지,662,670+융합학부_ass 교과목 학사일정 및 운영 안내,2023학년도 1학기 tClass 교과목 학사일정 및 운영 안내,융합학부,2023-03-14,2116,https://www.jj.ac.kr/jj/community/notice02.do?mode=view&articleNo=190464&article.offset=100&articleLimit=100,"2023학년도1학기tClass교과목 운영 안내1.tClass란?- 마이크로러닝(Micro learning) 방식의5주,1학점 단위 원격중심수업* 마이크로러닝: 작은(Micro) + 학습(Learning)이라는 뜻으로 짧은 학습 콘텐츠의 수업1학기당 총 3개의tClass수강 가능1~5주(1t)6~10주(2t)11~15주(3t)1개tClass(티끌)의 구성: 총 750분(1학점)동영상 강의: 350분/토론,퀴즈,과제 등: 350분/시험(평가): 50분하나의 학습목표를 가진 온라인 학습콘텐츠를30강 내외로 구성한 교육과정·하위 콘텐츠는 개별적으로 완결성·통일성을 갖추고, 독립적 지식이 습득하도록 구성·1~3개의 하위 콘텐츠를 묶어 소주제로 구성하여 강의 몰입도 강화 및 전달력 향상2. 2023학년도 1학기 개설tClass교과목운영시기과목명담당 교원1t(1~5주차)생활속분쟁의해결방법조수혜 교수1t(1~5주차)한국문화탐구박현진 교수2t(6~10주차)한국문학으로읽는여행백진우·이용욱 교수3t(11~15주차)영화속의클래식이일주 교수3t(11~15주차)음악으로만나는심리치료소혜진 교수3. 2023학년도 1학기tClass학사일정순번구분1t(1~5주차)2t(6~10주차)3t(11~15주차)1개강(강의시작일시)3. 6.(월) 00:004. 10.(월) 00:005. 15.(월) 00:002중간강의평가3. 20.(월)∼3. 26.(일)4. 24.(월)∼4. 30.(일)5. 29.(월)∼6. 4.(일)3기말고사4. 3.(월)∼4. 7.(금)5. 8.(월)∼5. 12.(금)6. 12.(월)∼6. 16.(금)4종강(강의종료일시)4. 7.(금) 23:595. 12.(금) 23:596. 16.(금) 23:595강의평가4. 3.(월)∼4. 9.(일)5. 8.(월)∼5. 14.(일)6. 5.(월)∼6. 27.(화)6성적입력4. 7.(금)∼4. 13.(목)5. 12.(금)∼5. 16.(화)6. 16.(금)∼6. 29.(목)7성적확인/이의신청4. 14.(금) 11:00∼4. 20.(목) 15:005. 17.(수) 11:00∼5. 18.(목) 15:006. 30.(금)∼7. 6.(목)4.tClass운영 관련 문의:융합교육지원센터(063-220-2835)",1.017325974,0.147194112,0.036798528,0.018399264,0.018399264,0.888531125,0.851732597,0
학사공지,661,669+수퍼스타칼리지_3학년도 1학기 글로벌라운지 이용안내,2023학년도 1학기 글로벌라운지 이용안내,수퍼스타칼리지,2023-03-14,1267,https://www.jj.ac.kr/jj/community/notice02.do?mode=view&articleNo=190465&article.offset=100&articleLimit=100,,0,0,0,0,0,0,1.25,0
학사공지,660,668+학사지원실_03.14.(화)~03.21.(화)),[필수] 2023학년도 신편입생 학생증 신청 연장안내(03.14.(화)~03.21.(화)),학사지원실,2023-03-13,1760,https://www.jj.ac.kr/jj/community/notice02.do?mode=view&articleNo=190463&article.offset=100&articleLimit=100,"2023학년도 신/편입생에 대한 학생증 신청 기간을 아래와 같이 연장합니다.1. 연장기간:2023.03.14.(화) 09:00 ~ 03.21.(화) 24:00/기간내 필수 신청입니다.※학번조회방법 (""2023학년도 신/편입생 학번 조회 안내""공지사항 참조)2.신청방법(※자세한 사항은 붙임 문서 참조)가)핸드폰 어플리케이션을 통한 신청나)어플리케이션우리WON뱅킹설치다)우리WON뱅킹 접속(붙임문서를 먼저 확인한 후 신청)※ 국제(외국인)학생은 우리WON뱅킹에서 신청이 불가하며우리은행 전주대학교 출장소(학생회관1층) 에서 신청3.신청 전 준비사항-주민등록증 또는 운전면허증-증명사진 (핸드폰에 미리 저장, 사진은 추후 학생의학적부 사진으로 반영되므로 필히 본인의 사진을 등록)- 발급진행시영문명은 여권에 사용하는 영문명으로 입력 필수- 전체 진행은 10분 이내로 신청 가능함4.안내문의-학생증 관련 신청 문의:우리은행 전주대 출장소(063-227-0257누르고211,213,214누름)- 학생서비스센터: 063-220-2135- 학사지원실 -",0,0,0,1.706773619,0.037878788,0,0.777629234,0
학사공지,659,665+융합학부_로전공 이수 및 변경신청 안내(1차),2023학년도 1학기 연계·융합·마이크로전공 이수 및 변경신청 안내(1차),융합학부,2023-03-03,1433,https://www.jj.ac.kr/jj/community/notice02.do?mode=view&articleNo=190460&article.offset=100&articleLimit=100,"2023학년도 1학기 연계‧융합‧마이크로전공 이수 및 변경신청(1차)관련 안내합니다.재학생 여러분의 많은 관심과 신청 바랍니다.1. 신청 관련 안내1) 신청자격: 신(편)입학 후 2학기 이상 등록한 자2) 신청기간:3. 6.(월)~19.(일)/ 매 학기 1~2주차, 12~13주차 진행3) 신청절차: inSTAR를 통해 신청 →신청기간이 끝난 후융합교육지원센터의 승인 → 이수 가능(세부적인 신청방법은 첨부파일 참조)2. 전공 관련 안내1) 전공별 이수 기준구분복수(부)전공총이수학점주전공중복인정 학점융합교과목이수학점ⓐ참여전공이수학점ⓑ선택이수학점ⓐ or ⓑ연계전공복수전공36학점15학점 이내-21학점 이상-융합전공복수전공36학점12학점 이내9학점 이상9학점 이상6학점부전공21학점6학점 이내6학점 이상3학점 이상6학점마이크로전공12학점3학점 이내---2) 전공별 소개:http://www.jj.ac.kr/sc홈페이지의 전공별 안내자료 참고3) 이수 관련 문의: 교육혁신본부 융합교육지원센터(대학본관 228호 / 063-220-2821~4)3. 전공 현황 안내1) 6개 연계전공연계전공공공인재독서‧논술교육벤처창업보육학일영멀티링구얼중국비즈니스2) 19개 융합전공융합전공경영법학국민연금국토정보학농생명-ICT대물차량손해사정드론라이프스타일기획보컬퍼포먼스사회적경제스마트시티스마트팜스토리미디어실감미디어일본AI탄소혁신리빙랩AI TechFood R&BD하림산학-3) 22개 마이크로전공마이크로전공게임공학게임그래픽디자인게임기획데이터분석실무로컬문화실감미디어리빙랩디자인리빙랩외식컨설턴트문화적도시재생소셜디자인소셜리빙랩실감미디어스마트팩토리실무실감미디어기획실감미디어펀더멘털영어플러스인공지능기획일본어플러스전기자동차전장부품중국어플러스창업컨설턴트AI+식품AI+일본어ESG경영---4. 기타 안내: 이수신청을 하지 않았더라도 관련 교과목의 수강신청이 가능하며,연계‧융합‧마이크로전공 해당 교과목이라면 전공 이수 전에 수강한 교과목도 인정 가능- 수퍼스타칼리지 융합학부 -",0.102774923,0,0.411099692,0.960945529,0.041109969,0,1.61356629,0
학사공지,658,662+학사지원실_1학기 출석인정(일반공결) 신청 안내,2023학년도 1학기 출석인정(일반공결) 신청 안내,학사지원실,2023-02-27,3936,https://www.jj.ac.kr/jj/community/notice02.do?mode=view&articleNo=190457&article.offset=100&articleLimit=100,"2023학년도 1학기 출석인정(일반공결) 신청 안내○ 신청자격 및 제출서류(학칙시행세칙 제16조)호출석인정사유신청 자격 및 인정기간신청기한제출서류비 고1호교육과정운영교육과정으로 운영하는 현장실습, 현장견학현장견학 또는 현장실습 학과 소속 학생결석시작일 전 1주일 내주관 학과 공문- 교내축제, 교내체육대회, 수학여행, 졸업여행,MT 등에 참가하는 경우 비대상- 학과에서 출전하는 공모전(대회)은 비대상국고사업의 공식행사사업단에서 주최한 행사 참여한 자〃주관 사업단 공문학교대표로 대회 참가학교 운동선수 또는 총장 결재를 받은 학교 대표〃관련 증빙서류홍보대사 학교행사 지원홍보대사〃관련 증빙서류2호법령에 의한 의무이행을 위하여 소집되거나 행사에 참석하는 경우예비군 훈련 참여, 군입대 시험 응시 등결석종료일다음 날부터 7일 이내예비군 훈련 확인증 또는 군입대 시험 응시 확인증재판으로 인한 법원 출석은 비대상3호본인의 상해나 질병병원에 입원한 자(입원기간), 동일한 상해나 질병으로 학기중 3회 이상의 정기적인 병원 진료를 받은자〃입퇴원확인서, 진단서,의사소견서 등 관련증빙서류진료예시) 대학병원 등의 진료로 진료일정을 환자가 변경할 수 없는 경우에 해당하는 상해나 질병4호민법 제779조에 따른 가족이 사망한 경우(외)조부모, 부모, 배우자, 자녀(공유일 포함 5일), 형제자매(공휴일 포함 3일)〃사망확인서 및 가족관계증명서가족관계증명서 없을 시 무효6호체육 및 비체육 특기자가 대회출전 및 훈련하는 경우체육 및 비체육 특기자(수업일수의 1/2 이내)결석시작일 전 1주일 내관련 증빙서류7호생리로 인하여 출석할 수 없는 경우(보건공결)여학생, 매월1회결석종료일다음 날부터 7일 이내제출서류 없음시험기간 제외, 전월 신청일로부터 20일 이내에 재신청 불가8호학생 본인 및 자녀가 결혼하는 경우본인 5일, 자녀 3일결석시작일 전 1주일 내청첩장 및 가족관계증명서9호그 밖에 총장이 불가피한 사유가 있다고 인정하여 허가한 경우---10호학생 본인 및 배우자가 출산하는 경우본인 21일, 배우자 7일결석종료일다음 날부터 7일 이내출생증명서 및 가족관계증명서<사유 신설>11호법정전염병의 의심 또는 확진으로 격리 조치가 필요한 경우법정전염병(코로나19 등)의확진자, 자가격리자, 진단검사 결과 대기자〃입원치료통지서 또는 공공기관 발급 유증상자 및 자가격리자 증명서류<항목 분리 신설>보건소 통보 문자로 증빙 가능코로나19 백신 접종자- 접종 당일 1일- 접종 다음날 이상 증상 시 추가 1일접종 2일 후 증상 지속시 치료 기간〃- 접종 당일: 백신접종 확인서- 접종 다음날 이상 증상: 증빙서류 불필요- 접종 다음날 후에도 증상 지속 시 진단서 제출* 백신 종류에 따라 2회 접종이 시행되는 경우 회차별 동일 기준 적용○ 신청 시 유의 사항- 출석인정 기간:모든 사유를 합하여 출석인정 기간은 수업일수의1/3이내만 가능함(예) 주 1회 수업(15회수업)의 경우 보건공결 2회 사용 후 현장실습으로 4회 공결을 사용하고자 할 경우→ 수업일수 1/3이내(총5회)까지만 가능- 코로나19 관련 공결 신청:사유종료일(자가격리일) 다음날부터 입력 가능함(사전 입력 불가)※확진자 및 자가격리(통보)자,백신접종자 유증상기간 외에는 공결 불가(2023-1학기 대면수업 수업운영 원칙에 의거)- 수동감시 및 동거인(밀접접촉자) 확진 후 본인 음성판정자 등은 공결 대상 아님- 공결 대상이 아닌 학생은 상황 발생 시 수업담당교원에게 직접 연락하여 동영상 강의를 통한 비대면 수업에 출석하는 것이 원칙※공결 대상자의 증빙서류는 관련 부처의 통보 문자로 대체 가능(교육부의 방역업무 관련 지자체 관리 부담 완화 요청 의거)- 기말고사 시작일 이후 신청은 불가함- 원격강좌, 야간수업, 온라인(동영상) 강의는 출석인정 대상 과목이 아니므로 학생이 수강하여야 함(공결처리 되지 않음)-출석인정 신청자는 신청서 제출 즉시 교과목 담당교수에게 알려야 함-출석인정은 수업의 출석에 관한 사항을 인정하는 것이며, 성적에 관한 사항은 담당교수의 평가기준을 적용받는 것이므로 성적평가에 관한 사항은 담당교수의 기준에 따라야 함.○ 신청 방법1. 인스타(https://instar.jj.ac.kr/)에 로그인2. 학사관리→출석인정신청→출석인정(일반)3. 「신규」버튼을 클릭한 후 신청구분에서 해당 사유 선택-  신청구분을 선택하면 우측에 상세 구분이 나타나므로 선택4. 결석일시: 해당사유로 처리해야 하는 시작일시부터 종료일시까지 입력-하나의 사유로 여러 번 신청하지 마세요. (3일의 경우: 시작일시: 2023-03-06 09:00 종료일시: 2023-03-09 20:00까지 한 건으로 입력)5. 신청 상세사유:해당 사유를 상세하게 입력 [신청 화면 참고]6. 신청절차입력자료 확인 후 ""저장""버튼 클릭→ ""출석인정요청서""의 ""출력""버튼 클릭하여 출력→ ""출석인정요청서""의 서명을 득한 후→ 소속학과 사무실에 증빙서류와 함께 제출 (질병, 전염병 및 가족 사망 사유인 경우 수업담당교수 서명 필)",0.131147541,0.081967213,0.008196721,1.190220464,0.016393443,0.049180328,1.223007349,0
학사공지,657,663+학사지원실_1학기 출석인정(취업사유) 신청 안내,2023학년도 1학기 출석인정(취업사유) 신청 안내,학사지원실,2023-02-27,2621,https://www.jj.ac.kr/jj/community/notice02.do?mode=view&articleNo=190458&article.offset=100&articleLimit=100,"2023학년도 1학기 출석인정(취업사유) 신청 안내1. 신청 대상-신청 학기 졸업예정자로서수강신청 학점을 포함하여 졸업이수 기준을 충족한 학생 중 취업자※ 신청 학기의 수강신청 학점을 포함하여 졸업이수 기준을 충족한 학생(계절학기 이수 예정 학점 포함)2. 신청 기간1) 1차 접수(최초 신청):2023. 3. 6.(월) ~ 3. 17.(화) /개강1~2주차※ 1차 접수기간에 학생 신청 후, 학과(조교)에서 증빙서류 확인 후 접수 함※ 1차 접수기간 이후 취업자는 취업일 기준 2주 이내 신청 요망2) 2차 접수(재직 확인):2023. 5. 29.(월) ~ 6. 2.(금) /학기13주차※ 2차 접수기간에 학생이 2차 서류 업로드 후, 학과(조교)에서 증빙서류 확인 후 2차 접수처리 됨3. 신청 방법 (세부사항 붙임 참조)가. 인스타 로그인 (https://instar.jj.ac.kr접속 → 학번/비밀번호 입력)나. 메뉴: 학사관리 → 왼쪽 메뉴 출석인정 → 출석인정신청(취업사유) 탭 → 신규 클릭하여 신청서 작성4. 출석인정(취업사유) 신청 절차 및 증빙서류: 세부사항 붙임 참조< 취업사유 출석사유 신청자 유의사항 >가. 취업사유 출석인정 신청자는 신청서 제출 즉시 교과목 담당교수에게 알려야 함나.1차 접수 후 매주 금요일 한주간의 출석이 일괄 처리되므로출결관리 앱에서 해당 과목의 출결상황을 확인하여야 함다. 2차(최종) 서류 제출은 13주에 제출하여 최종 출석인정 확인을 받아야 함라.2차접수 기간에 서류를 제출하지 않은 학생의 경우 출석을 하지 않은 기간 모두를 결석으로 처리함마. 중도퇴직자의 경우 퇴직시점까지만 출석이 인정되며, 퇴직 후 바로 학업에 복귀하여야 함바. 취업사유 출석의 인정은 출석과 관련된 사항이며,성적평가는 해당 교과목 담당교수의 평가기준에 따라야 함사. 출석인정사항 입력정보(취업일, 회사변경 등..) 수정 요청시 웹종합정보시스템에서 수정할 수 있음아.원격강좌 및 야간수업은 출석인정(취업사유) 대상 과목이 아니므로 학생이 지속적으로 수강하여야 함(공결처리되지 않음)- 교 무 처 장 -",0.1171875,0.05859375,1.366514009,1.366514009,0.0390625,0.0390625,1.425107759,0
학사공지,656,661+학사지원실_기 K-MOOC 학점 인정 신청 안내,2023-1학기 K-MOOC 학점 인정 신청 안내,학사지원실,2023-02-23,2328,https://www.jj.ac.kr/jj/community/notice02.do?mode=view&articleNo=190456&article.offset=100&articleLimit=100,"2023-1학기 K-MOOC 학점 인정 신청 안내1. 신청대상: 정규학기 내 재학생*8학기(건축학기 10학기) 초과 이수자 신청 불가2. 인정범위:강좌당 1학점,한 학기 최대 3학점까지 인정하며 수강신청 학점에 포함, 재학 중 최대 9학점 인정(재학 중 수강한 강좌만 인정함)가. K-MOOC 교과목 인정 이수기간: 2023. 1.~2023. 6. 23. 종강 전 이수한 강좌에 한함나. 유의사항:K-MOOC 교과목은 수강제한 학점에 포함되오니 2023-1학기 수강제한학점을 고려하여 신청다. 기타: 2022년 9월 1일 이전(규정 개정 전) 수강신청 또는 이수한 교과목에 한해서는 수강제한 학점에 관계없이 학점 인정3.  강좌 이수 방법:http://www.k-mooc.kr접속 -> 회원가입 및 로그인 -> 과목 수강4. K-MOOC 학점인정 신청기간: 2023. 5. 29.(월)~6. 26.(월)5. 성적 인정 과목 및 등급가. 과목명 및 이수구분: 교과목은 K-MOOC로 표기하고, 이수구분은 교양선택나. 성적부여: PASS 표기다. 성적확인방법: 7. 10.(월) 이후  2023-1학기 성적내역에서 확인6. 학점 인정 신청 방법가. 인스타(inStar) 로그인 -> 학사 관리 -> 특별학점/K-MOOC 인정 신청나. 제출서류: 이수증 스캔본",0.309119011,0.123647604,1.442371384,1.349635681,0,0.030911901,1.195076176,0
학사공지,655,660+학사지원실_3.02.(목) ~ 3.13.(월)),[필수] 2023학년도 신/편입생 학생증 신청 안내(03.02.(목) ~ 3.13.(월)),학사지원실,2023-02-23,11248,https://www.jj.ac.kr/jj/community/notice02.do?mode=view&articleNo=190455&article.offset=100&articleLimit=100,"2023학년도 신(편)입생 여러분을 진심으로 환영합니다.신입생 및 편입생의 학생증 신청은 필수사항입니다.신청 방법을 아래와 같이 안내하오니 꼭 기한내에 신청하여 주시기 바라며,학생증 신청을 하지 않을 경우 단과대학건물 등 대학시설 사용에 제한을 받을 수 있습니다.1.신청기간:2023.03.02.(목) 09:00 ~ 03.13.(월) 24:00※학번조회방법 (""2023학년도 신/편입생 학번 조회 안내""공지사항 참조)2.신청방법(※자세한 사항은 붙임 문서 참조)가)핸드폰 어플리케이션을 통한 신청나)어플리케이션우리WON뱅킹설치다)우리WON뱅킹 접속(붙임문서를 먼저 확인한 후 신청)※ 국제(외국인)학생은 우리WON뱅킹에서 신청이 불가하며- 금융기능이 가능한 학생증 신청은 우리은행 전주대학교 출장소(학생회관1층) 에서 신청- 금융기능 지원이 되지 않는 학생증 신청은 단과대학 행정실에서 신청(사진은 행정실에 제출하거나 인스타(https://instar.jj.ac.kr) 로그인후 개인정보 등록을 통해서 제출)하시기 바랍니다.3.신청 전 준비사항-주민등록증 또는 운전면허증-증명사진 (핸드폰에 미리 저장, 사진은 추후 학생의학적부 사진으로 반영되므로 필히 본인의 사진을 등록)- 발급진행시영문명은 여권에 사용하는 영문명으로 입력 필수- 전체 진행은 10분 이내로 신청 가능함4.안내문의-학생증 관련 신청 문의:우리은행 전주대 출장소(063-227-0257누르고211,213,214누름)- 학생서비스센터: 063-220-2135- 학사지원실 -",0,0,0,1.735724916,0.053262317,0,0.801284562,0
학사공지,654,659+학사지원실_회 안내(2.23.(목) 10시부터),2023학년도 신(편입생) 학번 조회 안내(2.23.(목) 10시부터),학사지원실,2023-02-21,6218,https://www.jj.ac.kr/jj/community/notice02.do?mode=view&articleNo=190454&article.offset=100&articleLimit=100,"2023학년도 신(편)입생 여러분의 입학을 진심으로 축하합니다.전주대학교가 여러분의 도전과 꿈을 항상 응원하겠습니다.우리 모두는 코로나19를 신입생여러분과 함께 이겨 나갈 것입니다.우리 대학에서는 학생 여러분이 안전하고 건강하게 학업에 집중할 수 있도록 최선의 노력을 다하고 있습니다.2023학년도 신(편)입생의 학번 조회 방법을 다음과 같이 안내하오니,본인의 학번을 꼭 확인하시기 바랍니다.✦학번공개일시:2023.2.23.(목) 10:00 ~1.공개대상자: 2022. 2. 22.(수) 기준 신/편입학 등록완료자(추가 모집 등록자의 경우 등록일 다음날 부터 조회가능)2.사이트:전주대 홈페이지→인스타(inSTAR:https://instar.jj.ac.kr/)3.인스타 사이트에서'아이디찾기'클릭↓4.성명/생년월일,학과 선택 후'학번검색'클릭5.입력 자료의 인증이 끝나면 오른쪽 화면과 같이 학번이 조회됩니다.6.조회가 완료되면 학번을 학인 후 아래의비밀번호를 재입력 후'수정' 하여 재설정하시기 바랍니다.(필수)[참고]각종 증명서는(인터넷 및 학생서비스센터에서) 신(편)입생 입학일(3.2.(수)) 이후부터 발급 가능합니다.학생증 신청은 기간내 첨부파일의 학생증 신청방법 게시물을 참고하여 신청하세요.학사지원실",0,0,0,0.974719101,0.032102729,0,0.782102729,0
학사공지,653,658+학사지원실_23학년도 1학기 1차 폐강과목 안내,2023학년도 1학기 1차 폐강과목 안내,학사지원실,2023-02-17,3267,https://www.jj.ac.kr/jj/community/notice02.do?mode=view&articleNo=190453&article.offset=100&articleLimit=100,"2023학년도 1학기 개설 강좌 중 수강인원 미달에 따른 폐강 과목을 다음과 같이 안내하오니해당 과목의 수강신청자는 아래 사항을 참고하여 수강신청을 정정하시기 바랍니다.1. 폐강과목 현황:첨부파일 참조- 폐강과목 수강신청 내역은 수강신청 정정 기간 중 일괄 삭제 예정이오니폐강과목을 수강신청한 재학생의 경우, 반드시 다른 과목으로 수강신청 변경하시기 바랍니다.2. 수강신청 정정기간: 3. 3.(금) 11:00~3. 11.(토) 18:003. 2차 폐강 일정 공고: 3. 8.(수) 15:00(예정_사정에 따라 변경될 수 있음.)4. 교양과목의 폐강은 수퍼스타칼리지 교양학부에서 별도 공지할 예정입니다.5. 폐강 및 대체 수강 가능 과목 문의- 전공, 교직 등: 각 학과 사무실(담당 조교 선생님께 문의 바랍니다.)- 교양강좌: 수퍼스타칼리지 교양학부(063-220-4648, 3097)붙임 2023학년도 1학기 1차 폐강 교과목 현황 1부. 끝.",0.421052632,0,0,0.294736842,0,0.042105263,1.514874142,0
학사공지,652,681+학사지원실_하계 계절수업 출석인정(취업계) 신청,2023학년도 하계 계절수업 출석인정(취업계) 신청,학사지원실,2023-02-06,1472,https://www.jj.ac.kr/jj/community/notice02.do?mode=view&articleNo=190476&article.offset=100&articleLimit=100,"2023학년도 하계 계절수업 출석인정(취업사유) 신청 안내1. 접수기간:2023. 7. 3.(월) ~ 7. 7.(금)2. 대상자: 2022학년도 후기(2023년 8월) 졸업예정자 중 취업자※ 하계 계절수업 이수학점을 포함하여 졸업기준을 충족한 경우 포함3. 신청 방법:학생포털서비스(inSTAR)를 통한 온라인 신청※ 신청방법 및 제출서류는 1학기와 동일(관련 게시물 바로가기)4. 유의사항가. inSTAR 등록 후 출석인정요청서를 출력하여 교과목 담당교수님께 확인을득한 후, 행정실에 제출해야 신청이 완료됨나. 원격 및 야간강좌는 출석인정(취업사유) 대상 과목이 아님※원격 및 야간강좌는 정상 수강해야 함교 무 처 장",1.322667197,0,1.380304084,1.380304084,0,0,0.23054755,0
학사공지,651,664+학시지원실_ 모바일 출결관리 앱 이용 방법 안내,2023학년도 1학기 모바일 출결관리 앱 이용 방법 안내,학시지원실,2023-02-03,2347,https://www.jj.ac.kr/jj/community/notice02.do?mode=view&articleNo=190459&article.offset=100&articleLimit=100,2023학년도 1학기 모바일 출결관리 앱 이용 방법 안내2023학년도 1학기모바일 출결관리 앱 이용 방법을 안내하오니전자출결 출석 준비에 참고하시기 바랍니다.① 출결관리 앱 설치※ 설치방법 : 전주대학교 포털 앱 ≫ 다운로드센터 ≫ 전주대 출결관리(iOS 또는 AndroidOS 중에 선택)② 출결관리 앱에서 과목별로 출석 준비- 수업 유형에 따른 출석 준비(매뉴얼 대면강의 및 온라인 강의 별 출석 방법 참고)- 과목별 당일의 수업방식 확인 방법:앱 로그인 ≫ 중앙의 오늘의수업 아이콘 클릭(p.24 참조),0.350877193,0,0,0,0,0,2.436403509,0
학사공지,650,656+학사지원실_2022학년도 학위수여식 안내,2022학년도 학위수여식 안내,학사지원실,2023-01-31,4147,https://www.jj.ac.kr/jj/community/notice02.do?mode=view&articleNo=190451&article.offset=100&articleLimit=100,"2022학년도 학위수여식 관련 안내사회에 첫발을 내딛는 졸업생을 많은 구성원이 참여하여 축하를 하여야 하나, 방역수칙에 의거 아래와 같이 제한된 인원으로 축소하여 학위수여식이 진행되오니 학부모 및 학생 여러분의 많은 이해와 협조 부탁드립니다.1. 학위수여식 행사가. 일시: 2023.2.15.(수) 10:30나. 장소: JJ아트홀(예술관 1층)다.행사 참여대상: 2022학년도 전기 졸업생(학과별 학위수여자 대표 및 수상자)라.협조사항1) 각 단과대학별 선정된 참석자를 제외한 졸업생의 행사장 참여를 방역수칙에 의하여 제한함2) 학위증은 학위수여일인 23. 2. 15.(수) 이전에 수령 불가능함2.학위증 및 상장 배부가. 배부장소: 학과 사무실(방문수령)나. 배부기간: 2023. 2. 15.(수) ~ 2. 21.(화), 주말제외다. 배부기간 마감 이후 교무처 학사지원실(스타센터 234호)에서 방문 수령 가능3. 학위복(모) 대여 서비스가. 대여장소: 학과 사무실나. 대여기간: 2023. 2.15.(수) ~ 2. 21.(화), 주말제외4. 졸업증명서 발급가. 일시: 2023. 2. 15.(수) 09:00 이후나. 방법: 교내증명발급기 및 인터넷 증명발급2023년 1월전주대학교 총장",0,0,2.158148505,0,0.032786885,0.131147541,1.797492768,0
학사공지,649,655+학사지원실_022학년도 전기 졸업사정 결과 확인,2022학년도 전기 졸업사정 결과 확인,학사지원실,2023-01-27,1746,https://www.jj.ac.kr/jj/community/notice02.do?mode=view&articleNo=190450&article.offset=100&articleLimit=100,"2022학년도 전기(2023년 2월 졸업) 졸업대상자의 최종졸업사정 결과를 다음과 같이 안내하오니 졸업대상자는 결과를 확인하시기 바랍니다.1. 졸업사정 결과 확인 방법: 인스타(inSTAR) - 학사관리 - 졸업예정자 졸업사정확인2. 확인 및 이의신청가. 기간: 2023. 1. 27.(금) 16:00 ~ 1. 30.(월) 12:00나. 이의신청내용: 복수전공, 부전공, 교직 누락여부, 학사학위취득유예 여부3. 졸업사정 안내사항가. 불합격(탈락자)의 경우 상세내역을 확인하시기 바랍니다.나. 학사학위취득유예 신청자 중 졸업을 희망하는 자는 '학사학위취득유예 포기신청서'를 2. 24.(금)까지 제출하시기 바랍니다.4. 문의사항 : 학사지원실(063-220-2083)2023. 1.교 무 처 장",0,0,1.980602945,0.205655527,0.102827763,0,0.205655527,0
학사공지,648,654+실감미디어혁신공유대학사업단_업단] 2023학년도 1학기 학점교류,[실감미디어혁신공유대학사업단] 2023학년도 1학기 학점교류,실감미디어혁신공유대학사업단,2023-01-26,1448,https://www.jj.ac.kr/jj/community/notice02.do?mode=view&articleNo=190449&article.offset=100&articleLimit=100,"실감미디어혁신공유대학 간 학점교류 협정에 의거하여 2023학년도 1학기 학점교류 학생을다음과 같이 접수하오니 관심 있는 재학생들의 많은 신청 바랍니다.순교류대학추천기한수학안내문(대학명 클릭)신청자격1건국대2023. 2. 13.(월)건국대학교추천자 명단절차간소화방안- 타대학 학점교류이수 후, 1학기 이상 본교 등록이 가능한 자(2023년 8월 졸업예정자신청 대상 제외)- 본교와 학술교류 협정을 체결한 대학 학생으로서 소속 대학교 총장의 추천을 받은 학생2경희대2023. 2. 3.(금)경희대학교신청자 명단신청 매뉴얼통합ID 등록 매뉴얼3계명대2023. 2. 2.(목)계명대학교추천자 명단4계원예술대2023. 2. 8.(화)계원예술대신청자 명단5배재대6중앙대2023. 1. 27.(금)중앙대학교신청자 명단개인정보동의서강의시간표* 학점교류 협약대학에서 학점 교류 안내 공문이 도착하면 해당 대학 자료를 추가로 업데이트 예정입니다.1. 신청방법: 제출서류를 학과 사무실에 제출 / *** 해당대학 추천기한 전날까지 ***(학점교류 과목 이수계획서는 작성 후, 소속 학과 조교에게 확인 후 학과장 서명 받을 것)2. 제출서류(붙임 양식 참조)가. 국내대학 학점교류 신청서 1부.나. 국내대학 학점교류 과목 이수 계획서 1부.3. 유의사항가. 교류대학별로 추천기한이 상이하여 접수기간이 다른 점을 유의하시기 바랍니다.나. 붙임 자료의 수학 안내문이 없는 대학의 경우 해당 대학에서 공문이 발송되지 않은 것입니다.(안내문이 없는 대학으로의 학점교류는 접수하는 대로 공지할 예정임)라. 이수 계획서에 기재된 과목이 아닌 다른 과목을 신청할 시에는 성적부여가 되지 않습니다.마.편입생 및2023년 8월 졸업예정자(2023-1학기가 마지막 학기인 학생)는 신청 대상에서 제외 됩니다.4. 관련 문의: 실감미디어혁신공유대학사업단(063-220-2988)붙임   1. 학점교류 신청서 및 교류대학 과목 이수계획서 1부.2. 수학대학 안내문 각 1부.",0.041237113,0.020618557,1.129775622,0.309278351,0.041237113,0,0.24742268,0
학사공지,647,653+학사지원실_[신(편)입생 수강신청은 별도 공지],2023학년도 1학기 재학생 수강신청 안내  [신(편)입생 수강신청은 별도 공지],학사지원실,2023-01-20,15139,https://www.jj.ac.kr/jj/community/notice02.do?mode=view&articleNo=190448&article.offset=100&articleLimit=100,"2023학년도 1학기 수강신청 기간을 다음과 같이 안내하오니재학생 여러분께서는 일정을 참고하여 수강신청하여 주시기 바랍니다.1.수강바구니 기간: 2023. 1. 25.(수) 11:00~1. 27.(금) 17:00※ 수강바구니 기간 수강바구니 담기는 inSTAR(https://instar.jj.ac.kr)에서 가능합니다.( 인스타 로그인 - 수강신청 - 수강바구니)※ 수강바구니 기간 타학년/타학과 과목을 바구니에 담은 경우수강신청기간 수강신청 시 학년을 '전체'로 설정하고 조회해야 해당 과목이 조회되고 수강신청 가능합니다.※ 수강바구니 기간에는 '한국지역대학연합(RUCK) 과목'은 수강바구니 담기가 되지 않습니다.※ 수강바구니 기간에는 '학과학년제한'이 설정된 과목은 수강바구니 담기가 되지 않습니다.※ 수강바구니 이후 사정에 따라 '학과학년제한'이 되어 수강신청 기간에 신청하지 못하는 경우가 발생할 수 있습니다.이 경우 '학과학년제한'이 해제된 후 신청하여 주시기 바랍니다.2. 장애 및 국제학생 수강신청 기간: 2023. 2. 1.(수) 11:00∼2. 3.(금) 17:00※ 수강신청 웹페이지 주소:https://sugang.jj.ac.kr-수강신청 시 웹 브라우저를 구글 크롬(Chrome) 또는 마이크로소프트 엣지(Edge)로 접속 권장3. 재학생 수강신청 기간:  2023. 2. 8.(수) 11:00~2. 10.(금) 17:00※수강신청 기간동안 홀짝 구분없이 전체 재학생 전체 수강신청 실시※ 수강신청 웹페이지 주소:https://sugang.jj.ac.kr-수강신청 시 웹 브라우저를 구글 크롬(Chrome) 또는 마이크로소프트 엣지(Edge)로 접속 권장※ 수강신청 방법 안내: 수강신청 안내 동영상(https://bit.ly/3xTZlVr) 참조 ('Youtube'에서 '전주대학교 수강신청'으로 검색)※ 수강신청 홈페이지 접속 지원 프로그램(넷퍼넬-다중접속제어솔루션) 운영으로접속대기자가 많을 경우 접속대기 메세지(붙임-예시 화면 참조)가 표시될수 있음※ 수강바구니 기간 타학년/타학과 과목을 수강바구니에 담은 경우수강신청 시 학년을 '전체'로 설정하고 조회해야 해당 과목이 조회되고 수강신청 가능합니다.※ 수강신청 기간에는 한국지역대학연합(RUCK)과목은 수강신청이 되지 않습니다.4. 개인(팀)프로젝트 수강신청-  개인(팀)프로젝트 수강신청은 기간은 2. 8.(수)11:00~2. 10.(금) 17:00로 일반 수강신청 기간과 동일함.-  개인(팀)프로젝트의 수강신청은 [inSTAR 로그인 → 개인(팀)프로젝트 → 개인(팀)프로젝트]에서 진행(수강신청 페이지와 다름)※개인(팀)프로젝트 포함 수강신청 제한학점을 초과하지 않도록 유의※ 수강신청 제한학점 초과 시 개인(팀)프로젝트 신청이 취소될 수 있음5. 폐강과목 게시 및 안내-  1차: 2. 17.(금) 15:00-  2차: 3. 8.(수) 15:00※ 본교 홈페이지 공지사항(학사) 게시 및 안내 예정※ 폐강과목 수강 학생에게 개인별 안내 및 공지 없음※ 교양교과목은 별도 공지 예정6. 학과학년제한 해제: 2023. 3. 3.(금) 11:00- 해제영역: 외국어, 인성, 의사소통, 소프트웨어, 채플, 기독교, 교직과목 및 일부 학과의 기초, 전공필수, 전공 선택 과목※ 일부 교양 및 학과 지정 일부 과목은 학과학년제한 해제에서 제외될 수 있음7. 수강신청 정정기간(폐강과목 수강신청자 포함): 2023. 3. 3.(금) 11:00∼3. 11.(토) 18:00※ 수강신청 정정 기간 수강신청 정정은 inSTAR(https://instar.jj.ac.kr)에서 가능합니다.( 인스타 로그인 - 수강신청 - 수강신청)8. 학점교류 원격(RUCK 포함) 강좌 수강신청:  2023. 3. 3.(금) 11:00∼3. 11.(토) 18:00※ 직전학기 평점평균 3.0 이상인 경우 수강신청 가능(개설 강좌는 붙임파일 참조)※ RUCK 강좌 수강신청은 inSTAR(https://instar.jj.ac.kr)에서 가능합니다.( 인스타 로그인 - 수강신청 - 수강신청)9. 수강취소 기간: 2023. 3. 13.(화) 11:00∼3. 15.(화) 18:00까지※ 수강신청 취소 기간 수강취소 신청은 inSTAR(https://instar.jj.ac.kr)에서 가능합니다.( 인스타 로그인 - 학사관리 - 수강신청내역/수강취소        ***수강신청 메뉴와 다름***)※ 수강신청 취소는 최대 6학점(6학점을 초과하여 수강취소 불가능) 범위 내에서 가능합니다.10. 개설 교과목 수업계획서(시간표) 확인: 2023. 1. 25.(수) 부터※ 인스타 로그인 -> 학사관리 -> 수업계획서(개설강좌) 조회 -> 학과선택 -> 조회(수업계획서 및 수업 시간표는 수강신청 편람 아닌 인스타에서 확인 가능하며, 학과 사정에 따라 개강 전 수업 시간표가 변동될 수 있습니다.)11. 기타 주의사항 안내※ 2023년 8월 졸업을 희망하는(1학기가 마지막 이수 학기) 재학생 께서는 졸업이수요건 필수과목(논문, 전공필수, 교양필수 과목 등)을 미이수한 경우,기간 내 반드시 수강신청하여 주시기 바랍니다.12.문의전화- 교양과목(수퍼스타칼리지 교양학부): 220-3097(핵심,자유교양), 2008(외국어),2009(인성),2603(소프트웨어,의사소통)- 교직과목(사범대학 교육학과): 220-2346- 채플&기독교과목(선교지원실): 220-2423, 2737,3149- 수강신청시스템 및 기타문의(학사지원실): 220-2134, 2083, 2417붙 임 1. 2023-1학기 수강신청FAQ자료1부.2. 수강신청 접속 대기화면 자료 1부.3. 교양학점 확인 방법 안내 자료 1부.4. 2023-1학기 학점교류(RUCK 포함) 원격강좌 개설 교과목 안내 1부.  끝.",1.779862375,0,0.070972321,1.687598358,0.021291696,0.014194464,1.425000771,0
학사공지,646,"652+재무지원실_기 재학생(학부, 대학원) 등록 안내","2023학년도 1학기 재학생(학부, 대학원) 등록 안내",재무지원실,2023-01-18,9042,https://www.jj.ac.kr/jj/community/notice02.do?mode=view&articleNo=190447&article.offset=100&articleLimit=100,"2023학년도1학기 재학생(학부,대학원)등록안내구 분등록등 록 기 간(수납가능시간)고지서 출력비 고일시 납부자재(복)학생(학부,각대학원)최초2023.2.24.(금)∼3.03.(금) (09:00∼16:00)2월20일(월)예정학기개시10일전 등록금수납추가2023.3.14.(화)∼3.17.(금) (09:00∼16:00)최초 고지서로납부 가능학자금대출 신청마감4월26일(수)/대출실행:등록기간 내 실행최종2023.3.28.(화)∼3.30.(목) (09:00∼16:00)분납 신청자재(복)학생(학부,각대학원)신청기간2023.2.20.(월)∼2.21.(화) (09:00∼16:00)온라인신청☞홈페이지☞인스타 등록관리☞분납신청/고지서출력1차 납부2023.2.24.(금)∼3.03.(금) (09:00∼16:00)각 차수납부일분납1차분 등록금 미납 시분할납부 신청이 자동 취소됨2차 납부2023.3.14.(화)∼3.16.(목) (09:00∼16:00)1차 납부 후 다음 차수 등록금미납 시 분할납부 자동 취소됨3차 납부2023.4.11.(화)∼4.13.(목) (09:00∼16:00)4차 납부2023.5.16.(화)∼5.18.(목) (09:00∼16:00)학기 초과생(학부9학기 이상 등록 대상자)신청기간수강신청 정정기간(3. 6.월~3. 11.토)까지 수강신청 완료하면 고지서 자동생성(별도 신청절차 없음)3. 14.(화)예정수강신청 학점 당 등록금액:1–3학점(수업료의1/6)4–6학점(수업료의1/3)7–9학점(수업료의1/2)10학점이상(수업료전액)최초2023.3.14.(화)∼3. 17.(금) (09:00∼16:00)최종2023.3.28.(화)∼3. 30.(목) (09:00∼16:00)※학기 초과생(9학기이상 등록대상)은수강신청 정정기간 이후 등록금 고지서가 자동 생성됨※분할납부를 원하는 학생은 분할납부 신청기간에 반드시 신청완료 해야함※복학생은 복학 수속을 마친 후학교홈페이지인스타(inSTAR)/등록관리에서등록고지서 출력하여 등록기간에 납부☞등록고지서가 개별적으로 발송되지 않으므로,아래와 같이 학교 홈페이지에서 출력하시기 바랍니다.☞등록고지서 및 납부확인서 출력1. PC-등록금 고지서:학교 홈페이지☞인스타(inSTAR)☞장학/등록☞등록관리☞등록금고지서(출력)-납부확인서:학교 홈페이지☞인스타(inSTAR)☞장학/등록☞등록관리☞등록금 납부내역☞납부확인서(출력)2.모바일-등록금 고지서 및 납부 확인:전주대학교App☞장학/등록☞등록금고지서 또는 등록금 납부내역※등록금 납부확인은 해당은행 홈페이지 공과금(등록금☞납부내역조회)에서 확인이 가능하고,등록금납부확인서는 등록금 납부 다음날(익일)에 출력이 가능합니다.■등록제도1.일시납부:은행창구,인터넷뱅킹(공과금(세금과공과)☞대학등록금☞조회/납부)폰뱅킹을 이용한 가상계좌 이체2.카드납부-우리카드:우리은행창구,우리카드 홈페이지에서 납부(6개월 무이자 할부)-전북은행카드:전북은행 창구에서 납부(2개월 무이자 할부)3.분할납부 신청:학교홈페이지 인스타(inSTAR)☞장학/등록☞등록관리☞분할납부신청/등록4.학자금대출 신청:한국장학재단(www.kosaf.go.kr)에서대출신청☞승인 후☞대출금 지급 실행■등록방법1.수납은행:우리은행,국민은행,전북은행,농협,하나은행 전국 영업점(분납신청자:우리은행 납부)2.은행창구 납부:등록고지서를 지참하여 우리,국민,전북,농협,하나은행 창구에서 등록금 납부3.가상계좌 납부:인터넷뱅킹, ATM기,텔레뱅킹을 이용하여 무통장 입금(해당은행 뱅킹신청자에 한함)4.인터넷뱅킹 납부:납부은행 인터넷뱅킹☞공과금(세금과공과)☞대학등록금☞조회/납부▷우리은행:☎(063) 227-0257 (www.wooribank.com)▷국민은행:☎(063) 236-6316 (www.kbstar.com)▷전북은행:☎(063) 250-7715 (www.jbbank.co.kr)▷농협은행:☎(063) 279-4850 (www.nonghyup.com)▷하나은행:☎(063) 225-1111 (www.kebhana.com)→중국에서 송금시 알리페이 가능*가상계좌의 예금주는 학생 본인입니다.등록금 가상계좌는 학생 개인에게 각각 부여 되었으므로,반드시 본인의 등록고지서에 기재된 가상계좌로 입금하셔야 합니다.-계좌이체 시 학생 본인이 아닌 다른 분이 입금해도(즉,입금자가 달라도)학생 명의로 자동 등록처리 됩니다.-등록금 또는(등록금+기타경비)을 합산하여 입금 시 정확한 등록금액이 아닐 경우,송금에러 발생함.-수납은행 이외의 타 은행 이용 시 송금수수료는 납부자 본인 부담 하셔야 합니다.*등록금은 정해진 기간 내에만 납부 하셔야 하며,정해진 기간 이외의 경우 입금이 불가능 합니다.5.카드 납부-우리카드:우리은행 창구 또는 우리카드 홈페이지에서 납부가능(6개월무이자 할부(기존)) ->(3개월 무이자 할부(변경))-전북은행카드:전북은행 창구에서만 카드납부 가능(2개월 무이자 할부)6.분할 납부:아래 등록금 분할납부 안내 참조P3~47.학자금 대출에 의한 등록 방법(등록기간 내에만 학자금대출이 실행 가능)▷대출신청 및 실행방법:한국장학재단(www.kosaf.go.kr)신청(서류 및 공인인증서 준비)☞승인완료 후☞한국장학재단☞학자금 대출신청현황☞대출금 지급실행☞등록 완료▷학자금 대출 문의:학교홈페이지 공지사항 참조(또는 학생지원실 문의: 220-2167)8.각종 장학금 수혜로(또는논문신청등)고지서에 납부금액이“0원”일 경우에도반드시 등록 처리를 해야합니다. [인스타(inSTAR)학교등록,수납은행의 납부확인(수납 인),가상계좌 입금의 경우기타경비 납부 중 택1]■등록관련 문의1.등록문의:재무지원실☏063)220-2152~4, 31102.학생지원실☏063)220-2164(국가장학금) /☏063)220-2167(교내장학금) /☏063)220-2982(국가보훈장학금)☏063)220-2819,2163(학생회비,통학버스)3.한국장학재단:☏1599-2000(국가장학금,정부장학금,학자금 대출)4.복학,재입학,수강신청,기타민원:학생서비스 센터☏063)220-21355.총동문회:☏063)220-220-2477(동창회비)6.기숙사 문의:☏063)239-5500~2",0.060626474,0,0.047153924,1.533589022,0.074099023,0,1.062049783,0
학사공지,645,651+학사지원실_ 학사학위취득 유예 신청 안내(수정),2023학년도 1학기 학사학위취득 유예 신청 안내(수정),학사지원실,2023-01-16,1161,https://www.jj.ac.kr/jj/community/notice02.do?mode=view&articleNo=190446&article.offset=100&articleLimit=100,2023학년도1학기 학사학위취득 유예(구.졸업연장)신청에 대해 다음과 같이 안내하오니 참고하시기 바랍니다.1.신청대상: 2022학년도 전기 졸업대상자(2023년2월 졸업)중 학칙이 정한 졸업 요건을 전부 갖춘 학생2.신청기간:2023. 1. 9.(월)~1. 17.(화) 17:00까지3.신청방법: inSTAR→학사관리→학사학위취득유예 신청(※졸업사정 종료 후 최종 승인여부를 인스타 또는 학과에 확인 필수)4.학사학위취득 유예구분 및 등록구분등록신청목적재수강계절학기 수강료 기준:학점당8만원교과목 재이수를 통한 성적 향상 목적자기개발별도의 학점등록 없음순수 자기개발 목적5.주의사항(필독)가.학사학위취득 유예는 학기 단위로최대2회까지 신청 가능나.신청제외:외국인 유학생은 신청 불가다.학사학위취득 유예기간 중 휴학 불가라.신청자가 졸업사정에서 불합격한 경우 그 신청은 당연 취소됨마.신청취소:2023. 3. 3.(금)까지'학사학위취득 유예 포기신청서(첨부)를소속 단과대학에 제출6.문의:각 학과 사무실,0.03960396,0.03960396,1.491955446,1.610767327,0.03960396,0,1.056311881,0
학사공지,644,704+학사지원실_스 및 전자출결시스템 반영 기준 안내,2023-2학기 수강신청 정정기간중 사이버캠퍼스 및 전자출결시스템 반영 기준 안내,학사지원실,2023-01-09,2170,https://www.jj.ac.kr/jj/community/notice02.do?mode=view&articleNo=190499&article.offset=100&articleLimit=100,"2023-2학기 수강신청 정정기간중 사이버캠퍼스 및 전자출결시스템 반영 기준 안내수강신청 정정기간중 사이버 캠퍼스 및 전자출결시스템에 정정내용이 반영되는 기준을 안내하오니, 시스템에 적용되지 않은 경우 해당기준을 참고하여 확인하시기 바랍니다.1. 수강정정기간: 2023.9.01.(금) 11:00~ 9.9.(토) 18:002. 시스템별 자료 적용기준(시스템 업데이트 시간)-사이버캠퍼스: 새벽1시, 오후 1시30분 (2회/1일)-전자출결시스템: 새벽1시 (1회/1일)3. 참고가.  수강신청을 정정한 시간을 기준으로 위 기준 시간이 지났을경우에 해당 시스템에 적용됨을 참고하시기 바랍니다.예) 9. 4.(월) 오전 10시에 수강신청을 정정했을경우사이버캠퍼스에는 9.4.(월) 오후1시30분 이후에 적용됨전자출결시스템에는 9.5.(화) 새벽 1시 이후에 적용됨나. 사이버캠퍼스 및 전자출결시스템에 반영되기 전에 수업에 참여한 경우 담당교수에게 수강신청 사실을 말씀드리고,해당 시스템에 반영이후 출석여부 확인하고, 반영되지 않았을경우 수업시간에 담당교수께 말씀하시기 바랍니다.다. 수강신청을 늦게하였을 경우 참석하지 못한 수강신청 이전 수업은 결석처리 됩니다.학 사 지 원 실",0.984952615,0,0,0.885119005,0,0.03327787,0.752007524,0
학사공지,643,650+학사지원실_점교류 실시 및 신청 안내(일반대학),2023학년도 1학기 학점교류 실시 및 신청 안내(일반대학),학사지원실,2022-12-29,2532,https://www.jj.ac.kr/jj/community/notice02.do?mode=view&articleNo=190445&article.offset=100&articleLimit=100,"국내 대학 간 학점교류 협정에 의거하여2023학년도 1학기 학점교류 학생을다음과 같이 접수하오니 관심 있는 재학생들의 많은 신청 바랍니다.순교류대학신청기한수학 안내문(대학명 클릭)신청자격1전북대1. 19.(목)전북대학교- 2학년 이상인 자- 2학기 이상 수료한 자- 직전 학기까지 총 평점평균 3.0이상인 자- 타대학 학점교류이수 후, 1학기 이상 본교 등록이 가능한 자(2023년 8월 졸업 예정자 신청 대상 제외)- 재학 중 최대 4개 학기 수학 가능2제주대1. 16.(월)제주대학교3울산대1. 19.(목)울산대학교4경남대1. 24.(화)경남대학교5계명대1. 26.(목)계명대학교6군산대1. 27.(금)군산대학교7한남대2.  8.(수)한남대학교8아주대2. 1.(수)아주대학교추천서 및 이수 계획서아주Bb 사용법 안내9호남대10고려대1. 24.(화)고려대학교학점교류 신청서스마트카드 발급안내등록 및 아이디 신청 안내- 3학년 이상인 자- 4학기(70학점) 이상 수료한 자- 직전 학기까지 총 평점평균 3.0이상인 자- 타대학 학점교류이수 후, 1학기 이상 본교 등록이 가능한 자(2023년 8월 졸업 예정자 신청 대상 제외)- 재학 중 최대 2개 학기 수학 가능11연세대2.  2.(목)연세대학교교과목 안내* 학점교류 협약대학에서학점 교류 안내 공문이 도착하면 해당 대학 자료를 추가로 업데이트 예정입니다.1. 신청방법: 제출서류를 학과 사무실에 제출 /***홈페이지에 게시된 신청기한 엄수***(학점교류 과목 이수계획서는 작성 후, 소속 학과 조교에게 확인 후 학과장 서명 받을 것)2. 제출서류(붙임 양식 참조)가. 국내대학 학점교류 신청서 1부.나. 국내대학 학점교류 과목 이수 계획서 1부.3. 유의사항가. 교류대학별로 추천기한이 상이하여 신청기간이 다른 점을 유의하시기 바랍니다.(학생의 교류 수학 신청은 홈페이지에 게시된신청기한에 한합니다.)나. 붙임 자료의 수학 안내문이 없는 대학의 경우 해당 대학에서 공문이 발송되지 않은 것입니다.(안내문이 없는 대학으로의 학점교류는 접수하는 대로 공지할 예정임)라.이수 계획서에 기재된 과목이 아닌 다른 과목을 신청할 시에는 성적부여가 되지 않습니다.마.편입생 및2023년 2월 졸업예정자(2022-2학기가 마지막 학기인 학생)는 신청 대상에서 제외 됩니다.4. 관련 문의: 학사지원실(063-220-2134) 또는 학과 사무실붙임   1. 학점교류 신청서 및 교류대학 과목 이수계획서 1부.2. 수학대학 안내문 각 1부.",0.016406891,0.016406891,1.177676977,1.210490759,0.065627564,0,1.144863195,0
학사공지,642,649+원격교육지원센터_권역) 원격강좌 성적 공개 지연 안내,"2022-2학기 학점교류(RUCK, 원광대, 전북권역) 원격강좌 성적 공개 지연 안내",원격교육지원센터,2022-12-27,2215,https://www.jj.ac.kr/jj/community/notice02.do?mode=view&articleNo=190444&article.offset=100&articleLimit=100,"2022학년도 2학기 원격강좌 중 한국지역대학연합(RUCK), 원광대, 전북권역 개설 과목을수강신청한 재학생께서는 다음 일정을 참고하여 성적을 확인하여 주시기 바랍니다.1. 대상과목: 한국지역대학연합(RUCK), 원광대학교, 전북권역 개설 원격 강좌2. 성적 확인 및 이의신청 기간: 2022. 12. 29.(목) 13시~ 1. 3.(화) 오후 3시까지3. 대학별 과목명가. 가톨릭관동대1) 지도와지리학으로읽는제2차세계대전사2) 잘실패하는법나. 경남대1) 한끼의권리2) 미국탐방시리즈3) 무대화술로푸는취업성공전략다. 계명대1) 미디어정치의이해2) 결혼, 성과유전3) 재미잇는진로선택-내인생의네비게이션라. 아주대1) 한국정치의쟁점과과제2) 현대물리의이해마. 울산대1) 행정학길라잡이2) 사례를통해서배우는갈등해결의지혜바. 한남대1) 긍정마인드와행복2) 운동과웰빙사. 호남대1) 질병과건강관리2) 패션과이미지메이킹아. 원광대: 생활과한의학자. 전북대1) 서양고대철학2) 능력검정한국사따라가기차. 전주대1) 태권도기초편4.  원격과목 성적 관련 문의: 원격교육지원센터(063-220-2998, 2801)",0.732526882,0.768369176,0.660842294,0.071684588,0.035842294,0.035842294,0.660842294,0
학사공지,641,648+학사지원실_공개 및 확인(이의 신청) 기간 안내,2022학년도 2학기 성적 공개 및 확인(이의 신청) 기간 안내,학사지원실,2022-12-27,3144,https://www.jj.ac.kr/jj/community/notice02.do?mode=view&articleNo=190443&article.offset=100&articleLimit=100,"2022학년도 2학기 성적 공개 및 확인(이의신청) 안내1. 성적 확인 및 성적 이의신청가. 성적 확인기간 및 이의신청:  12. 28.(수) 오전 11시 ~ 1. 3.(화) 오후 3시까지※학점교류(RUCK, 원광대, 전북권역) 원격강좌 성적확인: 12. 29.(목) 13시 부터[공지 바로가기]※강의평가 미응답한 경우, 12. 29.(목)부터 성적 확인 가능함※성적확인 기간 중 성적 정정 처리 업데이트 시간(오후 1시~1시30분, 오후 5시~5시30분)에는 성적 확인 불가나. 조회방법:  inSTAR or 전주대 포털 앱 -> 학사관리 -> 학기별 성적 조회다.이의신청:  inSTAR  -> 학사관리 -> '성적이의신청’을 통해서만 이의신청 가능2. 참고사항가. (중간, 기말, 과제 등) 성적평가 영역별 상세 성적을 조회 가능나.합리적 사유가 없는 이의신청(장학금 및 재수강 등 개인적 사정 등에 호소)은 이의신청 사유에 해당되지 않으며,해당 내용으로 성적이의신청 시청탁금지법에 위배되며 근거 자료로 남을 수 있으니 유의하시기 바랍니다.다.2022-2학기 성적을 포함한 성적증명서 발급은 1월 5일(목) 오전 11시 이후 발급 가능하오니 참조하시기 바랍니다.교 무 처 장",0.066115702,1.461432507,0.033057851,1.130853994,0.033057851,0,1.031680441,0
학사공지,640,647+학사지원실_2023학년도 1학기 재입학 안내,2023학년도 1학기 재입학 안내,학사지원실,2022-12-12,3746,https://www.jj.ac.kr/jj/community/notice02.do?mode=view&articleNo=190442&article.offset=100&articleLimit=100,"2023학년도 1학기 재입학 전형에 대해 다음과 같이 안내합니다.1.신청대상:자퇴,휴학만기,미등록 등의 사유로 제적된 자2.제외대상(학칙 제13조 의거)가.퇴학 등 징계처분으로 제적된 자나.제적 후1학기 이상 경과하지 않은 자예) 2022년 9월 제적(2022-2학기 제적자)→재입학 불가2022년 8월 제적(2022-1학기 제적자)→재입학 가능3.선발인원: 137명(정원 내 100명,정원 외 37명)※모집단위 별 모집인원은 재입학 모집요강 참조4.전형방법 및 선발기준:신청자 수가 재입학 여석을 초과할 경우 선발 우선순위가.총 취득학점이 많은 자나.총 성적 평점평균이 높은 자5.제출방법가.제출서류:재입학원서1부(해당 게시글 첨부파일에서 다운로드 가능)나.제출기간:2023. 1. 9.(월)~2. 7.(화) 12:00다.제출처:학사지원실(스타센터234호)6.전형일정구 분일 시(기 간)비 고신청서 접수2023. 1. 9.(월)~2. 7.(화) 12:00접수처(학사지원실)수강신청2023. 2. 8.(수)~2. 10.(금)재입학 탈락 및 미등록 시 수강 취소합격자 발표2023. 2. 13.(월) 15:00개별 통보합격자 등록기간2023. 2. 16.(목)~2. 17.(금) 16:007.유의사항가.제적 당시 학년 및 전공으로 재입학하는 것을 원칙으로 하며 제적 당시 학과(전공)가 구조조정 등으로폐지된 경우동일 계열의 유사학과(전공)으로 선택하여 입학할 수 있음나.합격 후 등록기간 내에 등록하지 않으면 재입학 승인을 취소함8.문의처:학사지원실(☎063-220-2083)2022. 12.교 무 처 장",0.025445293,0.025445293,0.025445293,0.279898219,0.178117048,0.025445293,1.757064417,0
학사공지,639,581+학사지원실_ 성적 공개 및 확인(이의신청) 안내,2021학년도 동계 계절학기 성적 공개 및 확인(이의신청) 안내,학사지원실,2022-12-01,1159,https://www.jj.ac.kr/jj/community/notice02.do?mode=view&articleNo=190373&article.offset=200&articleLimit=100,"2021학년도 동계 계절학기 성적 공개 및 확인(이의신청) 안내1. 성적 확인 및 성적 이의신청가. 성적 확인기간:2022. 1. 12.(수) 11:00 ~ 1.13.(목) 15:00※인스타(inSTAR)에서 강의평가를 미응답한 경우, 1. 13.(목)만 성적 확인 가능함※성적확인 기간 중 성적 정정 처리 업데이트 시간(낮12시~12시30분,오후5시~5시30분)에는 성적 확인이 안될 수 있음나. 조회방법:inSTAR or 전주대 포털 앱 -> 학사관리 -> 학기별 성적 조회다.이의신청:inSTAR->학사관리-> '성적이의신청’을 통해서만 이의신청 가능2. 참고사항가. (중간, 기말, 과제 등) 성적평가 영역별 상세 성적을 조회 가능나.합리적 사유가 없는 이의신청(장학금 및 재수강 등 개인적 사정 등에 호소)은 이의신청 사유에 해당되지 않으며,해당 내용으로 성적이의신청 시'부정청탁금지'관련 법률에 위배되며 근거 자료로 남을 수 있으니 유의하시기 바랍니다.다.2021동계 계절학기 성적을 포함한 성적증명서 발급은2022년1월14일(금)오전11시 이후 발급 가능하오니 참조하시기 바랍니다.교 무 처 장",0.035460993,1.471631206,0,1.117021277,0.035460993,0,1.010638298,0
학사공지,638,640+김수진_계절수업 학점교류 실시 및 신청 안내,[인공지능혁신공유대학사업단] 2022학년도 동계 계절수업 학점교류 실시 및 신청 안내,김수진,2022-11-28,1345,https://www.jj.ac.kr/jj/community/notice02.do?mode=view&articleNo=190435&article.offset=100&articleLimit=100,"인공지능혁신공유대학 간 학점교류 협정에 의거하여2022학년도 2학기 동계 학점교류 학생을다음과 같이 접수하오니 관심 있는 재학생들의 많은 신청 바랍니다.순교류대학추천기한수학 안내문(대학명 클릭)신청자격1전남대- 타대학 학점교류이수 후, 1학기 이상 본교 등록이 가능한 자(2023년 2월 졸업 예정자 신청 대상 제외)- 본교와 학술교류 협정을 체결한 대학 학생으로서 소속 대학교 총장의 추천을 받은 학생2성균관대11. 28.(월)성균관대학교추천자 명단수업계획서3서울시립대4서울과학기술대5경북대6영진전문대* 학점교류 협약대학에서학점 교류 안내 공문이 도착하면 해당 대학 자료를 추가로 업데이트 예정입니다.1. 신청방법: 제출서류를 학과 사무실에 제출 / *** 해당대학 추천기한 전날까지 ***(학점교류 과목 이수계획서는 작성 후, 소속 학과 조교에게 확인 후 학과장 서명 받을 것)2. 제출서류(붙임 양식 참조)가. 국내대학 학점교류 신청서 1부.나. 국내대학 학점교류 과목 이수 계획서 1부.3. 유의사항가. 교류대학별로 추천기한이 상이하여 접수기간이 다른 점을 유의하시기 바랍니다.나. 붙임 자료의 수학 안내문이 없는 대학의 경우 해당 대학에서 공문이 발송되지 않은 것입니다.(안내문이 없는 대학으로의 학점교류는 접수하는 대로 공지할 예정임)라. 이수 계획서에 기재된 과목이 아닌 다른 과목을 신청할 시에는 성적부여가 되지 않습니다.마.편입생 및 2023년 2월 졸업예정자(2022-2학기가 마지막 학기인 학생)는 신청 대상에서 제외 됩니다.4. 관련 문의: 인공지능혁신공유대학사업단(063-220-4704)붙임   1. 학점교류 신청서 및 교류대학 과목 이수계획서 1부.2. 수학대학 안내문 각 1부.",0.648696682,0.023696682,0.90936019,0.861966825,0.047393365,0,1.581753555,0
학사공지,637,639+학사지원실_(성적 확인 및 이의신청 내용 추가),2022학년도 동계 계절수업 운영 안내 (성적 확인 및 이의신청 내용 추가),학사지원실,2022-11-27,4602,https://www.jj.ac.kr/jj/community/notice02.do?mode=view&articleNo=190434&article.offset=100&articleLimit=100,"2022학년도 동계 계절수업을 다음과 같이 운영하고자 하오니 관심있는 재학생들의 많은 신청바랍니다.1. 계절수업 운영 일정구 분기 간비 고수강신청11. 30.(수) 11:00~12. 2.(금) 18:00폐강과목 공고12. 5.(월) 15:00본교 홈페이지 학사게시판 공고폐강과목수강신청 정정기간12. 6.(화) 11:00∼18:00폐강과목 수강 신청자만 수강신청 정정 가능수업료납부(등록기간)12. 7.(수)~9.(금)고지서 출력(6. 15.(월) 오후 7시 부터 가능)우리은행 영업시간 내 납부가능수강취소12. 14.(수) 11:00~12. 23.(금)17:00- 미등록 시 수강신청내역은 일괄 취소처리함- 등록 후, 수강취소 시 환불기준에 의거 환불 조치함- 수강취소 방법: inSTAR 로그인-학사관리-수강신청내역/취소-수강신청리스트에서 수강취소 과목 선택 후 저장계절수업 기간12. 19.(월)~2023. 1. 6.(금)- 원격중심수업은 온라인으로 진행- 기말시험 수업시간표 시간에 대면시험 참석하여야 함성적 확인 기간(이의신청)2023. 1. 12.(목)11:00~13.(금) 15:00- 이의신청:  inSTAR  -> 학사관리 -> '성적이의신청’을 통해서만 이의신청 가능- 성적확인 기간 중 성적 정정 처리 업데이트 시간(오후 1시~1시30분, 오후 5시~5시30분)에는성적 확인 불가-합리적 사유가 없는 이의신청(장학금 및 재수강 등 개인적 사정 등에 호소)은 이의신청 사유에해당되지 않으며,해당 내용으로 성적이의신청 시청탁금지법에 위배되며 근거 자료로 남을수 있음* 등록금 고지서(납부확인서) 출력: inSTAR-장학/등록-등록관리-등록금 고지서/납부확인서(출력)2. 수강신청 학점: 최대 6학점 이내(2015학번 이전 최대 9학점 이내)* 수강신청방법: 인스타(inSTAR) 로그인 -수강신청 - 수강신청 메뉴에서 수강 희망과목 선택 및 저장* 원격중심 수업: 최대 3학점 이내(야간교육과정 재학생 최대 6학점 이내)*원격중심 수업은 출석인정(취업사유)을 제출한 학생인 경우도 사이버캠퍼스에서 수업을 정상수강해야 함(취업사유로 인한 출석인정 해당사항 없음)3. 수업방식가.대면수업 원칙/원격중심수업은 온라인으로 진행나. 기말시험은 대면평가를 원칙으로 함- 원격수업 중 대면시험 과목이 있을 수 있음[교과목 개설 현황 참조]다. 계절수업 수강생은 수업 방식 및 수업 시간표를 사전에 확인하여 수업 참석 요망4. 평가(성적산출)방법: 상대평가(2022-2학기와 동일)5. 수업료: 1학점 당 80,000원6. 개설과목: 붙임 자료 참조7. 등록금 환불기준사유 발생 시기반환 금액비고개강 전전액 환불개강 후 수업일 수1/3 이내 (2022. 12. 23.(금) 까지)납입금2/3 반환개강 후 수업일 수2/3 이내 (2022. 12. 30.(금) 까지)납입금1/3 반환개강 후 수업일 수2/3 초과 (2022. 12. 31.(토) 부터)반환하지 않음8. 유의사항가. 등록일자 엄수 요망: 12월 9일(금)까지 등록금을 납부하지 않은 자의 수강신청 내역은 무효 처리함나.2022-2학기에 기 수강한 과목과 동일과목을 수강한 경우 해당 수강 내역은 수강취소처리 함다. 채플 과목은 8학기 이상 이수자(건축학과 10학기 이상) 중, 채플미이수한 재학생만 수강신청 가능함라. 수강신청 정정신청은 최초 수강신청 후, 폐강과목을 수강신청 한 재학생에 한하여 가능함마. 사회봉사 과목 수강신청 방법:inSTAR 로그인-학사관리-사회봉사 교과목-교과목 신청(※자세한 사항: 사회봉사센터 홈페이지 수강신청 관련 게시물 참조)9. 계절수업 관련 문의처가. 교양과목: 수퍼스타칼리지 교양학부 220-4648, 3097나. 융합전공: 수퍼스타칼리지 융합학부 220-2821, 2823다. 채플: 선교지원실 220-2423라. 수업료 납부 및 환불: 재무지원실 220-3110마. 원격강좌 수업: 원격교육지원센터 220-2805바. 사회봉사 과목 수강 신청 및 취소: 사회봉사센터 220-4697사. 계절수업 수강신청 및 취소: 학사지원실 220-2134붙임 2022학년도 동계 계절수업 개설 교과목 현황(게시용) 1부. 끝.",1.201378122,0.835946024,0.079012346,1.092736147,0.049382716,0.069135802,0.816192937,0
학사공지,636,638+학사지원실_ 및 K-MOOC 학점인정 신청 안내,2022-2학기 특별학점 및 K-MOOC 학점인정 신청 안내,학사지원실,2022-11-26,1439,https://www.jj.ac.kr/jj/community/notice02.do?mode=view&articleNo=190433&article.offset=100&articleLimit=100,"2022-2학기 특별학점 및 K-MOOC 학점인정 신청 안내1. 특별학점가. 신청대상: 정규학기 내 재학생1) 2019학번까지: 기존 특별학점제(외국어, 소프트웨어) 신청 및 인정 가능2)2020학번부터:특별학점제 신청 및 인정 제외3) 특별학점 신청 제외 대상자- 2022학년도 1학기 포함 8학기(건축학과 10학기) 초과 이수자- 졸업기준 학점(외국어 및 정보화)이 없는 국제학생 및 편입생나. 인정범위1)외국어 및 정보화(외국어3/정보화4)범위에서 재수강 처리만 인정/(F학점 제외)(2018학년도부터 순수(신규)학점인정 처리하지 않음)2)2015학번부터는79점 이하(C+이하)의 성적만 재수강 처리 가능함3) 성적인정 시기: 2022학년도 하계 계절학기 성적에 합산 처리다.접수기간:2022. 11. 28.(월) ~ 12. 16.(금)라. 유의사항1) 특별학점으로 재수강 처리 받고자 하는 과목은 2022-2학기에 수강신청하지 않아야 함※기존에 이수한 과목 중에서 특별학점으로 재수강 처리 가능2) 특별학점 인정 자격증은 재학 기간 내에 취득한 자격증에 한함3) 이전에 특별학점으로 인정받은 자격증은 중복하여 인정되지 않음4) 입학 전 취득한 자격증으로는 특별학점 신청을 할 수 없음2. 학점인정: K-MOOC(신청학기 수강제한 학점)가. 신청대상: 정규학기 내 재학생1) K-MOOC 학점인정 제외 대상자- 2022학년도 1학기 포함 8학기(건축학과 10학기) 초과 이수자나.인정범위: 학기당 3학점/최대 9학점다. 인정 방법1)K-MOOC 교과목 인정 이수기간: 2022.7.1. ~ 2학기 종강전(2022.12.17.(토)) 까지 이수한 교과목에 한함.※단, 2022년 9월 1일 전(규정개정 전) 수강신청 또는 이수한 교과목에 한해서는 수강제한 학점에 관계없이 학점 인정2) K-MOOC 신청 교과목 성적확인방법: 1.  10.(화)부터 2022-2학기 성적내역에서 확인라.접수기간: 2022.11.28.(월)~12.23.(금)3.신청방법(공통)가. 인스타(inSTAR) 접속 → 학사관리 → 특별학점/K-MOOC인정신청※【붙임】 특별학점/K-MOOC학점인정 신청 매뉴얼 참조나. 준비사항: 자격증 및 자격시험 성적표 원본(스캔 파일 첨부, 유효 기간 내 자격 한 함)※유효하지 않은 증빙자료(PC화면 캡쳐 이미지 등)는 불인정 처리< 붙임 >1.특별학점 및 K-MOOC 학점인정 신청 매뉴얼 1부. 끝.",0.101095198,0.117944398,2.219634273,1.151940136,0,0.0168492,1.050844938,0
학사공지,635,637+융합학부_로전공 이수 및 변경신청 안내(2차),[융합학부] 2022학년도 2학기 연계‧융합‧마이크로전공 이수 및 변경신청 안내(2차),융합학부,2022-11-18,1783,https://www.jj.ac.kr/jj/community/notice02.do?mode=view&articleNo=190432&article.offset=100&articleLimit=100,"2022학년도2학기 연계‧융합‧마이크로전공 이수 및 변경 신청(2차)관련 안내합니다.재학생 여러분의 많은 관심과 신청 바랍니다.1. 신청 안내1) 신청자격: 신(편)입학 후 2학기 이상 등록한 자2) 신청기간:11. 21.(월)~12. 4.(일)/ 매 학기 1-2주차, 12-13주차 진행3) 신청절차: inSTAR를 통해 신청 →신청기간이 끝난 후융합교육지원센터의 승인 → 이수 가능(세부적인 신청 방법은 첨부파일 참조)2. 전공 안내1) 전공별 이수 기준구분복수(부)전공총이수학점주전공중복인정 학점융합교과목이수학점ⓐ참여전공이수학점ⓑ선택이수학점ⓐ or ⓑ연계전공복수전공36학점15학점 이내-21학점 이상-융합전공복수전공36학점12학점 이내12학점 이상9학점 이상3학점부전공21학점6학점 이내9학점 이상3학점 이상3학점마이크로전공12학점3학점 이내---2) 전공별 소개:http://www.jj.ac.kr/sc홈페이지의 전공별 안내자료 참고3) 이수 관련 문의: 교육혁신본부 융합교육지원센터(대학본관 228호 / 063-220-2821-4)3. 전공 현황 안내1) 6개 연계전공연계전공공공인재독서‧논술교육벤처창업보육학식품영양학중국비즈니스2) 18개 융합전공융합전공경영법학국민연금국토정보학농생명-ICT대물차량손해사정드론라이프스타일기획보컬퍼포먼스사회적경제스마트시티스마트팜스토리미디어실감미디어일본 AI탄소혁신리빙랩AI TechFood  R&BD--3) 15개 마이크로전공마이크로전공기초실감미디어프로그래밍로컬크리에이터와의실감미디어협력프로젝트실무리빙랩디자인리빙랩외식컨설턴트문화적도시재생사회문제해결을위한실감미디어디자인실감게임콘텐츠실감콘텐츠기획Fundamental영어플러스일본어플러스전기자동차전장부품중국어플러스창업컨설턴트AI+식품AI+일본어4. 기타 안내: 이수신청을 하지 않았더라도 관련 교과목의 수강신청이 가능하며,연계‧융합‧마이크로전공 해당 교과목이라면 전공 이수신청 전에 수강한 교과목도 인정 가능- 수퍼스타칼리지 융합학부 -",0.10373444,0,0.414937759,0.881954442,0.041493776,0,1.3904649,0
학사공지,634,635+학사지원실_점교류 실시 및 신청 안내(일반대학),2022학년도 동계 계절수업 학점교류 실시 및 신청 안내(일반대학),학사지원실,2022-10-24,2256,https://www.jj.ac.kr/jj/community/notice02.do?mode=view&articleNo=190429&article.offset=100&articleLimit=100,"국내 대학 간 학점교류 협정에 의거하여2022학년도 동계 계절수업 학점교류 학생을다음과 같이 접수하오니 관심 있는 재학생들의 많은 신청 바랍니다.순교류대학신청기한수학 안내문(대학명 클릭)신청자격1전북대10. 27.(목)전북대학교- 2학년 이상인 자- 2학기 이상 수료한 자- 직전 학기까지 총 평점평균 3.0이상인 자- 타대학 학점교류이수 후, 1학기 이상 본교 등록이 가능한 자(2023년 2월 졸업 예정자 신청 대상 제외)- 재학 중 최대 4개 학기 수학 가능2제주대11. 17.(목)제주대학교개설 교과목 현황3울산대11. 9.(수)울산대학교추천자 명단4경남대11. 17.(목)경남대학교개설 교과목 현황5계명대11. 30.(화)계명대학교6군산대11. 2.(수)군산대학교계절수업 시간표7한남대12. 1.(목)한남대학교8아주대11. 21.(월)아주대학교추천서 및 이수 계획서아주Bb 사용법 안내9호남대11. 28.(화)호남대학교10고려대11. 14.(월)고려대학교학점교류 신청서등록 및 아이디 신청- 3학년 이상인 자- 4학기(70학점) 이상 수료한 자- 직전 학기까지 총 평점평균 3.0이상인 자- 타대학 학점교류이수 후, 1학기 이상 본교 등록이 가능한 자(2023년 2월 졸업 예정자 신청 대상 제외)- 재학 중 최대 2개 학기 수학 가능11연세대11.  3.(목)연세대학교수강가능 교과목* 학점교류 협약대학에서학점 교류 안내 공문이 도착하면 해당 대학 자료를 추가로 업데이트 예정입니다.1. 신청방법: 제출서류를 학과 사무실에 제출 /***해당대학 추천기한 전날까지***(학점교류 과목 이수계획서는 작성 후, 소속 학과 조교에게 확인 후 학과장 서명 받을 것)2. 제출서류(붙임 양식 참조)가. 국내대학 학점교류 신청서 1부.나. 국내대학 학점교류 과목 이수 계획서 1부.3. 유의사항가. 교류대학별로 추천기한이 상이하여 접수기간이 다른 점을 유의하시기 바랍니다.나. 붙임 자료의 수학 안내문이 없는 대학의 경우 해당 대학에서 공문이 발송되지 않은 것입니다.(안내문이 없는 대학으로의 학점교류는 접수하는 대로 공지할 예정임)라.이수 계획서에 기재된 과목이 아닌 다른 과목을 신청할 시에는 성적부여가 되지 않습니다.마.편입생 및2023년 2월 졸업예정자(2022-2학기가 마지막 학기인 학생)는 신청 대상에서 제외 됩니다.4. 관련 문의: 학사지원실(063-220-2134) 또는 학과 사무실붙임   1. 학점교류 신청서 및 교류대학 과목 이수계획서 1부.2. 수학대학 안내문 각 1부.",0.887193554,0.016286645,1.082633293,1.050060003,0.06514658,0,1.001200069,0
학사공지,633,613+학사지원실_년도 2학기 복학 및 휴학 신청 안내,2022학년도 2학기 복학 및 휴학 신청 안내,학사지원실,2022-10-06,7312,https://www.jj.ac.kr/jj/community/notice02.do?mode=view&articleNo=190407&article.offset=100&articleLimit=100,"2022학년도 2학기 복학 및 휴학 신청 안내1복학 신청1.복학 신청 주요사항 안내구 분내 용대 상■ 일반휴학 및 군휴학 후, 휴학기간 만료(예정)인 자 (2022-1학기 복학예정자)■ 휴학기간이 남아있으나 조기 복학을 희망하는 자신청 기간■ 1차: 2022. 6. 22.(수)~8. 8.(월), 수강신청 전※ 수강신청(2022. 8. 9.(화)~8.11.(목)) 전 복학 권장■ 2차: 2022. 8. 9.(화) ~ 8. 28.(일), 개강 전■ 3차(최종): 2022. 8. 29.(월)~ 2022. 10. 1.(토),개강 후 5주 이내신청 방법■ inSTAR(인스타) 홈페이지 학사관리 메뉴에서 직접 신청 (인스타 입력 방법 붙임 참고)처리 절차■ 인스타 로그인 → 학사관리 메뉴 → 복학신청 →신청 즉시 복학 처리됨증빙 서류■ 일반휴학 후 복학자: 증빙서류 없음■군휴학 후 복학자: 전역증 또는 전역 확인 증명서(①~③ 중 1부)를 온라인으로 첨부① 병적증명서(병무청 발급)② 복무확인서(부대/근무처 발급)③ 병역사항 기재된 초본(주민센터 발급)※ 군 전역일 전 수강신청을 위해 우선 복학 신청하여도 무방함(증명서 추후 학과에 제출)2.복학자 수강신청 안내구 분내 용신청기간■ 수강바구니 신청 기간: 2022. 7. 26.(화) ~ 7. 28.(목)■ 수강신청 기간: 2022. 8. 9.(화) ~ 8. 11.(목)■ 수강신청 정정 기간: 2022. 8. 26.(금) ~ 9. 5.(월)※ 수강신청 기간 후에 복학하는 경우: 복학 신청 후 인스타에서 수강신청 가능함(세부사항 학과 사무실 문의)수강신청방법■ 인스타 로그인 → 학사관리 메뉴 → 수강신청※ 복학 신청이 완료되어야 수강바구니 기간에 수강 희망과목 담기 가능기타사항■ 수강신청 기간에 홀,짝수 구분 없이 동시 진행함!(2021-2학기부터 적용됨)■복학 예정자의 경우 가급적 수강바구니 전일(2022. 7. 25.월)까지 복학 신청을 완료하여 수강바구니를 통해 수강 희망과목을 수강할 수 있도록 준비하여 주시기 바랍니다.3. 등록금 납부[1] 등록금 고지서 출력: 인스타로그인 → 수강신청 메뉴 → 등록금 고지서- 등록금 납부기간 공지 전(8월)복학한 경우:등록금고지서가 아직 조회되지 않음(8월 중순 재확인 바람)- 등록금 납부기간 공지 후 복학한 경우 : 복학 즉시 등록금 고지서 조회 및 출력, 납부 가능[2] 등록금 납부기간 내 가상계좌로 납부-납부 기간 : 2022. 8월 중순 경(일정변경 가능, 추후 홈페이지 확인 요망)[3] 안내사항-휴학 전에 등록금을 미리 납부한 경우에는 복학학기 등록금 납부 대상이 아님(휴학 전 납부한 등록금이 이월되어 복학 후 첫 학기 등록금으로 자동 처리)2휴학 신청1. 일반휴학 신청 주요사항 안내가.일반 휴학구 분내 용대 상(휴학사유)■ 질병: 4주 이상 출석할 수 없는 자 (4주 이상 치료 진단서)■ 창업: 창업 또는 기존사업체를 경영하려는 자(사업자등록증 또는 법인등기부등본 사본)■ 임신·출산·육아: 임신, 출산, 육아로 인한 휴학이 필요한 자(진단서, 가족관계 증명서)■ 기타 사유: 자기개발, 가계곤란, 천재지변, 돌발사고, 장애학생 등(증빙서류 없음)휴학 기간■ 1년 단위(2학기) 휴학 신청 (※ 1년 휴학 신청하였어도, 6개월 뒤 복학 신청 가능함)신청 기간2022. 6. 22.(수) ~10. 1.(토), 개강 5주차(수업일수 1/3)까지접수 방법■ inSTAR(인스타) 홈페이지에서 휴학신청 입력 후 학과사무실 방문 접수 (인스타 입력방법 붙임 참고)※인스타로그인 (학사관리 메뉴)→ 휴학신청 입력 → 신청서 출력→ 학과 사무실 방문(CA 및 지도교수 또는 학과장 상담) 제출※ 인스타입력은 상시 가능,신청서 제출은 접수기간만 가능(긴급한 경우 학과 상담 요망, 미래융합대학만 토요일접수가능)주의사항■신·편입생 및 재입학생의 입학 첫 학기는 휴학 불가(단, 병역, 질병, 임신출산육아 제외)■휴학 가능 학기 소진 시 일반휴학신청 불가(단, 병역,창업,임신출산육아,특별휴학기간은 미산입)※ 일반휴학가능 학기 수: 신입학생 8개 학기(건축학과 10개 학기), 재입학 및 3학년 편입생 4개 학기, 4학년 편입생 2개 학기접수 기간1차2022. 6. 27.(월) ~ 7. 1.(금)등록금 미납자는5차까지만신청 가능2차2022. 7. 25.(월) ~ 7. 29.(금)3차2022. 8. 16.(화) ~ 8. 26.(금)4차2022. 9. 13.(화) ~ 9. 17.(토)5차2022. 9. 26.(월) ~10. 1.(토), 개강 5주 차6차2022. 10. 11.(월) ~10. 15.(금), 개강 7주 차등록금 납부자만 가능나. 병역(군입대)휴학구 분내 용대 상■ 군입대 예정인 자 ■ 군복무 연장 예정인 자신청기간■ 군입대 전.군입대일 1주일 전부터만 신청 가능함(입영일이 확정되지 않은 경우 일반휴학신청 후 군휴학으로 변경)신청방법■inSTAR(인스타) 홈페이지에서 군휴학 신청 후 학과사무실 방문 접수(인스타 입력방법 붙임 참고)처리절차■ 인스타 로그인 → 학사관리 메뉴 → 군휴학신청서 작성 → 신청서 출력→ 학과 사무실 방문(CA 및 지도교수 또는 학과장 상담) 및 제출→ 접수완료증빙서류■ 병역의무 이행 증빙서류 1부.(입영통지서, 사회복무요원 소집 통지서 등)2.휴학 변경 안내가. 일반휴학 → 군휴학 변경구 분내 용대 상■ 일반휴학 후 군입대 사유로 군휴학으로 변경하려는 자신청기간■ 군입대 전(군 입대일 1주일 전부터만 신청 가능함)신청방법■inSTAR(인스타) 홈페이지에서먼저 복학신청후군휴학을신규로 신청처리절차■ 인스타로그인 →학사관리 메뉴:복학신청(→즉시 복학처리 완료됨)→인스타재로그인→학사관리 메뉴:휴학신청→군휴학신청서작성 → 신청서 출력→ 학과 사무실 방문(CA 및 지도교수 또는 학과장 상담)및 제출 →접수완료증빙서류■ 병역의무 이행 증빙서류 1부(입영통지서, 사회복무요원 소집 통지서 등)주의사항■ 군휴학으로변경하지 않고 입대한 경우 해당학기 일반휴학으로처리됨※ 이미입대하여 본인이 신청할 수 없는 경우,가족의 대리 신청 가능(학과 사무실 문의)나. 군휴학 → 일반휴학 변경구 분내 용대 상 자■ 전역 후, 복학 예정학기에 복학하지 않고 일반 휴학을 신청하려는 자신청기간■ 전역 후, 복학 예정학기 개강일 전까지신청방법■inSTAR(인스타) 홈페이지에서먼저 복학신청후일반휴학을신규로 신청※ 인스타입력은 상시 가능,신청서 제출은 접수기간만 가능처리절차■ 인스타로그인 →학사관리 메뉴:복학신청(→즉시 복학처리 완료됨)→인스타재로그인→학사관리 메뉴:휴학신청→일반휴학신청작성 → 신청서 출력→ 학과 사무실 방문(CA 및 지도교수 또는 학과장 상담)및 제출 →접수완료증빙서류■군휴학후 복학 시 전역증또는 전역 확인 증명(①~③ 중 1부)를 온라인으로첨부※ 증명 유형: ① 병적증명서(병무청 발급) ② 복무확인서(부대/근무처 발급)③ 병역사항(전역일)이 기재된 초본(주민센터/온라인 발급 가능)※ 군 전역일 전 수강신청을 위해 우선 복학 신청하여도 무방함(증명서 추후 학과에 제출)주의사항■ 인스타에서 먼저 복학신청을 처리해야 신규 일반휴학신청이 가능함■ 일반 휴학의 경우 신입생의 경우 최대 8개 학기(4년)까지만일반휴학신청이 가능함(3학년 편입생의 경우 최대 4개 학기까지 휴학 신청 가능함)3.휴학 연장 안내구 분내 용대 상■ 일반휴학(1년 단위) 기간 만료 후, 휴학을 연장하려는 자■ 병역의무 만료 복학 예정자 중 일반휴학을 신청하려는 자신청기간■ 휴학 만료 학기 수업종료일부터 복학 학기 개시 이전까지(복학 학기 수업일수 1/3 이내에 휴학 연장 신청 가능함)신청방법■inSTAR(인스타) 홈페이지에서먼저 복학신청후일반휴학을신규로 신청※ 인스타입력은 상시 가능,신청서 제출은 접수기간만 가능(접수기간은 “1. 일반유학 신청 안내”참고)처리절차■ 인스타로그인 →학사관리 메뉴:복학신청(→즉시 복학처리 완료됨)→인스타재로그인→학사관리 메뉴:휴학신청→일반휴학신청작성 → 신청서 출력→ 학과 사무실 방문(CA 및 지도교수 또는 학과장 상담)및 제출 →접수완료주의사항■ 인스타에서 먼저 복학신청을 처리해야 신규 일반휴학신청이 가능함(인스타복학신청 입력 시 즉시 처리됨, 복학신청서는 학과 제출 불필요)■ 일반 휴학의 경우 신입생의 경우 최대 8개 학기(4년)까지만일반휴학신청이 가능함(3학년 편입생의 경우 최대 4개 학기까지 휴학 신청 가능함)3기타 사항1.개인정보 수정 안내가. 대상자: 개인정보(주소, 핸드폰 연락처 등)가 변경된 재학생 및 휴학생나. 수정방법: 인스타 → 개인정보 수정 클릭 → 개인정보 수정 후 저장다. 유의사항- 학사 관련 업무 발생 시 연락할 수 있도록 개인정보를 업데이트하여야 합니다.- 학부모 알리비 서비스 이용 희망시 학부모 휴대폰을 등록(수정)할 수 있습니다.( 학부모알리미 서비스 페이지:https://instar.jj.ac.kr/?mode=jjpa)2.관련 문의: 담당자(☎063-220-2136, 2417), 학과사무실 연락처(별도 파일 참조)3.온라인 휴복학 상담 문의: 카카오톡에서 “전주대휴복학도우미”검색하여 채널 추가교무처 학사지원실",0.072088308,0,0.004505519,4.457258218,0.054066231,0.031538635,1.442199387,0
학사공지,632,580+학사지원실_ 1학기 학점교류 실시 및 신청 안내,2022학년도 1학기 학점교류 실시 및 신청 안내,학사지원실,2022-10-01,1465,https://www.jj.ac.kr/jj/community/notice02.do?mode=view&articleNo=190372&article.offset=200&articleLimit=100,"국내 대학 간 학점교류 협정에 의거하여 2022학년도 1학기 학점교류 학생을다음과 같이 접수하오니 관심 있는 재학생들의 많은 신청 바랍니다.순교류대학신청기한수학 안내문(대학명 클릭)신청자격1전북대1.11.(화)전북대학교- 2학년 이상인 자- 2학기 이상 수료한 자- 직전 학기까지 총 평점평균 3.0이상인 자- 타대학 학점교류 이수 후, 1학기 이상 본교 등록이 가능한 자(2022년 2월 졸업 예정자 신청 대상 제외)- 재학 중 최대 4개 학기 수학 가능2제주대1.14.(금)제주대학교3울산대1.20.(목)울산대학교4경남대1. 25.(화)경남대학교5계명대1.20.(목)계명대학교6군산대2. 3.(목)군산대학교7한남대2. 11.(금)한남대학교8아주대2. 3(목)아주대학교수업운영방식9고려대1. 24.(월)고려대학교- 3학년 이상인 자- 4학기(70학점) 이상 수료한 자- 직전 학기까지 총 평점평균 3.0이상인 자- 타대학 학점교류 이수 후, 1학기 이상 본교 등록이 가능한 자(2022년 8월 졸업 예정자 신청 대상 제외)- 재학 중 최대 2개 학기 수학 가능10연세대2. 3.(목)연세대학교수강교과목* 학점교류 협약대학에서학점 교류 안내 공문이 도착하면 해당 대학 자료를 추가로 업데이트 예정입니다.1. 신청방법: 제출서류를 학과 사무실에 제출 / *** 해당대학 추천기한 전날까지 ***(학점교류 과목 이수계획서는 작성 후, 소속 학과 조교에게 확인 후 학과장 서명 받을 것)2. 제출서류(붙임 양식 참조)가. 국내대학 학점교류 신청서 1부.나. 국내대학 학점교류 과목 이수 계획서 1부.3. 유의사항가.교류 대학의 원격(비대면)수업만 수강하는 것을 권장합니다.(코로나19감염 예방을 위한 타지역 이동 및 접촉최소화)나. 교류대학별로 추천기한이 상이하여 접수기간이 다른 점을 유의하시기 바랍니다.다. 붙임 자료의 수학 안내문이 없는 대학의 경우 해당 대학에서 공문이 발송되지 않은 것입니다.(안내문이 없는 대학으로의 학점교류는 접수하는 대로 공지할 예정임)라.이수 계획서에 기재된 과목이 아닌 다른 과목을 신청할 시에는 성적부여가 되지 않습니다.마.편입생 및2022년 8월 졸업예정자(2022-1학기가 마지막 학기인 학생)는 신청 대상에서 제외 됩니다.4. 관련 문의: 학사지원실(063-220-2134) 또는 학과 사무실붙임    1. 학점교류 신청서 및 교류대학 과목 이수계획서 1부.2. 수학대학 안내문 각 1부.",0.050420168,0.016806723,1.357142857,1.289915966,0.050420168,0,1.273109244,0
학사공지,631,"622+재무지원실_학기 재학생(학부, 대학원) 등록안내","2022학년도 2학기 재학생(학부, 대학원) 등록안내",재무지원실,2022-09-08,8808,https://www.jj.ac.kr/jj/community/notice02.do?mode=view&articleNo=190416&article.offset=100&articleLimit=100,"2022학년도2학기 재학생(학부,대학원)등록안내구 분등록등 록 기 간(수납가능시간)고지서 출력비 고일시 납부자재(복)학생(학부,각대학원)최초2022.8.19.(금)∼8.26.(금) (09:00∼16:00)8월17일(수)예정학기개시10일전 등록금수납추가2022.9. 6.(화)∼9. 8.(목) (09:00∼16:00)-최초 고지서로납부 가능-학자금대출:장학재단에 신청 후 등록기간 내 실행하여야 함최종2022.9.26.(월)∼9.28.(수) (09:00∼16:00)분납 신청자신청기간2022.8.17.(수)∼8.18.(목) (09:00∼16:00)온라인신청☞홈페이지☞인스타 등록관리☞분납신청/고지서출력1차 납부2022.8.19.(금)∼8.26.(금) (09:00∼16:00)각 차수납부일분납1차분 등록금 미납 시분할납부 신청이 자동 취소됨2차 납부2022.9.13.(화)∼9.15.(목) (09:00∼16:00)1차 납부 후 다음 차수 등록금미납 시 분할납부 자동 취소됨3차 납부2022.10.11.(화)∼10.13.(목) (09:00∼16:00)4차 납부2022.11.15.(화)∼11.17.(목) (09:00∼16:00)학기 초과생(학부9학기 이상 등록 대상자)신청기간수강신청 정정기간(8.26.(금)~9. 5.(월))까지 수강신청 완료하면 고지서 자동생성(별도 신청절차 없음)9. 6.(화)예정수강신청 학점 당 등록금액:1–3학점(수업료의1/6)4–6학점(수업료의1/3)7–9학점(수업료의1/2)10학점이상(수업료전액)최초2022. 9. 6.(화)∼9. 8.(목) (09:00∼16:00)최종2022. 9. 26.(월)∼9. 28.(수)(09:00∼16:00)※학기 초과생(9학기이상 등록대상)은수강신청 정정기간 이후 등록금 고지서가 자동 생성됨※분할납부를 원하는 학생은 분할납부 신청기간에 반드시 신청완료 해야함※복학생은 복학 수속을 마친 후학교홈페이지인스타(inSTAR)/등록관리에서등록고지서 출력하여 등록기간에 납부☞등록고지서가 개별적으로 발송되지 않으므로,아래와 같이 학교 홈페이지에서 출력하시기 바랍니다.☞등록고지서 및 납부확인서 출력-학교 홈페이지☞인스타(inSTAR)☞장학/등록☞등록관리☞등록금고지서(출력)☞납부확인서(출력)-등록금 납부확인은 해당은행 홈페이지 공과금(등록금☞납부내역조회)에서 확인이 가능하고,등록금 납부확인서는 등록금 납부 다음날(익일)에 출력이 가능합니다.■등록제도1.일시납부:은행창구,인터넷뱅킹(공과금(세금과공과)☞대학등록금☞조회/납부)폰뱅킹을 이용한 가상계좌 이체2.카드납부-우리카드:우리은행창구,우리카드 홈페이지에서 납부(6개월 무이자 할부)-전북은행카드:전북은행 창구에서 납부(2개월 무이자 할부)3.분할납부 신청:학교홈페이지 인스타(inSTAR)☞장학/등록☞등록관리☞분할납부신청/등록4.학자금대출 신청:한국장학재단(www.kosaf.go.kr)에서대출신청☞승인 후☞대출금 지급 실행■등록방법1.수납은행:우리은행,국민은행,전북은행,농협,하나은행 전국 영업점(분납신청자:우리은행 납부)2.은행창구 납부:등록고지서를 지참하여 우리,국민,전북,농협,하나은행 창구에서 등록금 납부3.가상계좌 납부:인터넷뱅킹, ATM기,텔레뱅킹을 이용하여 무통장 입금(해당은행 뱅킹신청자에 한함)4.인터넷뱅킹 납부:납부은행 인터넷뱅킹☞공과금(세금과공과)☞대학등록금☞조회/납부▷우리은행:☎(063) 220-2588 (www.wooribank.com)▷국민은행:☎(063) 236-6316 (www.kbstar.com)▷전북은행:☎(063) 250-7713 (www.jbbank.co.kr)▷농협은행:☎(063) 279-4850 (www.nonghyup.com)▷하나은행:☎(063) 225-1111 (www.kebhana.com)→중국에서 송금시 알리페이 가능*가상계좌의 예금주는 학생 본인입니다.등록금 가상계좌는 학생 개인에게 각각 부여 되었으므로,반드시 본인의 등록고지서에 기재된 가상계좌로 입금하셔야 합니다.-계좌이체 시 학생 본인이 아닌 다른 분이 입금해도(즉,입금자가 달라도)학생 명의로 자동 등록처리 됩니다.-등록금 또는(등록금+기타경비)을 합산하여 입금 시 정확한 등록금액이 아닐 경우,송금에러 발생함.-수납은행 이외의 타 은행 이용 시 송금수수료는 납부자 본인 부담 하셔야 합니다.*등록금은 정해진 기간 내에만 납부 하셔야 하며,정해진 기간 이외의 경우 입금이 불가능 합니다.5.카드 납부-우리카드:우리은행 창구 또는 우리카드 홈페이지에서 납부가능(6개월 무이자 할부)-전북은행카드:전북은행 창구에서만 카드납부 가능(2개월 무이자 할부)6.분할 납부:아래 등록금 분할납부 안내 참조(3~4페이지)7.학자금 대출에 의한 등록 방법(등록기간 내에만 학자금대출이 실행 가능)▷대출신청 및 실행방법:한국장학재단(www.kosaf.go.kr)신청(서류 및 공인인증서 준비)☞승인완료 후☞한국장학재단☞학자금 대출신청현황☞대출금 지급실행☞등록 완료▷학자금 대출 문의:학교홈페이지 공지사항 참조(또는 학생지원실 문의: 220-2167, 2982)8.각종 장학금 수혜로(또는논문신청등)고지서에 납부금액이“0원”일 경우에도반드시 등록 처리를 해야합니다. [인스타(inSTAR)학교등록,수납은행의 납부확인(수납 인),가상계좌 입금의 경우기타경비 납부 중 택1]■등록관련 문의1.등록문의:재무지원실☏063)220-2152~4, 31102.학생지원실☏063)220-2164(국가장학금)☏063)220-2167(교내장학금)☏063)220-2982(국가보훈장학금)☏063)220-2819,2163(학생회비,통학버스)3.한국장학재단:☏1599-2000(국가장학금,정부장학금,학자금 대출)4.복학,재입학,수강신청,기타민원:학생서비스 센터☏063)220-2135~65.총동문회:☏063)220-220-2477(동창회비)6.기숙사 문의:☏063)239-5500~2",0.063514467,0,0.049400141,1.53634439,0.077628793,0,1.084685956,0
학사공지,630,612+교육과정평가센터_22학년도 1학기 강의평가 실시 안내,2022학년도 1학기 강의평가 실시 안내,교육과정평가센터,2022-09-06,1594,https://www.jj.ac.kr/jj/community/notice02.do?mode=view&articleNo=190405&article.offset=100&articleLimit=100,"2022학년도 1학기 강의평가 실시사항을 다음과 같이 안내하오니재학생 여러분께서는 기간 내 참여할 수 있도록 협조하여 주시기 바랍니다.1. 강의평가 기간: 2022. 6. 8.(수) ~ 6. 30.(목)2. 강의평가 방법: inSTAR(인스타) 웹(또는 모바일) 로그인 - 강의평가 팝업 메시지 확인 후 클릭- 강의평가 화면으로 이동 및 강의평가 실시3. 기타 사항:강의평가 기간 강의평가 미응답시,  성적확인 기간 첫째 날 성적 열람이 제한됨.-교육과정평가센터장-",1.917374646,2.147259703,0,0,0,0,1.380976179,0
학사공지,629,630+학사지원실_22학년도 2학기 2차 폐강과목 안내,2022학년도 2학기 2차 폐강과목 안내,학사지원실,2022-08-31,2082,https://www.jj.ac.kr/jj/community/notice02.do?mode=view&articleNo=190424&article.offset=100&articleLimit=100,"2022학년도 2학기 개설 강좌 중 수강인원 미달에 따른 폐강 과목을 다음과 같이 안내하오니해당 과목의 수강신청자는 아래 사항을 참고하여 수강신청을 정정하시기 바랍니다.1. 폐강과목 현황:첨부파일 참조- 폐강과목 수강신청 내역은 수강신청 정정 기간 중 일괄 삭제 예정이오니폐강과목을 수강신청한 재학생의 경우,반드시다른 과목으로정정기간 내 수강신청 변경을 하시기 바랍니다.2. 수강신청 정정기간: 8. 26.(금) 11:00~9. 5.(월) 18:003. 교양과목의 폐강은 수퍼스타칼리지 교양학부에서 별도 공지할 예정입니다.4. 폐강 및 대체 수강 가능 과목 문의- 전공, 교직 등: 각 학과 사무실(담당 조교 선생님께 문의)- 교양강좌: 수퍼스타칼리지 교양학부(063-220-4648, 3097)붙임  2022학년도 2학기 2차 폐강 교과목 현황 1부.  끝.",0.469483568,0,0,0.328638498,0,0,1.492141253,0
학사공지,628,628+학사지원실_스 및 전자출결시스템 반영 기준 안내,2022-2학기 수강신청 정정기간중 사이버캠퍼스 및 전자출결시스템 반영 기준 안내,학사지원실,2022-08-29,1854,https://www.jj.ac.kr/jj/community/notice02.do?mode=view&articleNo=190422&article.offset=100&articleLimit=100,"2022-2학기 수강신청 정정기간중 사이버캠퍼스 및 전자출결시스템 반영 기준 안내수강신청 정정기간중 사이버 캠퍼스 및 전자출결시스템에 정정내용이 반영되는 기준을 안내하오니, 시스템에 적용되지 않은 경우 해당기준을 참고하여 확인하시기 바랍니다.1. 수강정정기간: 2022.8.26.(금) 11:00~ 9.5.(월) 18:002. 시스템별 자료 적용기준(시스템 업데이트 시간)-사이버캠퍼스: 새벽1시, 오후 1시30분 (2회/1일)-전자출결시스템: 새벽1시 (1회/1일)3. 참고: 수강신청을 정정한 시간을 기준으로 위 기준 시간이 지났을경우에 해당 시스템에 적용됨을 참고하시기 바랍니다.예) 8.29.(월) 오전 10시에 수강신청을 정정했을경우사이버캠퍼스에는 8.29.(월) 오후1시30분 이후에 적용됨전자출결시스템에는 8.30.(화) 새벽 1시 이후에 적용됨학 사 지 원 실",0.83650571,0,0,0.83650571,0,0,0.744339812,0
학사공지,627,629+학사지원실_2023년 2월) 조기졸업 신청 안내,2022학년도 전기(2023년 2월) 조기졸업 신청 안내,학사지원실,2022-08-29,1598,https://www.jj.ac.kr/jj/community/notice02.do?mode=view&articleNo=190423&article.offset=100&articleLimit=100,"2022학년도 전기(2023년 2월 졸업) 조기졸업 신청을 다음과 같이안내하오니 대상 학생들은 신청하여 주시기바랍니다.1. 신청기간:2022. 8. 29.(월)~9. 8.(목)2. 신청방법:inSTAR → 학사관리 → 조기졸업 신청3. 신청대상구분신청자격2015학번 이전○ 5학기 이상 수료하고 6학기 등록을 필한 자로서 119학점 이상 취득하고총 평균 평점이 4.0 이상인자2016학번 이후○ 5학기 이상 수료하고 6학기 등록을 필한 자로서 112학점 이상(간호학과는 119학점 이상) 취득하고 총 평균 평점이 4.1 이상인자4. 참고사항가. 조기졸업 요건구분졸업요건2015학번 이전○ 3학년(6학기)이상 등록하고, 총 140학점(건축학과 2013학번 이전160학점)이상을 취득한 자로서, 해당 학과(전공)의 졸업기준을 충족한 자○ 총 평점평균이 4.0이상인 자2016학번 이후○ 3학년(6학기)이상 등록하고, 총 130학점 이상(간호학과 140학점 이상)을취득한 자로서, 해당 학과(전공)의 졸업기준을 충족한 자○ 총 평점평균이 4.1이상인 자나. 조기졸업 탈락 시, 다음 학기 정규등록을 하여야 하며 성적장학금 수혜 대상에서 제외됨다. 조기졸업 신청을 취소하고자 하는 경우는 신청학기 기말고사 시작 전(2022. 12. 9.(금))까지조기졸업 포기 신청서를 작성하여각 단과대학 행정지원실에 제출하여야 하며,이 경우에는 성적장학금 수혜대상에 포함됨라. 조기졸업 이후라도 착오 또는 부정한 방법으로 조기졸업을 하게된 경우에는 조기졸업을취소할 수 있음5. 문의처: 학사지원실(063-220-2083)2022. 8.교 무 처 장",0,0.075093867,2.650969962,1.312969337,0.125156446,0,1.012593867,0
학사공지,626,627+학사지원실_2022-2학기 수업운영 방안 안내,2022-2학기 수업운영 방안 안내,학사지원실,2022-08-29,1939,https://www.jj.ac.kr/jj/community/notice02.do?mode=view&articleNo=190421&article.offset=100&articleLimit=100,"2022-2학기 수업운영 방안 안내2022-2학기 수업을 다음과 같이 운영하오니 적극적으로 협조하여 주시기 바랍니다.1. 수업운영사항가. 기본방향: 전체 강좌는 대면수업을 원칙으로 함나. 비대면 또는 원격 활용 가능 강좌- 원격중심강좌- 원격교육지원센터 승인을 받은 원격활용 강좌(블랜디드, iClass+ 등)2. 협조 안내사항가. 방역수칙 준수 철저1) 모든 강의는 마스크를 착용한 상태에서 진행2) 학생 간 신체접촉등의 교류가 발생하는 학습활동은 자제3) 각 강의실 수업 전후 환기 필수, 방역물품 비치 등 방역관리 철저4) 자가검사 활성화가) 학생생활관 입사 학생은 자가검사키트 활용하여 검사나) 등교 전 전주대학교 앱(APP)-자가문진표 작성, 유증상자 발생자는 가까운 병원에서 검사- 음성 판정 확인 후 등교 가능, 양성인경우 학과사무실 연락나. 비상계획 발동 시 업무연속성계획(BCP)에 의한 수업 운영▪ 비상계획 발동 시 수업 운영 방안 (우리 대학 BCP 발동기준 인원에 따른 비대면 전환기준)* 중대본 발표, 지자체 권고 및 학내 상황에 따라 발동할 수 있음다. 확진자 및 자가격리 조치사항1) 확진 및 자가격리자 발생 시 수업 결손 최소화 방안- 교수자 확진 및 자가격리시: 비대면 수업으로 전환(교수자 상황에 따라 상황 발생한 주차를 포함하여 2주차 휴보강 가능)- 학생 확진 및 자가격리시(60대이상 고령자 or 기저질환자 포함): 교수자의 수업 영상(대면수업 실시간 영상제공 등으로 수업 결손 최소화)2) 백신공결 운영, 확진자 자가격리시 병결 인정(해당 서류는 학과에 문의)교 무 처 장",2.005689001,0,0,0,0.02528445,0,1.6011378,0
학사공지,625,"626+학사지원실_청 안내(RUCK, 원광대, 전북대)","2022-2학기 학점교류 원격 교과목 신청 안내(RUCK, 원광대, 전북대)",학사지원실,2022-08-26,1795,https://www.jj.ac.kr/jj/community/notice02.do?mode=view&articleNo=190420&article.offset=100&articleLimit=100,"2022-2학기 학점교류 원격 교과목 신청 안내2022학년도 2학기 학점교류 원격 개설강좌를 다음과 같이 안내하오니 수강신청 정정기간을 이용하여 수강신청 하도록 하시기 바랍니다.1. 개설 강좌 내역순개설대학교과목명학수번호학점수강인원비고1가톨릭관동대잘 실패하는법20799-01240RUCK2지도와지리학으로읽는제2차세계대전사20809-012403경남대무대화술로푸는취업성공전략20730-013404미국탐방시리즈20795-013405한끼의권리20796-013406계명대결혼, 성과유전20775-013407미디어정치의이해20661-013408재미있는 진로선택-내 인생의 네비게이션20800-013409아주대한국정치의쟁점과과제20560-0134010현대물리의이해20776-0134011울산대행정학길라잡이20748-0134012사례를통해서배우는갈등해결의지혜20801-0134013한남대운동과웰빙20772-0134014긍정마인드와행복20810-0134015호남대질병과건강관리20781-0134016패션과이미지메이킹20802-0134017원광대생활과한의학20785-0135018전북대능력검정한국사따라가기20807-0132019서양고대철학20808-013202. 수강자격: 직전학기 평점평균이 3.0 이상인 재학생3. 수강신청기간: 8. 26.(금) 11:00~9. 5.(월) 18:00- 수강신청 정정 기간 내 전주대학교 인스타(inSTAR)에서 수강신청4. 강의 수강사이트가. 가톨릭가톨릭관동대:https://tlms.cku.ac.kr/나. 경남대:http://cyber.kyungnam.ac.kr다. 계명대:http://ctl.kmu.ac.kr라. 아주대 Bb:https://eclass2.ajou.ac.kr(아주대 포털:https://mportal.ajou.ac.kr/main.do)마. 울산대:https://ulms.ulsan.ac.kr바. 한남대:https://hiclass.hannam.ac.kr사. 호남대:http://ctl.honam.ac.kr아. 원광대:https://waffle.wku.ac.kr자. 전북대:https://www.jblms.ac.kr/5. 시험일정: 추후 공지6. 수강관련 문의 : 원격교육지원센터(063-220-2998)",0.881667059,0.036798528,0.771271475,0.808070003,0.018399264,0.018399264,0.771271475,0
학사공지,624,625+학사지원실_2학기 출석인정(취업사유) 신청 안내,2022학년도 2학기 출석인정(취업사유) 신청 안내,학사지원실,2022-08-24,2565,https://www.jj.ac.kr/jj/community/notice02.do?mode=view&articleNo=190419&article.offset=100&articleLimit=100,"2022-2학기 출석인정(취업사유) 신청 안내1. 신청 대상-신청 학기 졸업예정자로서수강신청 학점을 포함하여 졸업이수 기준을 충족한 학생 중 취업자※ 신청 학기의 수강신청 학점을 포함하여 졸업이수 기준을 충족한 학생(계절학기 이수 예정 학점 포함)2. 신청 기간1) 1차 접수(최초 신청):2022. 8. 29.(월) ~ 9. 8.(목) /개강1~2주차※ 1차 접수기간에 학생 신청 후, 학과(조교)에서 증빙서류 확인 후 접수 함※ 1차 접수기간 이후 취업자는 취업일 기준 2주 이내 신청 요망2) 2차 접수(재직 확인):2022. 11. 21.(월) ~ 11. 28.(월) /학기13주차※ 2차 접수기간에 학생이 2차 서류 업로드 후, 학과(조교)에서 증빙서류 확인 후 2차 접수처리 됨3. 신청 방법 (세부사항 붙임 참조)가. 인스타 로그인 (https://instar.jj.ac.kr접속 → 학번/비밀번호 입력)나. 메뉴: 학사관리 → 왼쪽 메뉴 출석인정 → 출석인정신청(취업사유) 탭 → 신규 클릭하여 신청서 작성4. 출석인정(취업사유) 신청 절차 및 증빙서류: 세부사항 붙임 참조< 취업사유 출석사유 신청자 유의사항 >가. 취업사유 출석인정 신청자는 신청서 제출 즉시 교과목 담당교수에게 알려야 함나.1차 접수 후 매주 금요일 한주간의 출석이 일괄 처리되므로출결관리 앱에서 해당 과목의 출결상황을 확인하여야 함다. 2차(최종) 서류 제출은 13주에 제출하여 최종 출석인정 확인을 받아야 함라.2차접수 기간에 서류를 제출하지 않은 학생의 경우 출석을 하지 않은 기간 모두를 결석으로 처리함마. 중도퇴직자의 경우 퇴직시점까지만 출석이 인정되며, 퇴직 후 바로 학업에 복귀하여야 함바. 취업사유 출석의 인정은 출석과 관련된 사항이며,성적평가는 해당 교과목 담당교수의 평가기준에 따라야 함사. 출석인정사항 입력정보(취업일, 회사변경 등..) 수정 요청시 웹종합정보시스템에서 수정할 수 있음아.원격강좌 및 야간수업은 출석인정(취업사유) 대상 과목이 아니므로 학생이 지속적으로 수강하여야 함(공결처리되지 않음)- 교 무 처 장 -",0.1171875,0.05859375,1.366514009,1.366514009,0.0390625,0.0390625,1.425107759,0
학사공지,623,624+융합학부_로전공 이수 및 변경신청 안내(1차),2022학년도 2학기 연계‧융합‧마이크로전공 이수 및 변경신청 안내(1차),융합학부,2022-08-24,1422,https://www.jj.ac.kr/jj/community/notice02.do?mode=view&articleNo=190418&article.offset=100&articleLimit=100,"2022학년도2학기 연계‧융합‧마이크로전공 이수 및 변경신청(1차)관련 안내합니다.재학생 여러분의 많은 관심과 신청 바랍니다.1. 신청 관련 안내1) 신청자격: 신(편)입학 후 2학기 이상 등록한 자2) 신청기간:8. 29.(월)~9. 11.(일)/ 매 학기 1-2주차, 12-13주차 진행3) 신청절차: inSTAR를 통해 신청 →신청기간이 끝난 후융합교육지원센터의 승인 → 이수 가능(세부적인 신청 방법은 첨부파일 참조)2. 전공 관련 안내1) 전공별 이수 기준구분복수(부)전공총이수학점주전공중복인정 학점융합교과목이수학점ⓐ참여전공이수학점ⓑ선택이수학점ⓐ or ⓑ연계전공복수전공36학점15학점 이내-21학점 이상-융합전공복수전공36학점12학점 이내12학점 이상9학점 이상3학점부전공21학점6학점 이내9학점 이상3학점 이상3학점마이크로전공12학점3학점 이내---2) 전공별 소개:http://www.jj.ac.kr/sc홈페이지의 전공별 안내자료 참고3) 이수 관련 문의: 교육혁신본부 융합교육지원센터(대학본관 228호 / 063.220.2821-4)3. 전공 현황 안내1) 6개 연계전공연계전공공공인재독서‧논술교육벤처창업보육학식품영양학중국비즈니스2) 19개 융합전공융합전공경영법학국민연금국토정보학농생명-ICT대물차량손해사정드론라이프스타일기획보컬퍼포먼스사회적경제스마트시티스마트팜스토리미디어실감미디어일본AI탄소혁신리빙랩AI TechFood R&BD하림산학-3) 15개 마이크로전공마이크로전공기초실감미디어프로그래밍로컬크리에이터와의실감미디어협력프로젝트실무리빙랩디자인리빙랩외식컨설턴트문화적도시재생사회문제해결을위한실감미디어디자인실감게임콘텐츠실감콘텐츠기획Fundamental영어플러스일본어플러스전기자동차전장부품중국어플러스창업컨설턴트AI+식품AI+일본어4. 기타 안내: 이수신청을 하지 않았더라도 관련 교과목의 수강신청이 가능하며,연계‧융합‧마이크로전공 해당 교과목이라면 전공 이수 전에 수강한 교과목도 인정 가능- 수퍼스타칼리지 융합학부 -",0.103412616,0,0.413650465,0.962475993,0.041365047,0,1.594031615,0
학사공지,622,623+학사지원실_22학년도 2학기 1차 폐강과목 안내,2022학년도 2학기 1차 폐강과목 안내,학사지원실,2022-08-18,3178,https://www.jj.ac.kr/jj/community/notice02.do?mode=view&articleNo=190417&article.offset=100&articleLimit=100,"2022학년도 2학기 개설 강좌 중 수강인원 미달에 따른 폐강 과목을 다음과 같이 안내하오니해당 과목의 수강신청자는 아래 사항을 참고하여 수강신청을 정정하시기 바랍니다.1. 폐강과목 현황:첨부파일 참조- 폐강과목 수강신청 내역은 수강신청 정정 기간 중 일괄 삭제 예정이오니폐강과목을 수강신청한 재학생의 경우, 반드시 다른 과목으로 수강신청 변경하시기 바랍니다.2. 수강신청 정정기간: 8. 26.(금) 11:00~9. 5.(월) 18:003. 2차 폐강 일정: 8. 31.(수) 15:00(예정_사정에 따라 변경될 수 있음.)4. 교양과목의 폐강은 수퍼스타칼리지 교양학부에서 별도 공지할 예정입니다.5. 폐강 및 대체 수강 가능 과목 문의- 전공, 교직 등: 각 학과 사무실(담당 조교 선생님께 문의 바랍니다.)- 교양강좌: 수퍼스타칼리지 교양학부(063-220-4648, 3097)붙임 2022학년도 2학기 1차 폐강 교과목 현황 1부. 끝.",0.422832981,0,0,0.295983087,0,0.042283298,1.515764317,0
학사공지,621,646+교육혁신본부 교육과정평가센터_2022-2학기 강의평가 실시 안내,2022-2학기 강의평가 실시 안내,교육혁신본부 교육과정평가센터,2022-08-12,1650,https://www.jj.ac.kr/jj/community/notice02.do?mode=view&articleNo=190441&article.offset=100&articleLimit=100,"2022학년도 2학기 강의평가 실시사항을다음과 같이 안내하오니재학생 여러분께서는기간 내 참여할 수 있도록 협조하여 주시기 바랍니다.1. 강의평가 기간: 2022. 12. 5.(월) ~ 12. 27.(화)2. 강의평가 방법: - inSTAR(인스타) 웹(또는 모바일) 로그인- 강의평가 팝업 메시지 확인 후 클릭- 강의평가 화면으로 이동 및 강의평가 실시3. 기타 사항:강의평가 기간 강의평가 미응답시,  성적확인 기간 첫째날(12.28.수) 성적 열람이 제한됨.교육과정평가센터장",2.097014925,2.320895522,0,0,0,0,1.574626866,0
학사공지,620,634+학사지원실_전과 제도 변경 안내,전과 제도 변경 안내,학사지원실,2022-08-09,3361,https://www.jj.ac.kr/jj/community/notice02.do?mode=view&articleNo=190428&article.offset=100&articleLimit=100,"전과 제도 변경 안내1. 관련 근거:「학칙시행세칙」제9조(전과) (2022. 8. 31. 개정)2. 변경사항가. 미래융합대학과그 외 단과대학 상호 간의 전과는 허가하지 아니한다.→ 미래융합대학에서그 외 단과대학으로의 전과는 허가하지 아니한다.나. 전과는 해당 학년 모집단위별로 입학정원의20%이내에서 허가하되, 다음 각 호는 예외로 한다.→ 전과는 해당 학년 모집단위별로 입학정원의30%이내에서 허가하되, 다음 각 호는 예외로 한다.(미래융합대학 학과로의 전과는 모집단위별로 입학정원의 범위에서 허가한다.)다.  전과 지원자격1) 2학년 전과: 정규 학기를 2학기 이상 이수하고, 33학점 이상 65학점 미만의 학점을 취득한 자→2학년 전과: 정규 학기를 2학기 이상 이수한 자2) 3학년 전과: 정규 학기를 4학기 이상 이수하고, 65학점 이상 98학점 미만의 학점을 취득한 자→3학년 전과: 정규 학기를 4학기 이상 이수한 자3) 4학년 전과: 정규 학기를 6학기 이상 이수하고, 98학점 이상의 학점을 취득한 자→4학년 전과: 정규 학기를 6학기 이상 이수한 자3. 시행일:2022. 9. 1.부터(2023학년도 1학기 전과부터)2022. 9.학사지원실",0,0,0.269814503,0,0.067453626,0,5.101180438,0
학사공지,619,616+학사지원실_ 성적 공개 및 확인(이의신청) 안내,2022학년도 하계 계절학기 성적 공개 및 확인(이의신청) 안내,학사지원실,2022-08-07,1326,https://www.jj.ac.kr/jj/community/notice02.do?mode=view&articleNo=190410&article.offset=100&articleLimit=100,"2022학년도 하계 계절학기 성적 공개 및 확인(이의신청) 안내1. 성적 확인 및 성적 이의신청가. 성적 확인기간:  7.15.(금) 오전 11시 ~ 7. 18.(월) 오후 3시까지※성적확인 기간 중 성적 정정 처리 업데이트 시간(오후 1시~1시30분, 오후 5시~5시30분)에는 성적 확인 불가나. 조회방법:  inSTAR or 전주대 포털 앱 -> 학사관리 -> 학기별 성적 조회다.이의신청:  inSTAR  -> 학사관리 -> '성적이의신청’을 통해서만 이의신청 가능2. 참고사항가. (중간, 기말, 과제 등) 성적평가 영역별 상세 성적을 조회 가능나.합리적 사유가 없는 이의신청(장학금 및 재수강 등 개인적 사정 등에 호소)은 이의신청 사유에 해당되지 않으며,해당 내용으로 성적이의신청 시청탁금지법에 위배되며 근거 자료로 남을 수 있으니 유의하시기 바랍니다.다.2022학년도 하계 계절학기 성적을 포함한 성적증명서 발급은 7월 19일(화) 오전 11시 이후 발급 가능하오니 참조하시기 바랍니다.",0,1.4669967,0,1.150165017,0.03960396,0,1.031353135,0
학사공지,618,610+학사지원실_2022학년도 2학기 재입학 안내,2022학년도 2학기 재입학 안내,학사지원실,2022-08-06,1650,https://www.jj.ac.kr/jj/community/notice02.do?mode=view&articleNo=190403&article.offset=200&articleLimit=100,"2022학년도2학기 재입학 전형에 대해 다음과 같이 안내합니다.1.신청대상:자퇴,휴학만기,미등록 등의 사유로 제적된 자2.제외대상(학칙 제13조 의거)가.퇴학 등 징계처분으로 제적된 자나.제적 후1학기 이상 경과하지 않은 자예) 2022년3월 제적(2022-1학기 제적자)→재입학 불가2022년2월 제적(2021-2학기 제적자)→재입학 가능3.선발인원: 272명(정원 내 244명,정원 외28명)※모집단위 별 모집인원은 재입학 모집요강 참조4.전형방법 및 선발기준:신청자 수가 재입학 여석을 초과할 경우 선발 우선순위가.총 취득학점이 많은 자나.총 성적 평점평균이 높은 자5.제출방법가.제출서류:재입학원서1부(해당 게시글 첨부파일에서 다운로드 가능)나.제출기간:2022. 7. 11.(월)~8. 4.(목) 12:00다.제출처:학사지원실(스타센터234호)6.전형일정구 분일 시(기 간)비 고신청서 접수2022. 7. 11.(월)~8. 4.(목) 12:00접수처(학사지원실)수강신청2022. 8. 9.(화)~8. 11.(목)재입학 탈락 및 미등록 시 수강 취소합격자 발표2022. 8. 16.(화) 15:00개별 통보합격자 등록기간2022. 8. 17.(수)~8. 18.(목) 16:007.유의사항가.제적 당시 학년 및 전공으로 재입학하는 것을 원칙으로 하며 제적 당시 학과(전공)가 구조조정 등으로폐지된 경우동일 계열의 유사학과(전공)으로 선택하여 입학할 수 있음나.합격 후 등록기간 내에 등록하지 않으면 재입학 승인을 취소함8.문의처:학사지원실(☎063-220-2083)2022. 6.교 무 처 장",0.025542784,0.025542784,0.025542784,0.280970626,0.178799489,0.025542784,1.757746858,0
학사공지,617,611+학사지원실_수업 폐강과목 및 수강신청 정정 안내,2022학년도 하계 계절수업 폐강과목 및 수강신청 정정 안내,학사지원실,2022-08-06,2075,https://www.jj.ac.kr/jj/community/notice02.do?mode=view&articleNo=190404&article.offset=100&articleLimit=100,"2022학년도 하계 계절수업 폐강과목을 다음과 같이 공고하오니폐강과목 수강 신청자는 아래 사항을 참고하여 수강신청 정정하여 주시기 바랍니다.1. 폐강 과목: 총 21개 과목(붙임 파일 참조)2. 폐강과목 수강신청 정정기간: 6. 9.(목) 11:00부터 ~ 18:00까지※ 수강신청 정정기간 이후 수강신청 정정 불가3. 유의사항가. 폐강과목 수강 신청자에 한해 수강과목 정정 신청 가능함나. 폐강과목 수강 신청 정정 방법: 인스타-수강신청-수강과목 정정(변경) 신청다. 수강신청 정정 기간 내 폐강 과목 미변경 시 수강신청 포기로 간주함- 정정기간 폐강과목을 수강 정정하지 않는 경우 일괄 수강 취소 처리 함4. 폐강과목 관련 문의가. 교양과목: 교양학부(063-220-4648, 3097, 2008, 2603)나. 기타과목: 학사지원실(063-220-2134)교 무 처 장",2.133369477,0,0,1.435348333,0.046082949,0,1.066684738,0
학사공지,616,601+학사지원실_정 안내(개교기념 휴무일 추가 안내),2022학년도 1학기 대체보강일 지정 안내(개교기념 휴무일 추가 안내),학사지원실,2022-08-03,9302,https://www.jj.ac.kr/jj/community/notice02.do?mode=view&articleNo=190394&article.offset=200&articleLimit=100,2022학년도 1학기 대체보강일 지정 안내2022학년도 1학기 대체보강일을 다음과 같이 안내하오니 참고하시기 바랍니다.1. 대체보강일 지정 사유가. 고등교육법 시행령 제14조에 의거 학점 당 매학기 15시간 이상 수업 실시나. 휴무일(공휴일 등)에 실시되는 수업에 대해서는 대체보강일을 지정하여 수업 운영2. 휴무일 관련 보강주간가.보강주간: 2022. 4. 27.(수)~5. 3.(화)나. 보강주간 지정일순대체 보강일휴무일비 고12022. 4. 27.(수)2022. 3. 9.(수) 대통령선거일법정공휴일22022. 4. 28.(목)2022. 5. 5.(목) 어린이날법정공휴일32022. 4. 29.(금)2022. 5. 6.(금) 개교기념 휴무일휴무일(추가)42022. 5. 2.(월)2022. 6. 6.(월) 현충일법정공휴일52022. 5. 3.(화)2022. 6. 1.(수) 지방선거일법정공휴일다. 기말시험주간: 2022. 6. 15.(수)~6. 21.(화)교 무 처 장,1.198979592,0.040816327,0.040816327,0,0,0.163265306,1.581632653,0
학사공지,615,588+사회봉사센터_활동 교과목 수강신청 일정 변경 안내,2022학년도 1학기 사회봉사활동 교과목 수강신청 일정 변경 안내,사회봉사센터,2022-08-02,3367,https://www.jj.ac.kr/jj/community/notice02.do?mode=view&articleNo=190381&article.offset=200&articleLimit=100,<2022학년도1학기 사회봉사활동 교과목 수강신청 일정 변경 안내>2022학년도1학기 사회봉사활동 교과목 운영 방법 협의 지연으로 수강신청 일정을 변경하오니 참고하시기 바랍니다.1.수강 신청 대상: 2~4학년재학생2.수강 신청 기간(학년 구분 있음)◦4학년 이상: 2022. 2. 9.(수)→2022. 2. 21.(월) 11:00~◦3학년 이상: 2022. 2. 10.(목)→2022. 2. 22.(화) 11:00~◦2학년 이상: 2022. 2. 11.(금)→2022. 2. 23.(수) 11:00~17:00,1.902323376,0,0,1.091512565,0,0.951161688,1.832147937,0
학사공지,614,620+학사지원실_021학년도 후기 졸업사정 결과 확인,2021학년도 후기 졸업사정 결과 확인,학사지원실,2022-07-26,1705,https://www.jj.ac.kr/jj/community/notice02.do?mode=view&articleNo=190414&article.offset=100&articleLimit=100,"2021학년도 후기(2022년 8월 졸업) 졸업대상자의 최종졸업사정 결과를 다음과 같이 안내하오니 졸업대상자는 결과를 확인하시기 바랍니다.1. 졸업사정 결과 확인 방법: 인스타(inSTAR) - 학사관리 - 졸업예정자 졸업사정확인2. 확인 및 이의신청가. 기간: 2022. 7. 27.(수) 16:00 ~ 7. 28.(목) 12:00나. 이의신청내용: 복수전공, 부전공, 교직 누락여부, 학사학위취득유예 여부3. 졸업사정 안내사항가. 불합격(탈락자)의 경우 상세내역을 확인하시기 바랍니다.나. 학사학위취득유예 신청자 중 졸업을 희망하는 자는 '학사학위취득유예 포기신청서'를 8. 26.(금)까지 제출하시기 바랍니다.4. 문의사항 : 학사지원실(063-220-2083)2022. 7.교 무 처 장",0,0,1.980602945,0.205655527,0.102827763,0,0.205655527,0
학사공지,613,619+실감미디어혁신공유대학_ 2학기 학점교류 실시 및 신청 안내,[실감미디어혁신공유대학사업단] 2022학년도 2학기 학점교류 실시 및 신청 안내,실감미디어혁신공유대학,2022-07-25,1454,https://www.jj.ac.kr/jj/community/notice02.do?mode=view&articleNo=190413&article.offset=100&articleLimit=100,"실감미디어혁신공유대학 간 학점교류 협정에 의거하여 2022학년도 2학기 학점교류 학생을다음과 같이 접수하오니 관심 있는 재학생들의 많은 신청 바랍니다.순교류대학추천기한수학안내문(대학명 클릭)신청자격1건국대2022. 8. 10.(수)건국대학교추천자 명단- 타대학 학점교류이수 후, 1학기 이상 본교 등록이 가능한 자(2023년 2월 졸업예정자신청 대상 제외)- 본교와 학술교류 협정을 체결한 대학 학생으로서 소속 대학교 총장의 추천을 받은 학생2경희대2022. 7. 22.(금)경희대학교신청자 명단신청 매뉴얼통합ID 등록 매뉴얼3계명대2022. 8. 4.(목)계명대학교추천자 명단4계원예술대2022. 8.16.(화)계원예술대학교신청자 명단5배재대2022.8.12.(금)배재대학교개설교과목추천자 명단6중앙대2022. 7. 26.(화)중앙대학교신청자 명단개인정보 동의서* 학점교류 협약대학에서학점 교류 안내 공문이 도착하면 해당 대학 자료를 추가로 업데이트 예정입니다.1. 신청방법: 제출서류를 학과 사무실에 제출 / *** 해당대학 추천기한 전날까지 ***(학점교류 과목 이수계획서는 작성 후, 소속 학과 조교에게 확인 후 학과장 서명 받을 것)2. 제출서류(붙임 양식 참조)가. 국내대학 학점교류 신청서 1부.나. 국내대학 학점교류 과목 이수 계획서 1부.3. 유의사항가. 교류대학별로 추천기한이 상이하여 접수기간이 다른 점을 유의하시기 바랍니다.나. 붙임 자료의 수학 안내문이 없는 대학의 경우 해당 대학에서 공문이 발송되지 않은 것입니다.(안내문이 없는 대학으로의 학점교류는 접수하는 대로 공지할 예정임)라. 이수 계획서에 기재된 과목이 아닌 다른 과목을 신청할 시에는 성적부여가 되지 않습니다.마.편입생 및2023년 2월 졸업예정자(2022-2학기가 마지막 학기인 학생)는 신청 대상에서 제외 됩니다.4. 관련 문의: 실감미디어혁신공유대학사업단(063-220-2988)붙임   1. 학점교류 신청서 및 교류대학 과목 이수계획서 1부.2. 수학대학 안내문 각 1부.",0.02020202,0.02020202,0.909090909,0.96969697,0.04040404,0,0.909090909,0
학사공지,612,618+학사지원실_.9.(화))부터 전체 수강신청실시),2022학년도 2학기 수강신청 안내 (홀짝구분없이 첫날(8.9.(화))부터 전체 수강신청실시),학사지원실,2022-07-20,16523,https://www.jj.ac.kr/jj/community/notice02.do?mode=view&articleNo=190412&article.offset=100&articleLimit=100,"2022학년도 2학기 수강신청 기간을 다음과 같이 안내하오니재학생 여러분께서는 일정을 참고하여 수강신청하여 주시기 바랍니다.1.수강바구니 기간: 2022. 7. 26.(화) 11:00~7. 28.(목) 17:00※ 수강바구니 기간 수강바구니 담기는 inSTAR(https://instar.jj.ac.kr)에서 가능합니다.( 인스타 로그인 - 수강신청 - 수강바구니)※ 수강바구니 기간 타학년/타학과 과목을 바구니에 담은 경우수강신청기간 수강신청 시 학년을 '전체'로 설정하고 조회해야 해당 과목이 조회되고 수강신청 가능합니다.※ 수강바구니 기간에는 '한국지역대학연합(RUCK) 과목'은 수강바구니 담기가 되지 않습니다.※ 수강바구니 기간에는 '학과학년제한'이 설정된 과목은 수강바구니 담기가 되지 않습니다.※ 수강바구니 이후 사정에 따라 '학과학년제한'이 되어 수강신청 기간에 신청하지 못하는 경우가 발생할 수 있습니다.이 경우 '학과학년제한'이 해제된 후 신청하여 주시기 바랍니다.2. 장애 및 국제학생 수강신청 기간: 2022. 8. 2.(화) 11:00∼8. 4.(목) 17:00※ 수강신청 웹페이지 주소:https://sugang.jj.ac.kr-수강신청 시 웹 브라우저를 구글 크롬(Chrome) 또는 마이크로소프트 엣지(Edge)로 접속 권장3.재학생 수강신청 기간:  2022. 8. 9.(화) 11:00~8. 11.(목) 17:00※수강신청 기간동안 홀짝 구분없이 전체 재학생 전체 수강신청 실시※ 수강신청 웹페이지 주소:https://sugang.jj.ac.kr-수강신청 시 웹 브라우저를 구글 크롬(Chrome) 또는 마이크로소프트 엣지(Edge)로 접속 권장※ 수강신청 방법 안내: 수강신청 안내 동영상(https://bit.ly/3xTZlVr) 참조 ('Youtube'에서 '전주대학교 수강신청'으로 검색)※ 수강신청 홈페이지 접속 지원 프로그램(넷퍼넬-다중접속제어솔루션) 운영으로접속대기자가 많을 경우 접속대기 메세지(붙임-예시 화면 참조)가 표시될수 있음※ 수강바구니 기간 타학년/타학과 과목을 수강바구니에 담은 경우수강신청 시 학년을 '전체'로 설정하고 조회해야 해당 과목이 조회되고 수강신청 가능합니다.※ 수강신청 기간에는 한국지역대학연합(RUCK)과목은 수강신청이 되지 않습니다.4. 폐강과목 게시 및 안내-  1차: 8. 18.(목) 15:00-  2차: 8. 31.(수) 15:00※ 본교 홈페이지 공지사항(학사) 게시 및 안내 예정※ 폐강과목 수강 학생에게 개인별 안내 및 공지 없음※ 교양교과목은 별도 공지 예정5. 수강신청 정정기간(폐강과목 수강신청자 포함): 2022. 8. 26.(금) 11:00∼9. 5.(월) 18:00※ 수강신청 정정 기간 수강신청 정정은 inSTAR(https://instar.jj.ac.kr)에서 가능합니다.( 인스타 로그인 - 수강신청 - 수강신청)6. 한국지역대학연합(RUCK) 강좌 수강신청:2022. 8. 26.(금) 11:00∼9. 5.(월) 18:00※ 직전학기 평점평균 3.0 이상인 경우 수강신청 가능(개설 강좌는 붙임파일 참조)※ RUCK 강좌 수강신청은 inSTAR(https://instar.jj.ac.kr)에서 가능합니다.( 인스타 로그인 - 수강신청 - 수강신청)7. 수강취소 기간: 2022. 9. 6.(화) 11:00∼9. 13.(화) 18:00까지※ 수강신청 취소 기간 수강취소 신청은 inSTAR(https://instar.jj.ac.kr)에서 가능합니다.( 인스타 로그인 - 학사관리 - 수강신청내역/수강취소        ***수강신청 메뉴와 다름***)※ 수강신청 취소는 최대 6학점(6학점을 초과하여 수강취소 불가능) 범위 내에서 가능합니다.8. 개설 교과목 수업계획서(시간표) 확인: 2022. 7. 19.(화) 부터※ 인스타 로그인 -> 학사관리 -> 수업계획서(개설강좌) 조회 -> 학과선택 -> 조회(수업계획서 및 수업 시간표는 수강신청 편람 아닌 인스타에서 확인 가능하며, 학과 사정에 따라 개강 전 수업 시간표가 변동될 수 있습니다.)9. 학과학년제한 해제: 2022. 8. 26.(금) 11:00- 해제영역: 외국어, 인성, 의사소통, 소프트웨어, 채플, 기독교, 교직과목 및 일부 학과의 기초, 전공필수, 전공 선택 과목※ 핵심교양 및 자유교양, 학과 지정 일부 과목은 학과학년제한 해제에서 제외될 수 있음10. 기타 주의사항 안내※ 2023년 2월 졸업을 희망하는(2학기가 마지막 이수 학기) 재학생 께서는 졸업이수요건 필수과목(논문, 전공필수, 교양필수 과목 등)을 미이수한 경우,기간 내 반드시 수강신청하여 주시기 바랍니다.11.문의전화- 교양과목(수퍼스타칼리지 교양학부): 220-3097(핵심,자유교양), 2008(외국어),2009(인성),2603(소프트웨어,의사소통)- 교직과목(사범대학 교육학과): 220-2346- 채플&기독교과목(선교지원실): 220-2423, 2737,3149- 수강신청시스템 및 기타문의(학사지원실): 220-2134, 2083, 2417붙 임 1. 2022-2학기 수강신청FAQ자료1부.2. 수강신청 접속 대기화면 자료 1부.3. 교양학점 확인 방법 안내 자료 1부.4. 2022-2학기 한국지역대학연합(RUCK) 및 원광대학교 개설강좌 안내 1부.  끝.",1.588908611,0,0.046457607,1.488250462,0.023228804,0.015485869,0.697667624,0
학사공지,611,617+인공지능공유대학_ 2학기 학점교류 실시 및 신청 안내,[인공지능혁신공유대학사업단] 2022학년도 2학기 학점교류 실시 및 신청 안내,인공지능공유대학,2022-07-13,1297,https://www.jj.ac.kr/jj/community/notice02.do?mode=view&articleNo=190411&article.offset=100&articleLimit=100,"인공지능혁신공유대학 간 학점교류 협정에 의거하여2022학년도 2학기 학점교류 학생을다음과 같이 접수하오니 관심 있는 재학생들의 많은 신청 바랍니다.순교류대학추천기한수학 안내문(대학명 클릭)신청자격1전남대8. 30.(화)전남대학교추천자 명단포털 가입 매뉴얼-타대학 학점교류이수 후, 1학기 이상 본교 등록이 가능한 자(2023년 2월 졸업 예정자 신청 대상 제외)- 본교와 학술교류 협정을 체결한 대학 학생으로서 소속 대학교 총장의 추천을 받은 학생2성균관대8. 10.(수)성균관대학교추천자 명단3서울시립대8. 24.(수)서울시립대학교학점교류 안내수강신청 매뉴얼추천자 명단4서울과학기술대7. 27.(수)서울과학기술대학교추천자 명단5경북대7. 22.(금)경북대학교추천자 명단학생증 발급안내6영진전문대미실시* 학점교류 협약대학에서학점 교류 안내 공문이 도착하면 해당 대학 자료를 추가로 업데이트 예정입니다.1. 신청방법: 제출서류를 학과 사무실에 제출 /***해당대학 추천기한 전날까지***(학점교류 과목 이수계획서는 작성 후, 소속 학과 조교에게 확인 후 학과장 서명 받을 것)2. 제출서류(붙임 양식 참조)가. 국내대학 학점교류 신청서 1부.나. 국내대학 학점교류 과목 이수 계획서 1부.3. 유의사항가. 교류대학별로 추천기한이 상이하여 접수기간이 다른 점을 유의하시기 바랍니다.나. 붙임 자료의 수학 안내문이 없는 대학의 경우 해당 대학에서 공문이 발송되지 않은 것입니다.(안내문이 없는 대학으로의 학점교류는 접수하는 대로 공지할 예정임)라.이수 계획서에 기재된 과목이 아닌 다른 과목을 신청할 시에는 성적부여가 되지 않습니다.마.편입생 및2023년 2월 졸업예정자(2022-2학기가 마지막 학기인 학생)는 신청 대상에서 제외 됩니다.4. 관련 문의: 인공지능혁신공유대학사업단(063-220-4704)붙임   1. 학점교류 신청서 및 교류대학 과목 이수계획서 1부.2. 수학대학 안내문 각 1부.",0.021052632,0.021052632,0.955502392,0.913397129,0.042105263,0,1.700478469,0
학사공지,610,609+학사지원실_ 2학기 학사학위취득 유예 신청 안내,2022학년도 2학기 학사학위취득 유예 신청 안내,학사지원실,2022-07-06,1498,https://www.jj.ac.kr/jj/community/notice02.do?mode=view&articleNo=190402&article.offset=200&articleLimit=100,2022학년도 2학기 학사학위취득 유예(구.졸업연장)신청에 대해 다음과 같이 안내하오니 참고하시기 바랍니다.1.신청대상:  2022학년도 전기 졸업대상자(2022년8월)중 학칙이 정한 졸업 요건을 전부 갖춘 학생2.방법 및 기간구 분방 법기 간비 고학사학위 취득 유예 신청inSTAR → 학사관리→ 학사학위취득 유예 신청2022. 7. 11.(월)~7. 21.(목)※ 졸업사정 종료 후 최종 승인여부를인스타 또는 학과에확인 필수학사학위 취득 유예 포기 신청단과대학에 포기 신청서 제출(접수)2022. 8. 1.(월)~8. 26.(금)3.학사학위취득 유예구분 및 등록종 류목적등 록비 고교과목 재수강교과목 재이수를 통한성적 향상계절학기 수강료 기준:학점당8만원자기개발순수 자기개발진로지도세미나1학점수강신청 처리별도 등록 없음4.주의사항(필독)가.학사학위취득 유예는 학기 단위로 최대2회까지 신청 가능나.신청제외:조기졸업 신청자 및 외국인 유학생은 신청 불가다.학사학위취득유예기간 중 휴학 불가라.신청자가졸업사정에서 불합격한 경우 그 신청은 당연 취소됨6.문의:각 학과 사무실2022. 6.교 무 처 장,0.107142857,0.035714286,1.642857143,1.642857143,0.035714286,0,1.214285714,0
학사공지,609,"587+재무지원실_기 재학생(학부, 대학원) 등록 안내","2022학년도 1학기 재학생(학부, 대학원) 등록 안내",재무지원실,2022-07-02,8256,https://www.jj.ac.kr/jj/community/notice02.do?mode=view&articleNo=190380&article.offset=200&articleLimit=100,"2022학년도1학기 재학생(학부,대학원)등록안내구 분등록등 록 기 간(수납가능시간)고지서 출력비 고일시 납부자재(복)학생(학부,각대학원)최초2022.2.21.(월)∼2.25.(금) (09:00∼16:00)2월16일(수)예정학기개시10일전 등록금수납추가2022.3.8.(화)∼3.11.(금) (09:00∼16:00)최초 고지서로납부 가능학자금대출 신청마감4월14일(목)대출실행:등록기간 내 실행최종2022.3.23.(수)∼3.25.(금) (09:00∼16:00)분납 신청자(학부생)신청기간2022.2.16.(수)∼2.18.(금) (09:00∼16:00)온라인신청☞홈페이지☞인스타 등록관리☞분납신청/고지서출력1차 납부2022.2.21.(월)∼2.25.(금) (09:00∼16:00)각 차수납부일분납1차분 등록금 미납 시분할납부 신청이 자동 취소됨2차 납부2022.3.15.(화)∼3.17.(목) (09:00∼16:00)1차 납부 후 다음 차수 등록금미납 시 분할납부 자동 취소됨3차 납부2022.4.12.(화)∼4.14.(목) (09:00∼16:00)4차 납부2022.5.11.(수)∼5.13.(금) (09:00∼16:00)학기 초과생(학부9학기 이상 등록 대상자)신청기간수강신청 정정기간(2.28.금~3. 8.월)까지 수강신청 완료하면 고지서 자동생성(별도 신청절차 없음)3. 10.(목)예정수강신청 학점 당 등록금액:1–3학점(수업료의1/6)4–6학점(수업료의1/3)7–9학점(수업료의1/2)10학점이상(수업료전액)최초2022.3.10.(목)∼3. 11.(금) (09:00∼16:00)최종2022.3.23.(수)∼3. 25.(금) (09:00∼16:00)※학기 초과생(9학기이상 등록대상)은수강신청 정정기간 이후 등록금 고지서가 자동 생성됨※분할납부를 원하는 학생은 분할납부 신청기간에 반드시 신청완료 해야함※복학생은 복학 수속을 마친 후학교홈페이지인스타(inSTAR)/등록관리에서등록고지서 출력하여 등록기간에 납부☞등록고지서가 개별적으로 발송되지 않으므로,아래와 같이 학교 홈페이지에서 출력하시기 바랍니다.☞등록고지서 및 납부확인서 출력1. PC-등록금 고지서:학교 홈페이지☞인스타(inSTAR)☞장학/등록☞등록관리☞등록금고지서(출력)-납부확인서:학교 홈페이지☞인스타(inSTAR)☞장학/등록☞등록관리☞등록금 납부내역☞납부확인서(출력)2.모바일-등록금 고지서 및 납부 확인:전주대학교App☞장학/등록☞등록금고지서 또는 등록금 납부내역※등록금 납부확인은 해당은행 홈페이지 공과금(등록금☞납부내역조회)에서 확인이 가능하고,등록금납부확인서는 등록금 납부 다음날(익일)에 출력이 가능합니다.■등록제도1.일시납부:은행창구,인터넷뱅킹(공과금(세금과공과)☞대학등록금☞조회/납부)폰뱅킹을 이용한 가상계좌 이체2.카드납부-우리카드:우리은행창구,우리카드 홈페이지에서 납부(6개월 무이자 할부)-전북은행카드:전북은행 창구에서 납부(2개월 무이자 할부)3.분할납부 신청:학교홈페이지 인스타(inSTAR)☞장학/등록☞등록관리☞분할납부신청/등록4.학자금대출 신청:한국장학재단(www.kosaf.go.kr)에서대출신청☞승인 후☞대출금 지급 실행■등록방법1.수납은행:우리은행,국민은행,전북은행,농협,하나은행 전국 영업점(분납신청자:우리은행 납부)2.은행창구 납부:등록고지서를 지참하여 우리,국민,전북,농협,하나은행 창구에서 등록금 납부3.가상계좌 납부:인터넷뱅킹, ATM기,텔레뱅킹을 이용하여 무통장 입금(해당은행 뱅킹신청자에 한함)4.인터넷뱅킹 납부:납부은행 인터넷뱅킹☞공과금(세금과공과)☞대학등록금☞조회/납부▷우리은행:☎(063) 227-0257 (www.wooribank.com)▷국민은행:☎(063) 236-6316 (www.kbstar.com)▷전북은행:☎(063) 250-7713 (www.jbbank.co.kr)▷농협은행:☎(063) 279-4850 (www.nonghyup.com)▷하나은행:☎(063) 225-1111 (www.kebhana.com)→중국에서 송금시 알리페이 가능*가상계좌의 예금주는 학생 본인입니다.등록금 가상계좌는 학생 개인에게 각각 부여 되었으므로,반드시 본인의 등록고지서에 기재된 가상계좌로 입금하셔야 합니다.-계좌이체 시 학생 본인이 아닌 다른 분이 입금해도(즉,입금자가 달라도)학생 명의로 자동 등록처리 됩니다.-등록금 또는(등록금+기타경비)을 합산하여 입금 시 정확한 등록금액이 아닐 경우,송금에러 발생함.-수납은행 이외의 타 은행 이용 시 송금수수료는 납부자 본인 부담 하셔야 합니다.*등록금은 정해진 기간 내에만 납부 하셔야 하며,정해진 기간 이외의 경우 입금이 불가능 합니다.5.카드 납부-우리카드:우리은행 창구 또는 우리카드 홈페이지에서 납부가능(6개월 무이자 할부)-전북은행카드:전북은행 창구에서만 카드납부 가능(2개월 무이자 할부)6.분할 납부:아래 등록금 분할납부 안내 참조P3~47.학자금 대출에 의한 등록 방법(등록기간 내에만 학자금대출이 실행 가능)▷대출신청 및 실행방법:한국장학재단(www.kosaf.go.kr)신청(서류 및 공인인증서 준비)☞승인완료 후☞한국장학재단☞학자금 대출신청현황☞대출금 지급실행☞등록 완료▷학자금 대출 문의:학교홈페이지 공지사항 참조(또는 학생지원실 문의: 220-2167, 2982)8.각종 장학금 수혜로(또는논문신청등)고지서에 납부금액이“0원”일 경우에도반드시 등록 처리를 해야합니다. [인스타(inSTAR)학교등록,수납은행의 납부확인(수납 인),가상계좌 입금의 경우기타경비 납부 중 택1]■등록관련 문의1.등록문의:재무지원실☏063)220-2152~4, 31102.학생지원실☏063)220-2164(국가장학금) /☏063)220-2167(교내장학금) /☏063)220-2982(국가보훈장학금)☏063)220-2819,2163(학생회비,통학버스)3.한국장학재단:☏1599-2000(국가장학금,정부장학금,학자금 대출)4.복학,재입학,수강신청,기타민원:학생서비스 센터☏063)220-2135~65.총동문회:☏063)220-220-2477(동창회비)6.기숙사 문의:☏063)239-5500~2",0.061182869,0,0.047586676,1.538782044,0.074779062,0,1.05611719,0
학사공지,608,614+학사지원실_공개 및 확인(이의 신청) 기간 안내,2022학년도 1학기 성적 공개 및 확인(이의 신청) 기간 안내,학사지원실,2022-06-27,5030,https://www.jj.ac.kr/jj/community/notice02.do?mode=view&articleNo=190408&article.offset=100&articleLimit=100,"2022학년도 1학기 성적 공개 및 확인(이의신청) 안내[7.2.(토) 08:00 ~  15:00]※ 교내 전체 정전작업으로 인한 시스템 사용 불가: 해당 시간대에 이의신청을 비롯한 모든 시스템이 사용 불가함]1. 성적 확인 및 성적 이의신청가. 성적 확인기간:  7.1.(금) 오전 11시 ~ 7. 7.(목) 오후 3시까지※강의평가 미응답한 경우, 7. 2.(토)부터 성적 확인 가능함※성적확인 기간 중 성적 정정 처리 업데이트 시간(오후 1시~1시30분, 오후 5시~5시30분)에는 성적 확인 불가나. 조회방법:  inSTAR or 전주대 포털 앱 -> 학사관리 -> 학기별 성적 조회다.이의신청:  inSTAR  -> 학사관리 -> '성적이의신청’을 통해서만 이의신청 가능2. 참고사항가. (중간, 기말, 과제 등) 성적평가 영역별 상세 성적을 조회 가능나.합리적 사유가 없는 이의신청(장학금 및 재수강 등 개인적 사정 등에 호소)은 이의신청 사유에 해당되지 않으며,해당 내용으로 성적이의신청 시청탁금지법에 위배되며 근거 자료로 남을 수 있으니 유의하시기 바랍니다.다.2022-1학기 성적을 포함한 성적증명서 발급은 7월 8일(금) 오전 11시 이후 발급 가능하오니 참조하시기 바랍니다.교 무 처 장",0.032310178,1.414916532,0,1.124124933,0.032310178,0,0.994884222,0
학사공지,607,642+학사지원실_ 수정 안내 (전과 신청 방법 변경),2023학년도 1학기 전과 수정 안내 (전과 신청 방법 변경),학사지원실,2022-06-12,3453,https://www.jj.ac.kr/jj/community/notice02.do?mode=view&articleNo=190437&article.offset=100&articleLimit=100,"2023학년도 1학기 전과 안내1. 신청자격가. 일반학과◦ 2학년: 정규학기를 2회 이상이수한 자◦ 3학년: 정규학기를 4회 이상이수한 자◦ 4학년: 정규학기를 6회 이상 이수한 자나. 사범대학 및 보건계열◦ 2학년: 정규학기를 2회 이상이수한 자다. 미래융합대학◦ 2학년: 정규학기를 2회 이상이수한 자 + (전입학기 개시일 기준) 만 30세 이상 또는 특성화고(실업계) 졸업 후 3년 이상 재직자◦ 3학년: 정규학기를 4회 이상이수한 자 +(전입학기 개시일 기준) 만 30세 이상 또는 특성화고(실업계) 졸업 후 3년 이상 재직자◦ 4학년: 정규학기를 6회 이상 이수한 자 +(전입학기 개시일 기준) 만 30세 이상 또는 특성화고(실업계) 졸업 후 3년 이상 재직자2. 전과 허용 범위◦ 학칙이 허용하는 범위 내에서 2학년 이상에 대하여 실시*전과는 재학생만 신청 가능(휴학생은 복학 후에 신청하여야 함)* 편입생은 4학년 전과 신청 가능3. 추진일정구 분일 자(기간)내 용신청서 접수2022. 12. 12.(월) ∼ 12. 29.(목) 15:00(시간 엄수)학생포털서비스(inSTAR) > 학사관리 >전과신청 메뉴에서 신청※ 전과신청서 작성 후 스캔하여 업로드(사진 촬영 X)면접, 필기, 실기전형2023. 1. 4.(수)해당 학과(전공)별 고사장에서 실시합격자 발표2023. 1. 18.(수)개별통보등 록추후공지합격자 등록금 납부(전입 학과 기준)※ 지정기간 내 미등록 시 전과 합격이 취소됨4. 제출서류 및 접수처◦ 신청서 접수:학생포털서비스(inSTAR) > 학사관리 > 전과신청◦ 제출서류:전과신청서1부-학생포털서비스(inSTAR) > 학사관리 > 전과신청에서 다운로드 가능※전과신청서 작성 후 학과사무실 등에서 스캔 후 업로드5. 유의사항◦ 추후 안내를 위해 신청서에 본인의 연락처를 정확히 기재◦전과는 신청자별로 1개의 모집단위에 한하여 신청하되 전과 횟수는 제한하지 않음.◦전과는 매 학기 시행하되 사범대학 및 보건계열학과(간호학과, 물리치료학과, 방사선학과, 보건관리학과, 작업치료학과)의 전과는1학기에만 모집함.◦ 미래융합대학에서 그 외 단과대학으로의 전과는 불가함◦ 장학금 포기: 전과할 경우 장학규정 제6조에 의거, 2022학년도 2학기 성적장학금 혜택을 받지 못함.◦ 전과 합격자는 지정된 등록기간 내에 전입학과 기준으로 등록금을 납부하여야 하며, 지정 기간 내 등록금 미납부시 합격이 취소됨.(이 경우 2022학년도 2학기 성적장학금을 수혜받지 못 함).◦ 교직이수자가 전과할 경우 교직이수가 취소됨.◦ 전과포기: 전과를 허가받은 학생이 전과를 취소하고자 하는 경우에는 전과를 허가받은 후 첫 학기 시작일 전까지 전과포기신청서를교무처장에게 제출하여야함.◦전과를 한 학생은 전입한 학과의 교육과정 이수기준에 따른 교과목을 이수하고 졸업기준을 충족하여야 한다. 따라서 전과를한 학생은 졸업학점 취득을 위하여 초과 학기를 등록할 수도 있음.◦전과 이전 학과에서 이수한 교과목은 전과한 학과의 교과목으로 인정하지 않음.다만, 전입학과에서 운영하는 교과목과 동일하거나유사한 교과목으로 인정받은 경우, 전과 한 학과에서 이수한 것으로 인정 할 수 있음.※문의사항◦ 필기, 실기, 면접전형/교과과정 문의: 각 학과 사무실◦ 신청방법/일정 문의: 063-220-2083, 2135, 2136붙 임 1. 2023학년도 1학기 전과 모집요강 1부.2. 전과신청 매뉴얼(학생용) 1부.  끝.교 무 처 장",0.059241706,0.023696682,0.071090047,1.188896412,0.118483412,0.023696682,1.856465809,0
학사공지,606,645+학사지원실_년도 1학기 복학 및 휴학 신청 안내,2023학년도 1학기 복학 및 휴학 신청 안내,학사지원실,2022-06-12,7188,https://www.jj.ac.kr/jj/community/notice02.do?mode=view&articleNo=190440&article.offset=100&articleLimit=100,"2023학년도 1학기 복학 및 휴학 신청 안내1복학 신청1.복학 신청 주요사항 안내구 분내 용대 상■ 일반휴학 및 군휴학 후, 휴학기간 만료(예정)인 자 (2023-1학기 복학예정자)■ 휴학기간이 남아있으나 조기 복학을 희망하는 자신청 기간■2022. 12. 19.(월)~2023. 4. 8.(토), 개강 후 5주 이내※ 수강바구니(2023. 1. 25.(수)~1.27.(금))전 복학 권장신청 방법■ inSTAR(인스타) 홈페이지 학사관리 메뉴에서 직접 신청 (인스타 입력 방법 붙임 참고)처리 절차■ 인스타 로그인 → 학사관리 메뉴 → 복학신청 →신청 즉시 복학 처리됨증빙 서류■ 일반휴학 후 복학자: 증빙서류 없음■군휴학 후 복학자: 전역증 또는 전역 확인 증명서(①~③ 중 1부)를 온라인으로 첨부① 병적증명서(병무청 발급)② 복무확인서(부대/근무처 발급)③ 병역사항 기재된 초본(주민센터 발급)※ 군 전역일 전 수강신청을 위해 우선 복학 신청하여도 무방함(증명서 추후 학과에 제출)2.복학자 수강신청 안내구 분내 용신청기간■ 수강바구니 신청 기간: 2023. 1. 25.(수) ~ 1. 27.(금)■ 수강신청 기간: 2023. 2. 8.(수) ~ 2. 10.(금)■ 수강신청 정정 기간: 2022. 3. 3.(금) ~ 3. 11.(토)※ 수강신청 기간 후에 복학하는 경우: 복학 신청 후 인스타에서 수강신청 가능함(세부사항 학과 사무실 문의)수강신청방법■ 인스타 로그인 → 학사관리 메뉴 → 수강신청※ 복학 신청이 완료되어야 수강바구니 기간에 수강 희망과목 담기 가능기타사항■ 수강신청 기간에 홀,짝수 구분 없이 동시 진행함!(2021-2학기부터 적용됨)■복학 예정자의 경우 가급적 수강바구니 전일(2023. 1. 24.화)까지 복학 신청을 완료하여 수강바구니를 통해 수강 희망과목을 수강할 수 있도록 준비하여 주시기 바랍니다.3. 등록금 납부[1] 등록금 고지서 출력: 인스타로그인 → 수강신청 메뉴 → 등록금 고지서- 등록금 납부기간 공지 전(2월)복학한 경우:등록금고지서가 아직 조회되지 않음(2월 말 재확인 바람)- 등록금 납부기간 공지 후 복학한 경우 : 복학 즉시 등록금 고지서 조회 및 출력, 납부 가능[2] 등록금 납부기간 내 가상계좌로 납부-납부 기간 : 2023. 2월 말 경(일정변경 가능, 추후 홈페이지 확인 요망)[3] 안내사항-휴학 전에 등록금을 미리 납부한 경우에는 복학학기 등록금 납부 대상이 아님(휴학 전 납부한 등록금이 이월되어 복학 후 첫 학기 등록금으로 자동 처리)2휴학 신청1. 일반휴학 신청 주요사항 안내가.일반 휴학구 분내 용대 상(휴학사유)■ 질병: 4주 이상 출석할 수 없는 자 (4주 이상 치료 진단서)■ 창업: 창업 또는 기존사업체를 경영하려는 자(사업자등록증 또는 법인등기부등본 사본)■ 임신·출산·육아: 임신, 출산, 육아로 인한 휴학이 필요한 자(진단서, 가족관계 증명서)■ 기타 사유: 자기개발, 가계곤란, 천재지변, 돌발사고, 장애학생 등(증빙서류 없음)휴학 기간■ 1년 단위(2학기) 휴학 신청 (※ 1년 휴학 신청하였어도, 6개월 뒤 복학 신청 가능함)신청 기간2022. 12. 19.(월) ~2023. 4. 8.(토), 개강 5주차(수업일수 1/3)까지접수 방법■ inSTAR(인스타) 홈페이지에서 휴학신청 입력 후 학과사무실 방문 접수 (인스타 입력방법 붙임 참고)※인스타로그인 (학사관리 메뉴)→ 휴학신청 입력 → 신청서 출력→ 학과 사무실 방문(CA 및 지도교수 또는 학과장 상담) 제출※ 인스타입력은 상시 가능,신청서 제출은 접수기간만 가능(긴급한 경우 학과 상담 요망, 미래융합대학만 토요일접수가능)주의사항■신·편입생 및 재입학생의 입학 첫 학기는 휴학 불가(단, 병역, 질병, 임신출산육아 제외)■휴학 가능 학기 소진 시 일반휴학신청 불가(단, 병역,창업,임신출산육아,특별휴학기간은 미산입)※ 일반휴학가능 학기 수: 신입학생 8개 학기(건축학과 10개 학기), 재입학 및 3학년 편입생 4개 학기, 4학년 편입생 2개 학기접수 기간1차2022. 12. 19.(월) ~ 12. 23.(금) 1주간등록금 미납자는5차까지만신청 가능2차2023. 1. 9.(월) ~ 1. 20.(금) 2주간3차2023. 2. 13.(월) ~ 2. 24.(금) 2주간4차2023. 3. 6.(월) ~ 3. 17.(금) 2주간5차2023. 3. 27.(월) ~4. 8.(토), 개강 5주 차6차2023. 4. 17.(월) ~4. 22.(토), 개강 7주 차등록금 납부자만 가능나. 병역(군입대)휴학구 분내 용대 상■ 군입대 예정인 자 ■ 군복무 연장 예정인 자신청기간■ 군입대 전.군입대일 1주일 전부터만 신청 가능함(입영일이 확정되지 않은 경우 일반휴학신청 후 군휴학으로 변경)신청방법■inSTAR(인스타) 홈페이지에서 군휴학 신청 후 학과사무실 방문 접수(인스타 입력방법 붙임 참고)처리절차■ 인스타 로그인 → 학사관리 메뉴 → 군휴학신청서 작성 → 신청서 출력→ 학과 사무실 방문(CA 및 지도교수 또는 학과장 상담) 및 제출→ 접수완료증빙서류■ 병역의무 이행 증빙서류 1부.(입영통지서, 사회복무요원 소집 통지서 등)2.휴학 변경 안내가. 일반휴학 → 군휴학 변경구 분내 용대 상■ 일반휴학 후 군입대 사유로 군휴학으로 변경하려는 자신청기간■ 군입대 전(군 입대일 1주일 전부터만 신청 가능함)신청방법■inSTAR(인스타) 홈페이지에서먼저 복학신청후군휴학을신규로 신청처리절차■ 인스타로그인 →학사관리 메뉴:복학신청(→즉시 복학처리 완료됨)→인스타재로그인→학사관리 메뉴:휴학신청→군휴학신청서작성 → 신청서 출력→ 학과 사무실 방문(CA 및 지도교수 또는 학과장 상담)및 제출 →접수완료증빙서류■ 병역의무 이행 증빙서류 1부(입영통지서, 사회복무요원 소집 통지서 등)주의사항■ 군휴학으로변경하지 않고 입대한 경우 해당학기 일반휴학으로처리됨※ 이미입대하여 본인이 신청할 수 없는 경우,가족의 대리 신청 가능(학과 사무실 문의)나. 군휴학 → 일반휴학 변경구 분내 용대 상 자■ 전역 후, 복학 예정학기에 복학하지 않고 일반 휴학을 신청하려는 자신청기간■ 전역 후, 복학 예정학기 개강일 전까지신청방법■inSTAR(인스타) 홈페이지에서먼저 복학신청후일반휴학을신규로 신청※ 인스타입력은 상시 가능,신청서 제출은 접수기간만 가능처리절차■ 인스타로그인 →학사관리 메뉴:복학신청(→즉시 복학처리 완료됨)→인스타재로그인→학사관리 메뉴:휴학신청→일반휴학신청작성 → 신청서 출력→ 학과 사무실 방문(CA 및 지도교수 또는 학과장 상담)및 제출 →접수완료증빙서류■군휴학후 복학 시 전역증또는 전역 확인 증명(①~③ 중 1부)를 온라인으로첨부※ 증명 유형: ① 병적증명서(병무청 발급) ② 복무확인서(부대/근무처 발급)③ 병역사항(전역일)이 기재된 초본(주민센터/온라인 발급 가능)※ 군 전역일 전 수강신청을 위해 우선 복학 신청하여도 무방함(증명서 추후 학과에 제출)주의사항■ 인스타에서 먼저 복학신청을 처리해야 신규 일반휴학신청이 가능함■ 일반 휴학의 경우 신입생의 경우 최대 8개 학기(4년)까지만일반휴학신청이 가능함(3학년 편입생의 경우 최대 4개 학기까지 휴학 신청 가능함)3.휴학 연장 안내구 분내 용대 상■ 일반휴학(1년 단위) 기간 만료 후, 휴학을 연장하려는 자■ 병역의무 만료 복학 예정자 중 일반휴학을 신청하려는 자신청기간■ 휴학 만료 학기 수업종료일부터 복학 학기 개시 이전까지(복학 학기 수업일수 1/3 이내에 휴학 연장 신청 가능함)신청방법■inSTAR(인스타) 홈페이지에서먼저 복학신청후일반휴학을신규로 신청※ 인스타입력은 상시 가능,신청서 제출은 접수기간만 가능(접수기간은 “1. 일반유학 신청 안내”참고)처리절차■ 인스타로그인 →학사관리 메뉴:복학신청(→즉시 복학처리 완료됨)→인스타재로그인→학사관리 메뉴:휴학신청→일반휴학신청작성 → 신청서 출력→ 학과 사무실 방문(CA 및 지도교수 또는 학과장 상담)및 제출 →접수완료주의사항■ 인스타에서 먼저 복학신청을 처리해야 신규 일반휴학신청이 가능함(인스타복학신청 입력 시 즉시 처리됨, 복학신청서는 학과 제출 불필요)■ 일반 휴학의 경우 신입생의 경우 최대 8개 학기(4년)까지만일반휴학신청이 가능함(3학년 편입생의 경우 최대 4개 학기까지 휴학 신청 가능함)3기타 사항1.개인정보 수정 안내가. 대상자: 개인정보(주소, 핸드폰 연락처 등)가 변경된 재학생 및 휴학생나. 수정방법: 인스타 → 개인정보 수정 클릭 → 개인정보 수정 후 저장다. 유의사항- 학사 관련 업무 발생 시 연락할 수 있도록 개인정보를 업데이트하여야 합니다.- 학부모 알리비 서비스 이용 희망시 학부모 휴대폰을 등록(수정)할 수 있습니다.( 학부모알리미 서비스 페이지:https://instar.jj.ac.kr/?mode=jjpa)2.관련 문의: 담당자(☎063-220-2136, 2417), 학과사무실 연락처(별도 파일 참조)3.온라인 휴복학 상담 문의: 카카오톡에서 “전주대휴복학도우미”검색하여 채널 추가교무처 학사지원실",0.064029271,0,0.004573519,4.463139193,0.054882232,0.045735193,1.446551391,0
학사공지,605,644+융합학부_합‧마이크로전공 포기 신청 기간 안내,[융합학부] 2022학년도 연계‧융합‧마이크로전공 포기 신청 기간 안내,융합학부,2022-06-12,1133,https://www.jj.ac.kr/jj/community/notice02.do?mode=view&articleNo=190439&article.offset=100&articleLimit=100,"연계‧융합‧마이크로전공 이수 학생들에게 포기신청 관련 안내합니다.1. 대상: 연계‧융합‧마이크로전공 이수포기를 희망하는 학생2. 기간:12. 6.(화)~12.(월)3. 방법: inSTAR 로그인 - 학사관리 - 연계‧융합‧마이크로전공 신청 - 포기신청 클릭(*이수하고 있는 전공 옆에 포기신청 탭이 활성화 되어있음) - 신청 사유 작성신청사유 작성 시,  신청을 해야하는 이유에 대하여 상세하게 작성해주세요.신중하게 고민하시고, 포기신청을 해주시기 바랍니다.문의사항: 융합교육지원센터(☎ 063-220-2821~4)",0,0,0,1.303633218,0.069204152,0,0.888408304,0
학사공지,604,643+학사지원실_절수업 출석인정(취업사유) 신청 안내,2022학년도 동계 계절수업 출석인정(취업사유) 신청 안내,학사지원실,2022-06-12,958,https://www.jj.ac.kr/jj/community/notice02.do?mode=view&articleNo=190438&article.offset=100&articleLimit=100,"2022학년도 동계 계절수업 출석인정(취업사유) 신청 안내1. 접수기간:2022. 12. 26.(월) ~ 12. 30.(금)2. 대상자: 2022학년도 전기(2023년 2월) 졸업예정자 중 취업자※ 동계 계절수업 이수학점을 포함하여 졸업기준을 충족한 경우 포함3. 신청 방법:학생포털서비스(inSTAR)를 통한 온라인 신청※ 신청방법 및 제출서류는 2학기와 동일(관련 게시물 바로가기)4. 유의사항가. inSTAR 등록 후 출석인정요청서를 출력하여 교과목 담당교수님께 확인을득한 후, 행정실에 제출해야 신청이 완료되므로 착오 없으시기 바람나. 원격 및 야간강좌는 출석인정(취업사유) 대상 과목이 아님※원격 및 야간강좌는 정상 수강해야 함교 무 처 장",1.183816184,0,1.238761239,1.238761239,0,0,1.128871129,0
학사공지,603,632+학사지원실_2학년도 2학기 대체보강일 지정 안내,2022학년도 2학기 대체보강일 지정 안내,학사지원실,2022-06-09,2827,https://www.jj.ac.kr/jj/community/notice02.do?mode=view&articleNo=190426&article.offset=100&articleLimit=100,2022학년도 2학기 대체보강일 지정 안내2022학년도 2학기 대체보강일을 다음과 같이 안내하오니 참고하시기 바랍니다.1. 대체보강일 지정 사유가. 고등교육법 시행령 제14조에 의거 학점 당 매학기 15시간 이상 수업 실시나. 휴무일(공휴일 등)에 실시되는 수업에 대해서는 대체보강일을 지정하여 수업 운영2. 휴무일 관련 보강주간가.보강주간: 2022. 10. 24.(월)~10. 29.(토)나. 보강주간 지정일순대체보강일휴무일비 고12022. 10. 24.(월)2022. 9. 12.(월)추석 대체 공휴일22022. 10. 25.(화)2022. 10. 03.(월)개천절32022. 10. 26.(수)2022. 10. 10.(월)한글날 대체 공휴일42022. 10. 27.(목)--52022. 10. 28.(금)2022. 9. 9.(금)추석62022. 10. 29.(토)2022. 9. 10.(토)추석다. 기말시험주간: 2022. 12. 12.(월)~12. 17.(토)교 무 처 장,1.69534413,0.04048583,0.04048583,0,0,0.16194332,1.33097166,0
학사공지,602,633+학시지원실_ 모바일 출결관리 앱 이용 방법 안내,2022학년도 2학기 모바일 출결관리 앱 이용 방법 안내,학시지원실,2022-06-09,1134,https://www.jj.ac.kr/jj/community/notice02.do?mode=view&articleNo=190427&article.offset=100&articleLimit=100,2022학년도 2학기 모바일 출결관리 앱 이용 방법 안내2022학년도 2학기모바일 출결관리 앱 이용 방법을 안내하오니전자출결 출석 준비에 참고하시기 바랍니다.① 출결관리 앱 설치※ 설치방법 : 전주대학교 포털 앱 ≫ 다운로드센터 ≫ 전주대 출결관리(iOS 또는 AndroidOS 중에 선택)② 출결관리 앱에서 과목별로 출석 준비- 수업 유형에 따른 출석 준비(매뉴얼 대면강의 및 온라인 강의 별 출석 방법 참고)- 과목별 당일의 수업방식 확인 방법:앱 로그인 ≫ 중앙의 오늘의수업 아이콘 클릭(붙임-2. p.26 참조)붙임  전주대학교 모바일출결 앱 학생 사용 설명서 1부.,0.310559006,0,0,0,0,0,2.37189441,0
학사공지,601,631+학사지원실_K-MOOC 변경사항 안내,K-MOOC 변경사항 안내,학사지원실,2022-06-09,2563,https://www.jj.ac.kr/jj/community/notice02.do?mode=view&articleNo=190425&article.offset=100&articleLimit=100,"K-MOOC 변경사항 안내1. 관련 근거:「학칙시행세칙」제17조(학점인정 등)제5항 (2022.9.1. 개정)2. 변경사항가.특별학점인정 교과목 → 학점인정 교과목으로 변경나. 수강제한 학점 미포함→신청학기 수강제한 학점에 포함다.신청학점: 3학점(우리 대학 K-MOOC신청시 최대 5학점)→학기당 3학점/최대 9학점3. K-MOOC 교과목 인정 방법가.K-MOOC 교과목 인정 이수기간: 2022.7.1. ~ 2학기 종강전(2022.12.17.(토)) 까지 이수한 교과목에 한함.나.K-MOOC 교과목은 수강제한 학점에 포함되므로 신청학생의 2022-2학기 수강제한학점을 고려하여수강취소 기간(2022.9.6.(화)~9.13.(화))에 신청 할K-MOOC 교과목 학점만큼 확보(최대 3학점 확보)예시) 2022-2학기 수강제한 학점이 18학점인 학생의 경우1) 15학점 수강신청을 한 경우 수강취소 불필요2)18학점 수강신청하였으며, K-MOOC 교과목(1과목당 1학점)을 2개 교과목 신청예정인 경우수강신청을 16학점으로 2학점 수강취소 필요다.K-MOOC 학점인정 신청기간: 2022.11.28.(월)~12.23.(금)라.K-MOOC 교과목 신청방법: 추후 별도 공지마.K-MOOC 신청 교과목 성적확인방법: 2022-2학기 성적확인기간에 2022-2학기 성적내역에서 확인4. 시행일: 2022. 9. 1.부터(2022학년도 2학기 신청부터)",0.400572246,0.08583691,0.629470672,0.371959943,0,0.028612303,4.143061516,0
학사공지,600,615+학사지원실_점교류 실시 및 신청 안내(일반대학),2022학년도 2학기 학점교류 실시 및 신청 안내(일반대학),학사지원실,2022-06-07,1567,https://www.jj.ac.kr/jj/community/notice02.do?mode=view&articleNo=190409&article.offset=100&articleLimit=100,"국내 대학 간 학점교류 협정에 의거하여2022학년도 2학기 학점교류 학생을다음과 같이 접수하오니 관심 있는 재학생들의 많은 신청 바랍니다.순교류대학추천기한수학 안내문(대학명 클릭)신청자격1전북대7. 22.(금)전북대학교- 2학년 이상인 자- 2학기 이상 수료한 자- 직전 학기까지 총 평점평균 3.0이상인 자- 타대학 학점교류이수 후, 1학기 이상 본교 등록이 가능한 자(2023년 2월 졸업 예정자 신청 대상 제외)- 재학 중 최대 4개 학기 수학 가능2제주대7. 22.(금)제주대학교3울산대7. 22.(금)울산대학교4경남대7. 26.(화)경남대학교추천자 명단5계명대8. 3.(수)계명대학교6군산대8. 1.(월)군산대학교7한남대8. 11.(목)한남대학교8아주대8. 1.(월)아주대학교추천서·이수계획서아주Bb 사용법9호남대10고려대7. 25.(월)고려대학교도서관이용증 발급 안내온라인등록 안내- 3학년 이상인 자- 4학기(70학점) 이상 수료한 자- 직전 학기까지 총 평점평균 3.0이상인 자- 타대학 학점교류이수 후, 1학기 이상 본교 등록이 가능한 자(2023년 2월 졸업 예정자 신청 대상 제외)- 재학 중 최대 2개 학기 수학 가능11연세대8. 4.(목)연세대학교교과목 안내* 학점교류 협약대학에서학점 교류 안내 공문이 도착하면 해당 대학 자료를 추가로 업데이트 예정입니다.1. 신청방법: 제출서류를 학과 사무실에 제출 /***해당대학 추천기한 전날까지***(학점교류 과목 이수계획서는 작성 후, 소속 학과 조교에게 확인 후 학과장 서명 받을 것)2. 제출서류(붙임 양식 참조)가. 국내대학 학점교류 신청서 1부.나. 국내대학 학점교류 과목 이수 계획서 1부.3. 유의사항가. 교류대학별로 추천기한이 상이하여 접수기간이 다른 점을 유의하시기 바랍니다.나. 붙임 자료의 수학 안내문이 없는 대학의 경우 해당 대학에서 공문이 발송되지 않은 것입니다.(안내문이 없는 대학으로의 학점교류는 접수하는 대로 공지할 예정임)라.이수 계획서에 기재된 과목이 아닌 다른 과목을 신청할 시에는 성적부여가 되지 않습니다.마.편입생 및2023년 2월 졸업예정자(2022-2학기가 마지막 학기인 학생)는 신청 대상에서 제외 됩니다.4. 관련 문의: 학사지원실(063-220-2134) 또는 학과 사무실붙임   1. 학점교류 신청서 및 교류대학 과목 이수계획서 1부.2. 수학대학 안내문 각 1부.",0.017167382,0.017167382,1.174198435,1.105528907,0.051502146,0,1.139863671,0
학사공지,599,608+학사지원실_022학년도 하계 계절수업 운영 안내,2022학년도 하계 계절수업 운영 안내,학사지원실,2022-05-27,5282,https://www.jj.ac.kr/jj/community/notice02.do?mode=view&articleNo=190401&article.offset=200&articleLimit=100,"2022학년도 하계 계절수업을 다음과 같이 운영하고자 하오니관심있는 재학생들의 많은 신청바랍니다.1.계절수업 운영 일정구 분기 간비 고수강신청05.31.(화)11:00∼06.03.(금)17:00폐강과목 공고06.08.(수) 15:00본교 홈페이지 학사게시판 공고폐강과목수강신청 정정기간06.09.(목) 11:00∼18:00폐강과목 수강 신청자만수강신청 정정 가능수업료납부(등록기간)06.14.(화)∼06.16.(목)고지서 출력(6. 13.(월)오후7시 부터 가능)우리은행 영업시간 내 납부가능수강취소6. 15.(수) 11:00 ~ 6.28.(화)17:00-미등록 시 수강신청내역은 일괄 취소처리함-등록 후,수강취소시 환불기준에 의거 환불 조치함-수강취소 방법: inSTAR로그인-학사관리-수강신청내역/취소-수강신청리스트에서 수강취소 과목 선택 후 저장계절수업 기간06.22.(수)∼07.12.(화)-원격중심수업은 온라인으로 진행-기말시험 수업시간표 시간에 대면시험 참석하여야 함성적 확인 기간07.15.(금)∼07.18.(월)*등록금 고지서(납부확인서)출력: inSTAR-장학/등록-등록관리-등록금 고지서/납부확인서(출력)2.수강신청 학점:최대6학점 이내(2015학번 이전 최대9학점 이내)*수강신청방법:인스타(inSTAR)로그인-수강신청-수강신청 메뉴에서 수강 희망과목 선택 및 저장*원격중심 수업:최대3학점 이내(야간교육과정 재학생 최대6학점 이내)*원격중심 수업은 출석인정(취업사유)을 제출한 학생인 경우도 사이버캠퍼스에서 수업을 정상수강해야 함(취업사유로 인한 출석인정 해당사항 없음)3.수업방식가.대면수업 원칙으로 진행(단,원격중심수업은 온라인으로 진행)나.기말시험은 대면평가를 원칙으로 함(단,원격중심수업은 관련 규정에 의거 비대면 시험도 가능함)다.계절수업 수강생은 수업 방식 및 수업 시간표를 사전에 확인하여 수업 참석 요망4.평가(성적산출)방법:상대평가(2022-1학기와 동일)5.수업료: 1학점 당80,000원6.개설과목:붙임 자료 참조7.등록금 환불기준사유 발생 시기반환 금액비고개강 전전액 환불개강 후 수업일 수1/3이내(2022.6.28.화 까지)납입금2/3반환개강 후 수업일 수2/3이내(2022.7.5.화 까지)납입금1/3반환개강 후 수업일 수2/3초과(2022.07.06.수 부터)반환하지 않음수강취소 불가8.유의사항가.등록일자 엄수 요망: 6월16일(목)까지 등록금을 납부하지 않은 자의 수강신청 내역은 무효 처리함나.2022-1학기에 기 수강한 과목과 동일과목을 수강한 경우 해당 수강 내역은 수강취소처리 함다.채플 과목은8학기 이상 이수자(건축학과10학기 이상)중,채플미이수한 재학생만 수강신청 가능함라.수강신청 정정신청은 최초 수강신청 후,폐강과목을 수강신청 한 재학생에 한하여 가능함마.사회봉사 과목 수강신청 방법:inSTAR로그인-학사관리-사회봉사 교과목-교과목 신청(※자세한 사항:사회봉사센터 홈페이지 수강신청 관련 게시물 참조)9.계절수업 관련 문의처가.교양과목:수퍼스타칼리지 교양학부220-4648, 3097나.융합전공:수퍼스타칼리지 융합학부220-2821, 2823다.채플:선교지원실220-2423라.수업료 납부 및 환불:재무지원실220-3110마.원격강좌 수업:원격교육지원센터220-2805바.사회봉사 과목 수강 신청 및 취소:사회봉사센터220-4697사.계절수업 수강신청 및 취소:학사지원실220-2134붙임2022학년도 하계 계절수업 개설 교과목 현황1부.끝.",1.956404591,0.106698281,0.094842916,0.39122703,0.047421458,0.082987552,1.470334645,0
학사공지,598,606+실감미디어공유대학_계절학기 학점교류 실시 및 신청 안내,[실감미디어혁신공유대학사업단] 2022학년도 하계 계절학기 학점교류 실시 및 신청 안내,실감미디어공유대학,2022-05-25,956,https://www.jj.ac.kr/jj/community/notice02.do?mode=view&articleNo=190399&article.offset=200&articleLimit=100,"실감미디어혁신공유대학 간 학점교류 협정에 의거하여2022학년도 하계 계절학기 학점교류 학생을다음과 같이 접수하오니 관심 있는 재학생들의 많은 신청 바랍니다.순교류대학추천기한수학 안내문(대학명 클릭)신청자격1건국대미실시-타대학 학점교류이수 후, 1학기 이상 본교 등록이 가능한 자(2022년 8월 졸업 예정자 신청 대상 제외)- 본교와 학술교류 협정을 체결한 대학 학생으로서 소속 대학교 총장의 추천을 받은 학생2경희대5. 26 (목)경희대학교신청자 명단신청 매뉴얼통합ID 등록3계명대5. 24 (화)계명대학교추천자 명단4계원예술대6. 7(화)계원예술대학교신청자 명단5배재대6. 3(금)배재대학교개설교과목추천자 명단신청서6중앙대미실시* 학점교류 협약대학에서학점 교류 안내 공문이 도착하면 해당 대학 자료를 추가로 업데이트 예정입니다.1. 신청방법: 제출서류를 학과 사무실에 제출 /***해당대학 추천기한 전날까지***(학점교류 과목 이수계획서는 작성 후, 소속 학과 조교에게 확인 후 학과장 서명 받을 것)2. 제출서류(붙임 양식 참조)가. 국내대학 학점교류 신청서 1부.나. 국내대학 학점교류 과목 이수 계획서 1부.3. 유의사항가. 교류대학별로 추천기한이 상이하여 접수기간이 다른 점을 유의하시기 바랍니다.나. 붙임 자료의 수학 안내문이 없는 대학의 경우 해당 대학에서 공문이 발송되지 않은 것입니다.(안내문이 없는 대학으로의 학점교류는 접수하는 대로 공지할 예정임)라.이수 계획서에 기재된 과목이 아닌 다른 과목을 신청할 시에는 성적부여가 되지 않습니다.마.편입생 및2022년8월 졸업예정자(2022-1학기가 마지막 학기인 학생)는 신청 대상에서 제외 됩니다.4. 관련 문의: 실감미디어혁신공유대학사업단(063-220-2988)붙임   1. 학점교류 신청서 및 교류대학 과목 이수계획서 1부.2. 수학대학 안내문 각 1부.",0.021953897,0.021953897,0.87569166,0.94155335,0.06586169,0,0.87569166,0
학사공지,597,607+인공지능공유대학_계절학기 학점교류 실시 및 신청 안내,[인공지능혁신공유대학사업단] 2022학년도 하계 계절학기 학점교류 실시 및 신청 안내,인공지능공유대학,2022-05-25,934,https://www.jj.ac.kr/jj/community/notice02.do?mode=view&articleNo=190400&article.offset=200&articleLimit=100,"인공지능혁신공유대학 간 학점교류 협정에 의거하여2022학년도 하계 계절학기 학점교류 학생을다음과 같이 접수하오니 관심 있는 재학생들의 많은 신청 바랍니다.순교류대학추천기한수학 안내문(대학명 클릭)신청자격1전남대미실시-타대학 학점교류이수 후, 1학기 이상 본교 등록이 가능한 자(2022년 8월 졸업 예정자 신청 대상 제외)- 본교와 학술교류 협정을 체결한 대학 학생으로서 소속 대학교 총장의 추천을 받은 학생2성균관대6. 22 (수)성균관대학교수업계획서추천자명단3서울시립대5. 17 (화)서울시립대학교수업계획서개설교과목수강신청 매뉴얼추천자 명단4서울과학기술대미실시5경북대미실시6영진전문대미실시* 학점교류 협약대학에서학점 교류 안내 공문이 도착하면 해당 대학 자료를 추가로 업데이트 예정입니다.1. 신청방법: 제출서류를 학과 사무실에 제출 /***해당대학 추천기한 전날까지***(학점교류 과목 이수계획서는 작성 후, 소속 학과 조교에게 확인 후 학과장 서명 받을 것)2. 제출서류(붙임 양식 참조)가. 국내대학 학점교류 신청서 1부.나. 국내대학 학점교류 과목 이수 계획서 1부.3. 유의사항가. 교류대학별로 추천기한이 상이하여 접수기간이 다른 점을 유의하시기 바랍니다.나. 붙임 자료의 수학 안내문이 없는 대학의 경우 해당 대학에서 공문이 발송되지 않은 것입니다.(안내문이 없는 대학으로의 학점교류는 접수하는 대로 공지할 예정임)라.이수 계획서에 기재된 과목이 아닌 다른 과목을 신청할 시에는 성적부여가 되지 않습니다.마.편입생 및2022년8월 졸업예정자(2022-1학기가 마지막 학기인 학생)는 신청 대상에서 제외 됩니다.4. 관련 문의: 인공지능혁신공유대학사업단(063-220-4704)붙임   1. 학점교류 신청서 및 교류대학 과목 이수계획서 1부.2. 수학대학 안내문 각 1부.",0.09009009,0.022522523,0.89527027,0.872747748,0.045045045,0,1.565315315,0
학사공지,596,605+융합학부_합‧마이크로전공 이수신청 안내(2차),[Superstar College 융합학부] 2022학년도 1학기 연계‧융합‧마이크로전공 이수신청 안내(2차),융합학부,2022-05-23,1185,https://www.jj.ac.kr/jj/community/notice02.do?mode=view&articleNo=190398&article.offset=200&articleLimit=100,"2022학년도1학기 연계‧융합‧마이크로전공 이수신청(2차)관련 안내합니다.재학생 여러분의 많은 관심과 신청 바랍니다.1.신청 관련 안내1)신청자격:신(편)입학 후2학기 이상 등록한 자2)신청기간:5. 25.(수)~6. 7.(화)/매 학기1-2주차, 12-13주차 진행3)신청절차: inSTAR를 통해 신청→신청기간이 끝난 후융합교육지원센터의 승인→이수 가능(세부적인 신청 방법은 첨부파일 참조)2.전공 관련 안내1)전공별 이수 기준구분복수(부)전공총이수학점주전공중복인정 학점융합교과목이수학점ⓐ참여전공이수학점ⓑ선택이수학점ⓐorⓑ연계전공복수전공36학점15학점 이내-21학점 이상-융합전공복수전공36학점12학점 이내12학점 이상9학점 이상3학점부전공21학점6학점 이내9학점 이상3학점 이상3학점마이크로전공12학점3학점 이내---2)전공별 소개:http://www.jj.ac.kr/sc홈페이지의 전공별 안내자료 참고3)이수 관련 문의:교육혁신본부 융합교육지원센터(대학본관228호/ 063.220.2821-4)3.전공 현황 안내1) 5개 연계전공연계전공독서‧논술교육벤처창업보육학식품영양학중국비즈니스-2) 17개 융합전공융합전공경영법학국토정보학농생명-ICT대물차량손해사정드론라이프스타일기획보컬퍼포먼스사회적경제스마트시티스마트팜스토리미디어실감미디어일본AI탄소혁신리빙랩AI TechFood R&BD---3) 11개 마이크로전공마이크로전공기초실감미디어프로그래밍로컬크리에이터와의실감미디어협력프로젝트실무리빙랩디자인리빙랩외식컨설턴트문화적도시재생사회문제해결을위한실감미디어디자인실감게임콘텐츠실감콘텐츠기획Fundamental창업컨설턴트AI+식품AI+일본어-4.기타 안내:이수신청을 하지 않았더라도 관련 교과목의 수강신청이 가능하며,연계‧융합‧마이크로전공 해당 교과목이라면 전공 이수 전에 수강한 교과목도 인정 가능-수퍼스타칼리지 융합학부-",0.110864745,0,0.44345898,0.749946356,0.044345898,0,0.639081611,0
학사공지,595,604+학사지원실_2022학년도 2학기 전과 안내,2022학년도 2학기 전과 안내,학사지원실,2022-05-16,4277,https://www.jj.ac.kr/jj/community/notice02.do?mode=view&articleNo=190397&article.offset=200&articleLimit=100,"2022학년도 2학기 전과 안내1. 신청자격가. 2015학번 이전◦ 2학년: 전입학기 개시일 현재 정규학기를 2회 이상 이수하고 35학점 이상 70학점 미만의 학점을 취득한 자◦ 3학년: 전입학기 개시일 현재 정규학기를 4회 이상 이수하고 70학점 이상 105학점 미만의 학점을 취득한 자◦ 4학년: 전입학기 개시일 현재 정규학기를 6회 이상 이수하고 105학점 이상의 학점을 취득한 자나. 2016학번 이후◦ 2학년: 전입학기 개시일 현재 정규학기를 2회 이상 이수하고 33학점 이상 65학점 미만의 학점을 취득한 자◦ 3학년: 전입학기 개시일 현재 정규학기를 4회 이상 이수하고 65학점 이상 98학점 미만의 학점을 취득한 자◦ 4학년: 전입학기 개시일 현재 정규학기를 6회 이상 이수하고 98학점 이상의 학점을 취득한 자* 2022년도 하계 계절학기 수강자의 경우 수강신청 학점을 포함하여 기준을 충족하면 신청할 수 있으나, 학점을 취득하지 못하는경우는 신청 및 합격이 취소됨2. 전과 허용 범위◦ 학칙이 허용하는 범위 내에서 2학년 이상에 대하여 실시*전과는 재학생만 신청 가능(휴학생은 복학 후에 신청하여야 함)* 편입생은 4학년 전과 신청 가능3. 추진일정구 분일 자(기간)내 용신청서 접수2022. 6. 14.(화)∼7. 4.(월) 15:00(시간 엄수)학사지원실에 신청서 제출면접, 필기, 실기전형2022. 7. 13.(수)해당 학과(전공)별 고사장에서 실시합격자 발표2022. 7. 20.(수)개별통보등 록추후공지합격자 등록금 납부(전입 학과 기준)※ 지정기간 내 미등록 시 전과 합격이 취소됨4. 제출서류 및 접수처◦ 제출서류:전과신청서1부(붙임 2)◦ 접수처:학사지원실(스타센터234호)5. 유의사항◦ 추후 안내를 위해 신청서에 본인의 연락처를 정확히 기재◦전과는 신청자별로 1개의 모집단위에 한하여 신청하되 전과 횟수는 제한하지 않음.◦전과는 매 학기 시행하되 사범대학 및 보건계열학과(간호학과, 물리치료학과, 방사선학과, 보건관리학과, 작업치료학과)의 전과는1학기에만 모집함.◦ 장학금 포기: 전과할 경우 장학규정 제6조에 의거, 2022학년도 2학기 성적장학금 혜택을 받지 못함.◦ 전과 합격자는 지정된 등록기간 내에 전입학과 기준으로 등록금을 납부하여야 하며, 지정 기간 내 등록금 미납부시 합격이 취소됨.(이 경우 2022학년도 2학기 성적장학금을 수혜받지 못 함).◦ 교직이수자가 전과할 경우 교직이수가 취소됨.◦ 전과포기: 전과를 허가받은 학생이 전과를 취소하고자 하는 경우에는 전과를 허가받은 후 첫 학기 시작일 전까지 전과포기신청서를교무처장에게 제출하여야함.◦전과를 한 학생은 전입한 학과의 교육과정 이수기준에 따른 교과목을 이수하고 졸업기준을 충족하여야 한다. 따라서 전과를한 학생은 졸업학점 취득을 위하여 초과 학기를 등록할 수도 있음.◦전과 이전 학과에서 이수한 교과목은 전과한 학과의 교과목으로 인정하지 않음.다만, 전입학과에서 운영하는 교과목과 동일하거나유사한 교과목으로 인정받은 경우, 전과 한 학과에서 이수한 것으로 인정 할 수 있음.※문의사항◦ 필기, 실기, 면접전형/교과과정 문의: 각 학과 사무실◦ 신청방법/일정 문의: 063-220-2083, 2135, 2136붙 임 1. 2022학년도 2학기 전과 모집요강 1부2. 전과신청서 1부교 무 처 장",0.073846154,0.024615385,0.258461538,0.307692308,0.135384615,0.024615385,1.78974359,0
학사공지,594,641+학사지원실_수업 폐강과목 및 수강신청 정정 안내,2022학년도 동계 계절수업 폐강과목 및 수강신청 정정 안내,학사지원실,2022-05-12,1500,https://www.jj.ac.kr/jj/community/notice02.do?mode=view&articleNo=190436&article.offset=100&articleLimit=100,"2022학년도 동계 계절수업 폐강과목을 다음과 같이 공고하오니폐강과목 수강신청자는 아래 사항을 참고하여 수강신청을 정정하여 주시기 바랍니다.1.폐강 과목:총24개 과목(붙임 파일 참조)2.폐강과목 수강신청 정정기간: 12. 6.(화) 11:00부터~ 18:00까지※수강신청 정정기간 이후 수강신청 정정 불가3.유의사항가.폐강과목 수강 신청자에 한해 수강과목 정정 신청 가능함나.폐강과목 수강 신청 정정 방법:인스타-수강신청-수강과목 정정(변경)신청다.수강신청 정정 기간 내 폐강 과목 미변경 시 수강신청 포기로 간주함-정정기간 폐강과목을 수강 정정하지 않는 경우 일괄 수강 취소 처리 함4.폐강과목 관련 문의가.교양과목:교양학부(063-220-4648, 3097, 2008, 2603)나.기타과목:학사지원실(063-220-2134)교 무 처 장",2.196360559,0,0,1.45789251,0.047961631,0,1.074199464,0
학사공지,593,603+학사지원실_점교류 실시 및 신청 안내(일반대학),2022학년도 하계 계절학기 학점교류 실시 및 신청 안내(일반대학),학사지원실,2022-04-27,2378,https://www.jj.ac.kr/jj/community/notice02.do?mode=view&articleNo=190396&article.offset=200&articleLimit=100,"국내 대학 간 학점교류 협정에 의거하여2022학년도 하계 계절학기 학점교류 학생을다음과 같이 접수하오니 관심 있는 재학생들의 많은 신청 바랍니다.순교류대학추천기한수학 안내문(대학명 클릭)신청자격1전북대5. 4.(수)전북대학교- 2학년 이상인 자- 2학기 이상 수료한 자- 직전 학기까지 총 평점평균 3.0이상인 자- 타대학 학점교류이수 후, 1학기 이상 본교 등록이 가능한 자(2022년 8월 졸업 예정자 신청 대상 제외)- 재학 중 최대 4개 학기 수학 가능2제주대5.20.(금)제주대학교3울산대5. 13.(금)울산대학교4경남대5. 23.(월)경남대학교개설과목5계명대6군산대5. 9.(월)군산대학교시간표7한남대6. 3.(금)한남대학교8아주대5. 27.(금)아주대학교이수 계획서개설과목9호남대5. 25.(수)호남대학교10고려대5. 13.(금)고려대학교- 3학년 이상인 자- 4학기(70학점) 이상 수료한 자- 직전 학기까지 총 평점평균 3.0이상인 자- 타대학 학점교류이수 후, 1학기 이상 본교 등록이 가능한 자(2022년 8월 졸업 예정자 신청 대상 제외)- 재학 중 최대 2개 학기 수학 가능11연세대5. 18.(수)연세대학교수강교과목* 학점교류 협약대학에서학점 교류 안내 공문이 도착하면 해당 대학 자료를 추가로 업데이트 예정입니다.1. 신청방법: 제출서류를 학과 사무실에 제출 /***해당대학 추천기한 전날까지***(학점교류 과목 이수계획서는 작성 후, 소속 학과 조교에게 확인 후 학과장 서명 받을 것)2. 제출서류(붙임 양식 참조)가. 국내대학 학점교류 신청서 1부.나. 국내대학 학점교류 과목 이수 계획서 1부.3. 유의사항가. 교류대학별로 추천기한이 상이하여 접수기간이 다른 점을 유의하시기 바랍니다.나. 붙임 자료의 수학 안내문이 없는 대학의 경우 해당 대학에서 공문이 발송되지 않은 것입니다.(안내문이 없는 대학으로의 학점교류는 접수하는 대로 공지할 예정임)라.이수 계획서에 기재된 과목이 아닌 다른 과목을 신청할 시에는 성적부여가 되지 않습니다.마.편입생 및2022년8월 졸업예정자(2022-1학기가 마지막 학기인 학생)는 신청 대상에서 제외 됩니다.4. 관련 문의: 학사지원실(063-220-2134) 또는 학과 사무실붙임   1. 학점교류 신청서 및 교류대학 과목 이수계획서 1부.2. 수학대학 안내문 각 1부.",0.035056968,0.017528484,1.087457909,0.99981549,0.052585451,0,0.99981549,0
학사공지,592,586+학사지원실_회 안내(2.23.(수) 10시부터),2022학년도 신(편입생) 학번 조회 안내(2.23.(수) 10시부터),학사지원실,2022-04-02,10485,https://www.jj.ac.kr/jj/community/notice02.do?mode=view&articleNo=190379&article.offset=200&articleLimit=100,"2022학년도 신(편)입생 여러분의 입학을 진심으로 축하합니다.전주대학교가 여러분의 도전과 꿈을 항상 응원하겠습니다.우리 모두는 코로나19를 신입생여러분과 함께 이겨 나갈 것입니다.우리 대학에서는 학생여러분이 안전하고 건강하게 학업에 집중할 수 있도록 최선의 노력을 다하고 있습니다.2022학년도 신(편)입생의 학번 조회 방법을 다음과 같이 안내하오니,본인의 학번을 꼭 확인하시기 바랍니다.✦학번공개일시:2022.2.23.(수) 10:00 ~1.공개대상자: 2022. 2. 22.(화) 기준 신/편입학 등록완료자(추가 모집 등록자의 경우 등록일 다음날 부터 조회가능)2.사이트:전주대 홈페이지→인스타(inSTAR:https://instar.jj.ac.kr/)3.인스타 사이트에서'아이디찾기'클릭↓4.성명/생년월일,학과 선택 후'학번검색'클릭5.입력 자료의 인증이 끝나면 오른쪽 화면과 같이 학번이 조회됩니다.6.조회가 완료되면 학번을 학인 후 아래의비밀번호를 재입력 후'수정' 하여 재설정하시기 바랍니다.(필수)[참고]각종 증명서는(인터넷 및 학생서비스센터에서) 신(편)입생 입학일(3.2.(수)) 이후부터 발급 가능합니다.학생증 신청일: 3.2.(수) ~ 3.11.(금)학생증 신청은 기간내 첨부파일의 학생증 신청방법을 참고하여 신청하세요.학사지원실",0,0,0,0.998062016,0.031007752,0,0.781007752,0
학사공지,591,602+학사지원실_ 신청 안내(최종:~3.31.(목)),2022학년도 신/편입생 학생증(ID카드) 신청 안내(최종:~3.31.(목)),학사지원실,2022-03-22,4295,https://www.jj.ac.kr/jj/community/notice02.do?mode=view&articleNo=190395&article.offset=200&articleLimit=100,"2022학년도 신(편)입생 학생증 최종 신청안내신입생 및 편입생의 학생증 발급에 따른 신청 방법을 아래와 같이 안내하오니 꼭 기한내에 신청하여 주시기 바라며,학생증 신청을 하지 않을 경우 단과대학건물 등 대학시설 사용에 제한을 받을 수 있습니다.1.신청기간:2022.03.23.(수) 09:00 ~ 03.31.(목) 24:00※학번조회방법 (""2022학년도 신/편입생 학번 조회 안내""공지사항 참조)2.신청방법(※자세한 사항은 붙임 문서 참조)가)핸드폰 어플리케이션을 통한 신청나)어플리케이션우리WON뱅킹설치다)우리WON뱅킹 접속(붙임문서를 먼저 확인한 후 신청)※ 국제학생은 우리WON뱅킹에서 신청이 불가하며- 금융기능이 가능한 학생증 신청은 우리은행 전주대학교 출장소(학생회관1층) 에서 신청- 금융기능 지원이 되지 않는 학생증 신청은 단과대학 행정실에서 신청(사진은 행정실에 제출하거나 인스타 개인정보 등록을 통해서 제출)하시기 바랍니다.3.신청 전 준비사항-주민등록증 또는 운전면허증-증명사진 (핸드폰에 미리 저장, 사진은 추후 학생의학적부 사진으로 반영되므로 필히 본인의 사진을 등록)- 발급진행시영문명은 여권에 사용하는 영문명으로 입력 필수- 전체 진행은 10분 이내로 신청 가능함4.안내문의-학생증 관련 신청 문의:우리은행 전주대 출장소(063-227-0257누르고211,213,214누름)- 학생서비스센터: 063-220-2136, 2135- 학사지원실 -",0,0,0,1.953524004,0.056179775,0,0.934627171,0
학사공지,590,621+학사지원실_022학년도 수강신청 기능 개선 안내,2022학년도 수강신청 기능 개선 안내,학사지원실,2022-03-08,5534,https://www.jj.ac.kr/jj/community/notice02.do?mode=view&articleNo=190415&article.offset=100&articleLimit=100,"[수강신청시에 바구니에 담아놓은 과목이 보이지 않는 현상에 대한 기능 개선사항]수강바구니 기간에 담아놓은 과목이 실제 수강신청시에 수강바구니 리스트에서 사라졌다는 의견에 대한 개선 기능안내입니다.해당 현상은 실제 과목이 사라진게 아니라,수강학과제한설정에 의해서 해당과목은수강신청을 할 수 없으므로편의를 위해 과목을 화면에 나타나지 않도록 했던 편의기능에 의한 것이였습니다.이에 갑자기 수강과목이 갑자기 사라졌다고 판단하여 당황하는 경우를 방지하기 위하여수강대상학과를 기준으로 수강과목을 조회시 화면에 표시는 되고, 수강신청은 제한 하도록 수정조치 하였습니다.아래 예시 화면을 참고해 주시기 바랍니다.[예시]아래 학생은 금융보험학과 학생으로 수강바구니에 총 24과목을 담아놓았습니다.그러나, 최초 로그인시 수강 바구니에 담아놓은 1개 과목이 보이지 않고 총 23개 과목만 리스트에 표시되었습니다.이 경우1개 강좌는 수강제한이 설정된 과목입니다화면과 같이 해당과목의 수강대상학과인 “(예시)기술경영공학과”를 선택하고 조회 시 해당 과목이 화면에 나타나며,수강학생은 금융보험학과 학생으로 해당과목을 수강신청할 수 없으므로 교과목 오른쪽 “신청”버튼이 보이지 않습니다.개선내용: 직전학기 수강신청시에는 수강제한이 설정된 과목은 수강대상학과를 선택하여도 과목리스트에 표시하지 않았으나,2022-2학기 수강신청부터는 위와 같이 교과목은 표시되면 수강학과제한에 의하여 수강신청은 할 수 없습니다.참       고: 위와 같이 “신청”버튼이 보이지 않는 경우에는수강제한설정에 의하여 수강신청을 할 수 없는 과목임을 참고하시기 바랍니다.위 안내내용을 숙지하시고 2022-2학기 수강신청시에 도움되시기 바랍니다.  감사합니다.학사지원실",1.669518717,0.047058824,0,1.645989305,0.023529412,0,1.410695187,0
학사공지,589,596+학사지원실_ 신청 안내 (법정전염병 공결 포함),2022학년도 1학기 출석인정(일반공결) 신청 안내 (법정전염병 공결 포함),학사지원실,2022-02-28,11621,https://www.jj.ac.kr/jj/community/notice02.do?mode=view&articleNo=190389&article.offset=200&articleLimit=100,"2022-1학기 출석인정(일반공결) 신청 안내○ 신청자격 및 제출서류(학칙시행세칙 제16조)호출석인정사유신청 자격 및 인정기간신청기한제출서류비 고1호교육과정운영교육과정으로 운영하는 현장실습, 현장견학현장견학 또는 현장실습 학과 소속 학생결석시작일 전 1주일 내주관 학과 공문- 교내축제, 교내체육대회, 수학여행, 졸업여행,MT 등에 참가하는 경우 비대상- 학과에서 출전하는 공모전(대회)은 비대상국고사업의 공식행사사업단에서 주최한 행사 참여한 자〃주관 사업단 공문학교대표로 대회 참가학교 운동선수 또는 총장 결재를 받은 학교 대표〃관련 증빙서류홍보대사 학교행사 지원홍보대사〃관련 증빙서류2호법령에 의한 의무이행을 위하여 소집되거나 행사에 참석하는 경우예비군 훈련 참여, 군입대 시험 응시 등결석종료일다음 날부터 7일 이내예비군 훈련 확인증 또는 군입대 시험 응시 확인증재판으로 인한 법원 출석은 비대상3호본인의 상해나 질병병원에 입원한 자(입원 기간)〃입퇴원확인서입원에 한하여 인정4호민법 제779조에 따른 가족이 사망한 경우(외)조부모, 부모, 배우자, 자녀(공유일 포함 5일), 형제자매(공휴일 포함 3일)〃사망확인서 및 가족관계증명서가족관계증명서 없을 시 무효6호체육 및 비체육 특기자가 대회출전 및 훈련하는 경우체육 및 비체육 특기자(수업일수의 1/2 이내)결석시작일 전 1주일 내관련 증빙서류7호생리로 인하여 출석할 수 없는 경우(보건공결)여학생, 매월1회결석종료일다음 날부터 7일 이내제출서류 없음시험기간 제외, 전월 신청일로부터 20일 이내에 재신청 불가8호학생 본인 및 자녀가 결혼하는 경우본인 5일, 자녀 3일결석시작일 전 1주일 내청첩장 및 가족관계증명서9호그 밖에 총장이 불가피한 사유가 있다고 인정하여 허가한 경우---10호학생 본인 및 배우자가 출산하는 경우본인 21일, 배우자 7일결석종료일다음 날부터 7일 이내출생증명서 및 가족관계증명서<사유 신설>11호법정전염병의 의심 또는 확진으로 격리 조치가 필요한 경우법정전염병(코로나19 등)의확진자, 자가격리자, 진단검사 결과 대기자〃입원치료통지서 또는 공공기관 발급 유증상자 및 자가격리자 증명서류<항목 분리 신설>보건소 통보 문자로 증빙 가능코로나19 백신 접종자- 접종 당일 1일- 접종 다음날 이상 증상 시 추가 1일접종 2일 후 증상 지속시 치료 기간〃- 접종 당일: 백신접종 확인서- 접종 다음날 이상 증상: 증빙서류 불필요- 접종 다음날 후에도 증상 지속 시 진단서 제출* 백신 종류에 따라 2회 접종이 시행되는 경우 회차별 동일 기준 적용○ 신청 시 유의 사항- 출석인정 기간:모든 사유를 합하여 출석인정 기간은 수업일수의1/3이내만 가능함(예) 주 1회 수업(15회수업)의 경우 보건공결 2회 사용 후 현장실습으로 4회 공결을 사용하고자 할 경우→ 수업일수 1/3이내(총5회)까지만 가능- 코로나19 관련 공결 신청:사유종료일(자가격리일) 다음날부터 입력 가능함(사전 입력 불가)※확진자 및 자가격리(통보)자,백신접종자 유증상기간 외에는 공결 불가(2022-1학기 대면수업 수업운영 원칙에 의거)- 수동감시 및 동거인(밀접접촉자) 확진 후 본인 음성판정자 등은 공결 대상 아님- 공결 대상이 아닌 학생은 상황 발생 시 수업담당교원에게 직접 연락하여 동영상 강의를 통한 비대면 수업에 출석하는 것이 원칙※공결 대상자의 증빙서류는 관련부처의 통보 문자로 대체 가능(교육부의 방역업무 관련 지자체 관리 부담 완화 요청 의거)- 기말고사 시작일 이후 신청은 불가함- 원격강좌, 야간수업, 온라인(동영상) 강의는 출석인정 대상 과목이 아니므로 학생이 수강하여야 함(공결처리 되지 않음)-출석인정 신청자는 신청서 제출 즉시 교과목 담당교수에게 알려야 함-출석인정은 수업의 출석에 관한 사항을 인정하는 것이며, 성적에 관한 사항은 담당교수의 평가기준을 적용받는 것이므로 성적평가에 관한 사항은 담당교수의 기준에 따라야 함.○ 신청 방법1. 인스타(https://instar.jj.ac.kr/)에 로그인2. 학사관리→출석인정신청→출석인정(일반)3. 「신규」버튼을 클릭한 후 신청구분에서 해당 사유 선택-  신청구분을 선택하면 우측에 상세 구분이 나타나므로 선택4. 결석일시: 해당사유로 처리해야 하는 시작일시부터 종료일시까지 입력-하나의 사유로 여러 번 신청하지 마세요. (3일의 경우: 시작일시: 2021-03-02 09:00 종료일시: 2021-03-05 20:00까지 한 건으로 입력)5. 신청 상세사유:해당 사유를 상세하게 입력[신청 화면 참고]6. 신청절차입력자료 확인 후 ""저장""버튼 클릭→ ""출석인정요청서""의 ""출력""버튼 클릭하여 출력→ ""출석인정요청서""의 서명을 득한 후→ 소속학과 사무실에 증빙서류와 함께 제출 (질병, 전염병및 가족 사망 사유인 경우 수업담당교수 서명 필)끝.",0.137103685,0.085689803,0.00856898,0.860485044,0.017137961,0.042844901,0.877623005,0
학사공지,588,598+학사지원실_ 모바일 출결관리 앱 이용 방법 안내,2022학년도 1학기 모바일 출결관리 앱 이용 방법 안내,학사지원실,2022-02-28,2955,https://www.jj.ac.kr/jj/community/notice02.do?mode=view&articleNo=190391&article.offset=200&articleLimit=100,2022학년도 1학기 모바일 출결관리 앱 이용 방법 안내2022학년도 1학기모바일 출결관리 앱 이용 방법을 안내하오니전자출결 출석 준비에 참고하시기 바랍니다.① 출결관리 앱 설치※ 설치방법 : 전주대학교 포털 앱 ≫ 다운로드센터 ≫ 전주대 출결관리(iOS 또는 AndroidOS 중에 선택)② 출결관리 앱에서 과목별로 출석 준비- 수업 유형에 따른 출석 준비(매뉴얼 대면강의 및 온라인 강의 별 출석 방법 참고)- 과목별 당일의 수업방식 확인 방법:앱 로그인 ≫ 중앙의 오늘의수업 아이콘 클릭(붙임-2. p.26 참조)붙임  전주대학교 모바일출결 앱 학생 사용 설명서 1부.,0.310559006,0,0,0,0,0,2.37189441,0
학사공지,587,599+학사지원실_확대) - 신청 : 5.30.(월)~,2022학년도 1학기 특별학점 신청 안내 (본교 K-MOOC 인정범위 확대) - 신청 : 5.30.(월)~,학사지원실,2022-02-28,2078,https://www.jj.ac.kr/jj/community/notice02.do?mode=view&articleNo=190392&article.offset=200&articleLimit=100,"2022-1학기 특별학점 신청 안내1. 신청대상:정규학기 내 재학생가. 2019학번까지: 기존 특별학점제(외국어, 소프트웨어, K-MOOC) 신청 및 인정 가능나. 2020학번부터: K-MOOC특별학점만 신청 가능함(외국어 및 소프트웨어 인정 제외)다. 기타 특별학점 신청 제외 대상자1) 2022학년도 1학기 포함 8학기(건축학과 10학기) 초과 이수자2) 졸업기준 학점(외국어 및 정보화)이 없는 국제학생 및 편입생2.접수기간:2022. 5. 30.(월) ~ 6. 17.(금)3.자격증별 인정과목 및 학점: 2022학년도 1학기 수강편람 【붙임-1】 참조4.신청방법가. 인스타(inSTAR) 접속 → 학사관리 → 특별학점 신청※ 【붙임-2】 특별학점 신청 매뉴얼 참조나. 준비사항: 자격증 및 자격시험 성적표 원본(스캔 파일 첨부, 유효 기간 내 자격 한 함)※유효하지 않은 증빙자료(PC화면 캡쳐 이미지 등)는 불인정 처리5. 인정범위가.외국어 및 정보화(외국어3/정보화4)범위에서 재수강 처리만 인정/(F학점 제외),(2018학년도부터 순수(신규)학점인정 처리하지 않음)나.K-MOOC는 한 학기 1학점이 가능하며 재학 중 총 3학점까지만 인정※단, 우리대학에서 운영하는 K-MOOC 강좌에 대하여 추가 2학점까지 인정(재학 중 최대 5학점) - 2022-1학기부터 적용사항※ K-MOOC로 신청하는 특별학점은 학점 신규취득 가능(원격강좌 26학점에 포함, 재학 중 수강한 강좌만 인정)다.2015학번부터는79점 이하(C+이하)의 성적만 재수강 처리 가능함라. 성적인정 시기: 2021학년도 동계 계절학기 성적에 합산 처리6. 유의사항가. 특별학점으로 재수강 처리 받고자 하는 과목은 2022-1학기에 수강신청하지 않아야 함※기존에 이수한 과목 중에서 특별학점으로 재수강 처리 가능나. 특별학점 인정 자격증은 재학 기간 내에 취득한 자격증에 한함다. 이전에 특별학점으로 인정받은 자격증은 중복하여 인정되지 않음라. 입학 전 취득한 자격증으로는 특별학점 신청을 할 수 없음< 붙임 >1. 수강편람(특별학점) 1부.2. 특별학점 신청 매뉴얼 1부. 끝.",0.076923077,0.096153846,0.980769231,1.25,0,0,0.711538462,0
학사공지,586,"595+학사지원실_CK, 기독교 강좌 수강신청 관련안내","2022-1학기 RUCK, 기독교 강좌 수강신청 관련안내",학사지원실,2022-02-28,2456,https://www.jj.ac.kr/jj/community/notice02.do?mode=view&articleNo=190388&article.offset=200&articleLimit=100,"2022-1학기 RUCK, 기독교 강좌 수강신청 관련안내2. 28.(월) 11시로 예정되어 있던 RUCK, 기독교 강좌 수강신청 시간을 28일 14시로 변경합니다.혼란을 드린점 널리 양해 부탁드립니다.감사합니다.",2.547268908,0,0,1.273634454,0,0,1.273634454,0
학사공지,585,597+학사지원실_1학기 출석인정(취업사유) 신청 안내,2022학년도 1학기 출석인정(취업사유) 신청 안내,학사지원실,2022-02-28,4530,https://www.jj.ac.kr/jj/community/notice02.do?mode=view&articleNo=190390&article.offset=200&articleLimit=100,"2022-1학기 출석인정(취업사유) 신청 안내1. 신청 대상-신청 학기 졸업예정자로서수강신청 학점을 포함하여 졸업이수 기준을 충족한 학생 중 취업자※ 신청 학기의 수강신청 학점을 포함하여 졸업이수 기준을 충족한 학생(계절학기 이수 예정 학점 포함)2. 신청 기간1) 1차 접수(최초 신청):2022. 3. 2.(수) ~ 3. 15.(화) /개강1~2주차※ 1차 접수기간에 학생 신청 후, 학과(조교)에서 증빙서류 확인 후 접수 함※ 1차 접수기간 이후 취업자는 취업일 기준 2주 이내 신청 요망2) 2차 접수(재직 확인):2022. 5. 31.(화) ~ 6. 7.(화) /학기13주차※ 2차 접수기간에 학생이 2차 서류 업로드 후, 학과(조교)에서 증빙서류 확인 후 2차 접수처리 됨3. 신청 방법 (세부사항 붙임 참조)가. 인스타 로그인 (https://instar.jj.ac.kr접속 → 학번/비밀번호 입력)나. 메뉴: 학사관리 → 왼쪽 메뉴 출석인정 → 출석인정신청(취업사유) 탭 → 신규 클릭하여 신청서 작성4. 출석인정(취업사유) 신청 절차 및 증빙서류: 세부사항 붙임 참조< 취업사유 출석사유 신청자 유의사항 >가. 취업사유 출석인정 신청자는 신청서 제출 즉시 교과목 담당교수에게 알려야 함나.1차 접수 후 매주 금요일 한주간의 출석이 일괄 처리되므로출결관리 앱에서 해당 과목의 출결상황을 확인하여야 함다. 2차(최종) 서류 제출은 13주에 제출하여 최종 출석인정 확인을 받아야 함라.2차접수 기간에 서류를 제출하지 않은 학생의 경우 출석을 하지 않은 기간 모두를 결석으로 처리함마. 중도퇴직자의 경우 퇴직시점까지만 출석이 인정되며, 퇴직 후 바로 학업에 복귀하여야 함바. 취업사유 출석의 인정은 출석과 관련된 사항이며,성적평가는 해당 교과목 담당교수의 평가기준에 따라야 함사. 출석인정사항 입력정보(취업일, 회사변경 등..) 수정 요청시 웹종합정보시스템에서 수정할 수 있음아.원격강좌 및 야간수업은 출석인정(취업사유) 대상 과목이 아니므로 학생이 지속적으로 수강하여야 함(공결처리되지 않음)- 교 무 처 장 -",0.117531832,0.058765916,1.367489615,1.367489615,0.039177277,0.039177277,1.42625553,0
학사공지,584,594+융합학부_마이크로전공 이수신청 기간 연장 안내,[Superstar College 융합학부]  2022학년도 1학기 연계‧융합‧마이크로전공 이수신청 기간 연장 안내,융합학부,2022-02-25,3379,https://www.jj.ac.kr/jj/community/notice02.do?mode=view&articleNo=190387&article.offset=200&articleLimit=100,"2022학년도1학기Superstar College연계‧융합‧마이크로전공 이수신청 기간이 연장되었습니다.재학생 여러분의 많은 관심과 신청 바랍니다.1.신청 관련 안내1)신청자격:신(편)입학 후2학기 이상 등록한 자2)신청기간:~3. 31.(목)/매 학기1-2주차, 12-13주차 진행3)신청절차: inSTAR를 통해 신청→신청기간이 끝난 후융합교육지원센터의 승인→이수 가능(세부적인 신청 방법은 첨부파일 참조)2.연계‧융합전공 관련 안내1)연계‧융합‧마이크로전공 이수 기준구분복수(부)전공총이수학점주전공중복인정 학점융합교과목이수학점ⓐ참여전공이수학점ⓑ선택이수학점ⓐorⓑ연계전공복수전공36학점15학점 이내-21학점 이상-융합전공복수전공36학점12학점 이내12학점 이상9학점 이상3학점부전공21학점6학점 이내9학점 이상3학점 이상3학점마이크로전공12학점3학점 이내---2)연계‧융합전공별 소개:http://www.jj.ac.kr/sc홈페이지의 전공별 안내자료 참고3)이수 관련 문의:교육혁신본부 융합교육지원센터(대학본관228호/ 063.220.2821-4)3.연계‧융합전공 현황 안내1) 5개 연계전공연계전공독서‧논술교육벤처창업보육학식품영양학중국비즈니스-2) 17개 융합전공융합전공경영법학국토정보학농생명-ICT대물차량손해사정드론라이프스타일기획보컬퍼포먼스사회적경제스마트시티스마트팜스토리미디어실감미디어일본AI탄소혁신리빙랩AI TechFood R&BD---3) 9개 마이크로전공마이크로전공기초실감미디어프로그래밍로컬크리에이터와의실감미디어협력프로젝트실무리빙랩디자인리빙랩외식컨설턴트문화적도시재생사회문제해결을위한실감미디어디자인실감게임콘텐츠실감콘텐츠기획Fundamental창업컨설턴트4.기타 안내:연계‧융합‧마이크로전공 이수신청을 하지 않았더라도 관련 교과목의 수강신청이 가능하며,연계‧융합‧마이크로전공 해당 교과목이라면 전공 이수 전에 수강한 교과목도 인정 가능-수퍼스타칼리지 융합학부-",0.107066381,0,0.428265525,0.718497776,0.042826552,0,0.590018119,0
학사공지,583,592+학사지원실_2022-1학기 수업운영 방안 안내,2022-1학기 수업운영 방안 안내,학사지원실,2022-02-21,7712,https://www.jj.ac.kr/jj/community/notice02.do?mode=view&articleNo=190385&article.offset=200&articleLimit=100,"2022-1학기 수업운영 방안 안내2022-1학기 수업을 다음과 같이 운영하오니 협조하여 주시기 바랍니다.1. 수업운영사항가. 기본방향: 수업 전반의 정상화 추진, 전체 강좌는 대면수업을 원칙으로 함나. 비대면 또는 원격 활용 가능 강좌- 원격중심강좌- 원격교육지원센터 승인을 받은 원격활용 강좌(블랜디드, iClass+ 등)- 수강인원 50명을 초과하는 강좌로 강의실 방역관리 기준 준수가 어려운 경우(수강인원 대비 강의실 수용인원 부족)교수자-학생 간의 충분한 소통 및 의견수렴 후 각 단과대학장의 승인을 거쳐 수업방식(대면 ⟷ 비대면) 변경 가능- 수강인원 100명 이상 대규모 강좌는 비대면 수업 진행(단, 실시간 강의 50%이상 권장)2. 협조 안내사항가. 방역수칙 준수 철저1) 모든 강의는 마스크를 착용한 상태에서 진행2) 학생 간 신체접촉등의 교류가 발생하는 학습활동은 자제3) 각 강의실 수업 전후 환기 필수, 방역물품 비치 등 방역관리 철저4) 자가검사 활성화가) 학생생활관 입사 학생은 자가검사키트 활용하여 검사나) 교내에서의 유증상자는 학생회관 2층 보건진료소에서 검사다) 등교 전 유증상자 발생자는 가까운 병원에서 검사나. 비상계획 발동 시 업무연속성계획(BCP)에 의한 수업 운영▪ 비상계획 발동 시 수업 운영 방안 (우리 대학 BCP 발동기준 인원은 추후 안내 예정)BCP 발동기준운영 방법대면비대면 또는 원격1단계1) 실험·실습·실기 강좌2) 소규모(30명 이내) 이론 강좌나머지 강좌2단계×모든 강좌* 중대본 발표, 지자체 권고 및 학내 상황에 따라 발동할 수 있음다. 확진자 및 자가격리 조치사항1) 확진 및 자가격리자 발생 시 수업 결손 최소화 방안- 교수자 확진 및 자가격리시: 비대면 수업으로 전환(교수자 상황에 따라 상황 발생한 주차를 포함하여 2주차 휴보강 가능)- 학생 확진 및 자가격리시(60대이상 고령자 or 기저질환자 포함): 교수자의 수업 영상(대면수업 실시간 영상제공),기존 동영상 강좌 제공(2020~2021학년도 동영상 수업 자료 등의 활용이 가능하며 과제 등을 통한 피드백 실시로수업 결손 최소화)2) 백신공결 운영, 확진자 자가격리시 병결 인정교 무 처 장",2.171015843,0.018639329,0,0,0.018639329,0,1.611835974,0
학사공지,582,593+학사지원실_학년도1학기 신/편입생 수강신청 안내,2022학년도1학기 신/편입생 수강신청 안내,학사지원실,2022-02-21,9853,https://www.jj.ac.kr/jj/community/notice02.do?mode=view&articleNo=190386&article.offset=200&articleLimit=100,"1.수강신청 기간:  2022. 2. 24.(목) 11:00∼17:002.수강신청 방법신청방법온라인(전주대학교 인스타-학생포털)으로 진행https://instar.jj.ac.kr/신청방법 동영상홈페이지-입학정보-신(편)인생 대학생활 길잡이-수강신청 안내(https://youtu.be/TD_VLKkFTe8)비 고신입생 일부 기본과목(기초,전공,교필 등)은 수강신청 되어 있음<인스타-수강신청 내역에서 확인>3. 문의가. 전공: 각 학과사무실(https://bit.ly/2T0DIRr)클릭 후 학과 사무실 확인나. 교양: 220-2008(외국어), 2009(인성), 2603(소프트웨어, 의사소통), 3097(통합, 핵심, 자유교양)다. 채플&기독교와문화: 2423, 2737, 3149라. 교직: 220-2346(교육학과)마. 시스템: 220-2134(학사지원실)",1.43364486,0,0,2.727102804,0.046728972,0,1.246728972,0
학사공지,581,590+학사지원실_청 안내(기간연장:~3.20.(일)),2022학년도 신/편입생 학생증(ID카드) 신청 안내(기간연장:~3.20.(일)),학사지원실,2022-02-18,8530,https://www.jj.ac.kr/jj/community/notice02.do?mode=view&articleNo=190383&article.offset=200&articleLimit=100,"2022학년도 신(편)입생 여러분을 진심으로 축하합니다.신입생 및 편입생의 학생증 발급에 따른 신청 방법을 아래와 같이 안내하오니 꼭 기한내에 신청하여 주시기 바라며,학생증 신청을 하지 않을 경우 단과대학건물 등 대학시설 사용에 제한을 받을 수 있습니다.1.신청기간가) 1차:2022.03.02.(수) 09:00 ~ 03.11.(금) 24:00나) 2차: 2022.03.15.(화) 09:00 ~ 03.20.(일) 24:00※학번조회방법 (""2022학년도 신/편입생 학번 조회 안내""공지사항 참조):조회가능일시: 2.23.(수) 10:00 ~2.신청방법(※자세한 사항은 붙임 문서 참조)가)핸드폰 어플리케이션을 통한 신청나)어플리케이션우리WON뱅킹설치다)우리WON뱅킹 접속(붙임문서를 먼저 확인한 후 신청)※ 국제학생은 우리WON뱅킹에서 신청이 불가하며- 금융기능이 가능한 학생증 신청은 우리은행 전주대학교 출장소(학생회관1층) 에서 신청- 금융기능 지원이 되지 않는 학생증 신청은 단과대학 행정실에서 신청(사진은 행정실에 제출하거나 인스타 개인정보 등록을 통해서 제출)하시기 바랍니다.3.신청 전 준비사항-주민등록증 또는 운전면허증-증명사진 (핸드폰에 미리 저장, 사진은 추후 학생의학적부 사진으로 반영되므로 필히 본인의 사진을 등록)- 발급진행시영문명은 여권에 사용하는 영문명으로 입력 필수- 전체 진행은 10분 이내로 신청 가능함4.안내문의-학생증 관련 신청 문의:우리은행 전주대 출장소(063-227-0257누르고211,213,214누름)- 학생서비스센터: 063-220-2136, 2135- 학사지원실 -",0,0,0,1.809398331,0.050505051,0,0.854194115,0
학사공지,580,591+사회봉사센터_도 1학기 사회봉사활동 수강신청 안내,2022학년도 1학기 사회봉사활동 수강신청 안내,사회봉사센터,2022-02-18,4024,https://www.jj.ac.kr/jj/community/notice02.do?mode=view&articleNo=190384&article.offset=200&articleLimit=100,"<2022학년도 1학기 사회봉사활동 수강신청 안내>2022학년도 1학기 사회봉사활동은 대면 봉사활동(6개 분반) 및 비대면 봉사활동(19개 분반)으로 혼합하여 운영합니다.※ 졸업예정자는 반드시 사회봉사활동을 이수하여야만 졸업이 가능합니다.※ 01~19분반: 비대면 봉사활동※ 20~25분반: 대면 봉사활동- 대면 봉사기관 현황: 붙임 참조- 수강 신청 후 협약서도 3. 8.(화) 17:00까지 작성 후 제출(센터 직접 및 이메일 제출/lsg2083@jj.ac.kr)※ 분반 확인 방법- 코스모스 접속, 교과목 이름 뒤 괄호 안에 있는 숫자/예) 사회봉사활동(07) → 7분반- 수강신청 내역에서 07843-(숫자)/예) 07843-05 → 5분반1. 사회봉사활동 이수 규정가. 학수 번호 07843(교양 필수 1학점/최대 3학점 수강 가능)나. 필수 이수 대상: 2015학번 이상 재학생※ 단, 2015학번 이전 학생, 외국인 학생, 장애 학생, 4학년 편입생, 계약학과 및 미래융합대학 학생은 선택 이수 사항 임.※ 본 교과목은 기본 수강 신청 학점 제한에 영향을 받지 않음2. 수강바구니: 미 운영3. 수강 신청 안내가. 수강 신청 대상: 2~4학년재학생나. 수강 신청 기간 (학년 구분 있음)- 2022. 2. 21.(월) 11:00- : 4학년- 2022. 2. 22.(화) 11:00- : 4학년, 3학년- 2022. 2. 23.(수) 11:00-17:00: 4학년, 3학년, 2학년다. 수강 신청 방법: inSTAR 로그인→학사 관리→사회봉사 교과목→교과목 신청4. 수강 정정가. 기간: 2022. 2. 28.(월)~3. 8.(화) 11:00-18:00나. 신청 메뉴: inSTAR 로그인→학사 관리→(왼쪽 메뉴 아래)사회봉사 교과목→교과목 신청다. 취소 메뉴:inSTAR 로그인→학사 관리→(왼쪽 메뉴 아래)사회봉사 교과목→신청내역 확인→취소 버튼 클릭5. 수강 취소가. 기간: 2022. 3. 9.(수)∼3. 14.(월) 11:00-18:00나. 취소 메뉴: inSTAR 로그인→학사 관리→(왼쪽 메뉴 아래)사회봉사 교과목→신청내역 확인→취소 버튼 클릭6. 전체 사회봉사센터 오리엔테이션 및 분반별 담당교수 오리엔테이션 안내(필수 이수항목)가. 전체 센터 오리엔테이션- 방법: 사이버캠퍼스→비교과과정→‘2022학년도 1학기 사회봉사활동 전체 센터 오리엔테이션’ 접속→웹엑스 실시간 진행- 1차: 2022. 3. 7.(월) 12:00-13:00- 2차: 2022. 3. 7.(월) 18:00-19:00- 3차: 2022. 3. 8.(화) 12:00-13:00- 4차: 2022. 3. 8.(화) 18:00-19:00⇒ 4회 중 1회만 참석나. 분반별 담당교수 오리엔테이션- 방법: 사이버캠퍼스→나의 강좌→사회봉사활동→분반별 웹엑스 진행- 2022. 3. 9.(수)~3. 13.(일) 중 1회 실시(날짜 및 시간은 사이버캠퍼스 공지 참조)7. 기타가. 비대면 봉사활동(01~19분반) 운영 방식(가이드)은 사회봉사센터 홈페이지 공지 예정나. 대면 봉사활동(20~25분반)은 대면 봉사기관과 상의하여 봉사활동 실시다. 문의: 사회봉사센터☎ 220-4697, 4708, 4709, 4710",1.251506772,0,0.063816209,1.289796497,0,0.025526484,1.277033255,0
학사공지,579,589+학사지원실_2022학년도 1학기 폐강과목 안내,2022학년도 1학기 폐강과목 안내,학사지원실,2022-02-16,2278,https://www.jj.ac.kr/jj/community/notice02.do?mode=view&articleNo=190382&article.offset=200&articleLimit=100,"2022학년도 1학기 개설 강좌 중 수강인원 미달에 따른 폐강 과목을다음과 같이 안내하오니 해당 과목의 수강신청자는 아래 사항을 참고하여 수강신청을 정정하시기 바랍니다.1. 폐강과목 현황:첨부파일 참조- 폐강과목 수강신청 내역은 수강신청 정정 기간 중 일괄 삭제 예정이오니폐강과목을 수강신청한 재학생의 경우, 반드시 다른 과목으로 수강신청 변경하시기 바랍니다.2. 수강신청 정정기간- 2. 28.(월) 11:00~3. 8.(화) 18:003. 교양과목의 폐강은 수강신청 정정기간 중 수퍼스타칼리지 교양학부에서 별도 공지 할 예정입니다.4. 폐강 및 대체 수강 가능 과목 문의- 전공, 교직 등: 각 학과 사무실(담당 조교 선생님께 문의 바랍니다.)- 교양강좌: 수퍼스타칼리지 교양학부(063-220-4648, 3097)붙임   2022-1학기 폐강과목 대상(공지용) 1부. 끝.",0.458715596,0,0,0.366972477,0,0,1.729357798,0
학사공지,578,636+실감미디어혁신공유대학사업단_계절수업 학점교류 실시 및 신청 안내,[실감미디어혁신공유대학사업단] 2022학년도 동계 계절수업 학점교류 실시 및 신청 안내,실감미디어혁신공유대학사업단,2022-02-11,1298,https://www.jj.ac.kr/jj/community/notice02.do?mode=view&articleNo=190430&article.offset=100&articleLimit=100,"실감미디어혁신공유대학 간 학점교류 협정에 의거하여 2022학년도 동계 계절학기 학점교류 학생을다음과 같이 접수하오니 관심 있는 재학생들의 많은 신청 바랍니다.순교류대학추천기한수학안내문(대학명 클릭)신청자격1건국대2022. 11. 10.(목)건국대학교신청자 명단- 타대학 학점교류이수 후, 1학기 이상 본교 등록이 가능한 자(2023년 2월 졸업예정자신청 대상 제외)- 본교와 학술교류 협정을 체결한 대학 학생으로서 소속 대학교 총장의 추천을 받은 학생2경희대2022. 11. 24.(목)경희대학교신청자 명단신청 매뉴얼통합ID 등록 매뉴얼3계명대2022.11.30(수)계명대학교추천자 명단4계원예술대2022.11.25.(금)계원예술대신청자 명단5배재대2022.11.30(수)배재대학교개설교과목추천자 명단6중앙대2022. 11. 16.(수)중앙대학교개인정보동의서신청자 명단* 학점교류 협약대학에서 학점 교류 안내 공문이 도착하면 해당 대학 자료를 추가로 업데이트 예정입니다.1. 신청방법: 제출서류를 학과 사무실에 제출 / *** 해당대학 추천기한 전날까지 ***(학점교류 과목 이수계획서는 작성 후, 소속 학과 조교에게 확인 후 학과장 서명 받을 것)2. 제출서류(붙임 양식 참조)가. 국내대학 학점교류 신청서 1부.나. 국내대학 학점교류 과목 이수 계획서 1부.3. 유의사항가. 교류대학별로 추천기한이 상이하여 접수기간이 다른 점을 유의하시기 바랍니다.나. 붙임 자료의 수학 안내문이 없는 대학의 경우 해당 대학에서 공문이 발송되지 않은 것입니다.(안내문이 없는 대학으로의 학점교류는 접수하는 대로 공지할 예정임)라. 이수 계획서에 기재된 과목이 아닌 다른 과목을 신청할 시에는 성적부여가 되지 않습니다.마.편입생 및2023년 2월 졸업예정자(2022-2학기가 마지막 학기인 학생)는 신청 대상에서 제외 됩니다.4. 관련 문의: 실감미디어혁신공유대학사업단(063-220-2988)붙임   1. 학점교류 신청서 및 교류대학 과목 이수계획서 1부.2. 수학대학 안내문 각 1부.",0.632365622,0.020120724,0.85369359,0.934176487,0.040241449,0,0.85369359,0
학사공지,577,600+학사지원실_2022년 8월) 조기졸업 신청 안내,2021학년도 후기(2022년 8월) 조기졸업 신청 안내,학사지원실,2022-02-03,2302,https://www.jj.ac.kr/jj/community/notice02.do?mode=view&articleNo=190393&article.offset=200&articleLimit=100,"2021학년도 후기(2022년 8월 졸업) 조기졸업 신청을 다음과 같이안내하오니 대상 학생들은 신청하여 주시기바랍니다.1. 신청기간:2022. 3. 2.(수)~3. 14.(월)2. 신청방법:inSTAR → 학사관리 → 조기졸업 신청3. 신청대상구분신청자격2015학번 이전○ 5학기 이상 수료하고 6학기 등록을 필한 자로서 119학점 이상 취득하고총 평균 평점이 4.0 이상인자2016학번 이후○ 5학기 이상 수료하고 6학기 등록을 필한 자로서 112학점 이상(간호학과는 119학점 이상) 취득하고 총 평균 평점이 4.1 이상인자4. 참고사항가. 조기졸업 요건구분졸업요건2015학번 이전○ 3학년(6학기)이상 등록하고, 총 140학점(건축학과 2013학번 이전160학점)이상을 취득한 자로서, 해당 학과(전공)의 졸업기준을 충족한 자○ 총 평점평균이 4.0이상인 자2016학번 이후○ 3학년(6학기)이상 등록하고, 총 130학점 이상(간호학과 140학점 이상)을취득한 자로서, 해당 학과(전공)의 졸업기준을 충족한 자○ 총 평점평균이 4.1이상인 자나. 조기졸업 탈락 시, 다음 학기 정규등록을 하여야 하며 성적장학금 수혜 대상에서 제외됨다. 조기졸업 신청을 취소하고자 하는 경우는 신청학기 기말고사 시작 전(2022. 6. 14.)까지조기졸업 포기 신청서를 작성하여각 단과대학 행정지원실에 제출하여야 하며,이 경우에는 성적장학금 수혜대상에 포함됨라. 조기졸업 이후라도 착오 또는 부정한 방법으로 조기졸업을 하게된 경우에는 조기졸업을취소할 수 있음5. 문의처: 학사지원실(063-220-2083)2022. 3.교 무 처 장",0,0.075376884,2.653894472,1.314384422,0.125628141,0,1.012876884,0
학사공지,576,585+학사지원실_021학년도 전기 졸업사정 결과 확인,2021학년도 전기 졸업사정 결과 확인,학사지원실,2022-01-26,2335,https://www.jj.ac.kr/jj/community/notice02.do?mode=view&articleNo=190378&article.offset=200&articleLimit=100,"2021학년도 후기(2022년 2월 졸업) 졸업대상자의 최종졸업사정 결과를 다음과 같이 안내하오니 졸업대상자는 결과를 확인하시기 바랍니다.1. 졸업사정 결과 확인 방법: 인스타(inSTAR) - 학사관리 - 졸업예정자 졸업사정확인2. 확인 및 이의신청가. 기간: 2022. 1. 27.(목) 10:00 ~ 16:00나. 이의신청내용: 복수전공, 부전공, 교직 누락여부, 학사학위취득유예 여부3. 졸업사정 안내사항가. 불합격(탈락자)의 경우 상세내역을 확인하시기 바랍니다.나. 학사학위취득유예 신청자 중 졸업을 희망하는 자는 '학사학위취득유예 포기신청서'를 2. 25.(금)까지 제출하시기 바랍니다.4. 문의사항 : 학사지원실(063-220-2083)2022. 2.교 무 처 장",0,0,1.996881746,0.211081794,0.105540897,0,0.211081794,0
학사공지,575,584+학사지원실_.9.(수))부터 전체 수강신청실시),2022학년도 1학기 수강신청 안내 (홀짝구분없이 첫날(2.9.(수))부터 전체 수강신청실시),학사지원실,2022-01-21,22507,https://www.jj.ac.kr/jj/community/notice02.do?mode=view&articleNo=190376&article.offset=200&articleLimit=100,"2022학년도 1학기 수강신청 기간을 다음과 같이 안내하오니재학생 여러분께서는 일정을 참고하여 수강신청하여 주시기 바랍니다.1.수강바구니 기간: 2022. 1. 26.(수) 11:00∼1. 28.(금) 17:00※ 수강바구니 기간 수강바구니 담기는 inSTAR(https://instar.jj.ac.kr)에서 가능합니다.( 인스타 로그인 - 수강신청 - 수강바구니)※ 수강바구니 기간 타학년/타학과 과목을 바구니에 담은 경우수강신청기간 수강신청 시 학년을 '전체'로 설정하고 조회해야 해당 과목이 조회되고 수강신청 가능합니다.※ 수강바구니 기간에는 '한국지역대학연합(RUCK) 과목'은 수강바구니 담기가 되지 않습니다.※ 수강바구니 기간에는 '학과학년제한'이 설정된 과목은 수강바구니 담기가 되지 않습니다.2. 장애학생 수강신청 기간: 2022. 2. 3.(목) 11:00∼2. 4.(금) 17:00※ 수강신청 웹페이지 주소:https://sugang.jj.ac.kr-수강신청 시 웹 브라우저를 구글 크롬(Chrome) 또는 마이크로소프트 엣지(Edge)로 접속 권장3.재학생 수강신청 기간: 2022. 2. 9.(수) 11:00∼2. 11.(금) 17:00※수강신청 기간동안 홀짝 구분없이 2.9.(수) 부터 전체 재학생 전체 수강신청 실시※ 수강신청 웹페이지 주소:https://sugang.jj.ac.kr-수강신청 시 웹 브라우저를 구글 크롬(Chrome) 또는 마이크로소프트 엣지(Edge)로 접속 권장※ 수강신청 방법 안내: 수강신청 안내 동영상(https://bit.ly/3xTZlVr) 참조 ('Youtube'에서 '전주대학교 수강신청'으로 검색)※ 수강신청 홈페이지 접속 지원 프로그램(넷퍼넬-다중접속제어솔루션) 운영으로접속대기자가 많을 경우 접속대기 메세지(붙임-예시 화면 참조)가 표시될수 있음※ 수강바구니 기간 타학년/타학과 과목을 수강바구니에 담은 경우수강신청 시 학년을 '전체'로 설정하고 조회해야 해당 과목이 조회되고 수강신청 가능합니다.※ 수강신청 기간에는 한국지역대학연합(RUCK)과목은 수강신청이 되지 않습니다.4. 신입생 수강신청기간: 2. 24.(목) ~ 25.(금)5. 폐강과목 게시 및 안내- 2. 16.(수) 14:00 본교 홈페이지 공지사항(학사) 게시 및 안내 예정※ 폐강과목 수강 학생에게 개인별 안내 및 공지 없음※ 교양교과목 폐강은 개강 첫 주 예정(자세한 사항은 교양학부 3097로 문의)6. 수강신청 정정기간(폐강과목 수강신청자 포함): 2. 28.(월) 11:00∼3. 8.(화) 18:00※ 수강신청 정정 기간 수강신청 정정은 inSTAR(https://instar.jj.ac.kr)에서 가능합니다.( 인스타 로그인 - 수강신청 - 수강신청)7. 한국지역대학연합(RUCK) 강좌 수강신청: 2. 28.(금) 14:00∼3. 8.(화) 18:00※ 직전학기 평점평균 3.0 이상인 경우 수강신청 가능(개설 강좌는 붙임파일 참조)※ RUCK 강좌 수강신청은 inSTAR(https://instar.jj.ac.kr)에서 가능합니다.( 인스타 로그인 - 수강신청 - 수강신청)8. 수강취소 기간: 3. 9.(수) 11:00∼3. 14.(월) 18:00※ 수강신청 취소 기간 수강취소 신청은 inSTAR(https://instar.jj.ac.kr)에서 가능합니다.( 인스타 로그인 - 학사관리 - 수강신청내역/수강취소)※ 수강신청 취소는 최대 6학점(6학점을 초과하여 수강취소 불가능) 범위 내에서 가능합니다.9. 개설 교과목 수업계획서(시간표) 확인: 1.21.(금) 부터※ 인스타 로그인 -> 학사관리 -> 수업계획서(개설강좌) 조회 -> 학과선택 -> 조회(수업계획서 및 수업 시간표는 수강신청 편람 아닌 인스타에서 확인 가능하며, 학과 사정에 따라 개강 전 수업 시간표가 변동될 수 있습니다.)10. 학과학년제한 해제: 2. 28.(월) 11:00- 해제영역: 외국어, 인성, 의사소통, 소프트웨어, 채플, 기독교, 교직과목 및 일부 학과의 기초, 전공필수, 전공 선택 과목※ 핵심교양 및 학과 지정 일부 과목은 학과학년제한 해제에서 제외될 수 있음11.기타 주의사항 안내※ 2022년 8월 졸업을 희망하는(1학기가 마지막 이수 학기) 재학생 께서는 졸업이수요건 필수과목(논문, 전공필수, 교양필수 과목 등)을 미이수한 경우,기간 내 반드시 수강신청하여 주시기 바랍니다.12.문의전화- 교양과목(수퍼스타칼리지 교양학부): 220-3097(핵심,자유교양), 2008(외국어),2009(인성),2603(소프트웨어,의사소통)- 교직과목(사범대학 교육학과): 220-2346- 채플&기독교과목(선교지원실): 220-2423, 2737,3149- 수강신청시스템 및 기타문의(학사지원실): 220-2134, 2083, 2417붙 임 1. 2022-1학기 수강신청FAQ자료1부.2. 수강신청 접속 대기화면 자료 1부.3. 교양학점 확인 방법 안내 자료 1부.교 무 처 장",1.604125161,0,0.049689441,1.488183132,0.02484472,0.02484472,0.690261338,0
학사공지,574,583+학사지원실_21학년도 전기 학위수여식 취소 안내,2021학년도 전기 학위수여식 취소 안내,학사지원실,2022-01-20,2627,https://www.jj.ac.kr/jj/community/notice02.do?mode=view&articleNo=190375&article.offset=200&articleLimit=100,신종 코로나 바이러스가 지역사회로 확산되는 가운데 우리 대학은 구성원의 안전을 최우선으로 고려하여2022년 2월 16일(수)에 실시 예정이었던 2021학년도 전기 학위수여식을 취소하기로 결정하였습니다.이에 학위수여식 대체 방안으로 학위복 대여 및 포토존 운영 예정입니다.1. 학위복 대여- 방역수칙 준수 하에 개인 사진 촬영을 위한 학위복 대여- 대여기간: 2022. 2. 16.(수) ~ 2. 22.(화)2. 포토존 운영- 단과대학 행정실 및 학생회 자치기구와 협력하여 설치 및 운영- 운영기간: 2022. 2. 16.(수) ~ 2. 22.(화)3. 학위증 및 상장 수령- 수여장소: 학생지원실 및 각 단과대학 행정실- 수령기간: 2022. 2. 16.(수) ~ 2. 22.(화)교무처장,0,0,1.615228655,0,0.051813472,0,1.304347826,0
학사공지,573,582+학사지원실_ 1학기 학사학위취득 유예 신청 안내,2022학년도 1학기 학사학위취득 유예 신청 안내,학사지원실,2022-01-19,1209,https://www.jj.ac.kr/jj/community/notice02.do?mode=view&articleNo=190374&article.offset=200&articleLimit=100,2022학년도1학기 학사학위취득 유예(구.졸업연장)신청에 대해 다음과 같이 안내하오니 참고하시기 바랍니다.1.신청대상: 2021학년도 전기 졸업대상자(2022년2월)중 학칙이 정한 졸업요건을 전부 갖춘 학생2.신청기간:2021. 1. 10.(월)~1. 21.(금) 17:00까지3.신청방법: inSTAR→학사관리→학사학위취득유예 신청(※졸업사정 종료 후 최종 승인여부를 인스타 또는 학과에 확인 필수)4.학사학위취득 유예구분 및 등록구분등록신청목적재수강계절학기 수강료 기준:학점당8만원교과목 재이수를 통한 성적 향상 목적자기개발별도의 학점등록 없음순수 자기개발 목적5.주의사항(필독)가.학사학위취득 유예는 학기 단위로최대2회까지 신청 가능나.신청제외:외국인 유학생은 신청 불가다.학사학위취득 유예기간 중 휴학 불가라.신청자가 졸업사정에서 불합격한 경우 그 신청은 당연 취소됨마.신청취소:2022. 2. 25.(금)까지'학사학위취득 유예 포기신청서(첨부)를소속 단과대학에 제출6.문의:각 학과 사무실,0.039761431,0.039761431,1.58832718,1.747372905,0.039761431,0,1.190712866,0
학사공지,572,577+학사지원실_ 수업연한 초과 등록자에 한해 적용),"채플 학점인정 기준 변경 안내(2022-1학기부터, 수업연한 초과 등록자에 한해 적용)",학사지원실,2021-12-24,6339,https://www.jj.ac.kr/jj/community/notice02.do?mode=view&articleNo=190371&article.offset=200&articleLimit=100,"2022학년도 1학기부터 채플 과목 학점인정 변경사항을 다음과 같이 안내하오니해당 과목을 이수하려는 재학생 여러분께서는 변경 내용을 확인하여 수강하여 주시기 바랍니다.1. 적용 대상자: 수업연한 기준 학기(신입학-4년, 편입학-2년)를 초과하여 등록한 수업연한 초과 재학생(재입학생 포함)2. 변경 사항- 단, 수업연한초과자가 학점부여와 상관없이 채플 과목 수강(신청)은 가능하며 이수 한 경우 0학점 부여. (수강신청 시 제한은 없음)3. 시행시기: 2022학년도 1학기 부터교  무  처  장",0.900014682,0,0.828072236,0.900014682,0,0,1.51225958,0
학사공지,571,579+학사지원실_공개 및 확인(이의 신청) 기간 안내,2021학년도 2학기 성적 공개 및 확인(이의 신청) 기간 안내,학사지원실,2021-12-24,3700,https://www.jj.ac.kr/jj/community/notice02.do?mode=view&articleNo=190370&article.offset=200&articleLimit=100,"2021학년도 2학기 성적 공개 및 확인(이의신청) 안내1. 성적 확인 및 성적 이의신청가. 성적 확인기간:2021. 12. 29.(수) 오전 11시 ~ 2022. 1. 4.(화) 오후 3시까지※인스타(inSTAR)에서 강의평가를 미응답한 경우, 12. 30.(목)부터 성적 확인 가능함※성적확인 기간 중 성적 정정 처리 업데이트 시간(낮 12시~12시 30분, 오후 5시~5시30분)에는 성적 확인이 안될 수 있음나. 조회방법:  inSTAR or 전주대 포털 앱 -> 학사관리 -> 학기별 성적 조회다.이의신청:  inSTAR  -> 학사관리 -> '성적이의신청’을 통해서만 이의신청 가능2. 참고사항가. (중간, 기말, 과제 등) 성적평가 영역별 상세 성적을 조회 가능나.합리적 사유가 없는 이의신청(장학금 및 재수강 등 개인적 사정 등에 호소)은 이의신청 사유에 해당되지 않으며,해당 내용으로 성적이의신청 시'부정청탁금지'관련 법률에 위배되며 근거 자료로 남을 수 있으니 유의하시기 바랍니다.다.2021-2학기 성적을 포함한 성적증명서 발급은 2022년 1월 5일(수) 오전 10시 이후 발급 가능하오니 참조하시기 바랍니다.교   무   처   장",0.033840948,1.442470389,0,1.104060914,0.033840948,0,1.002538071,0
학사공지,570,578+학사지원실_22학년도 1학기 특별휴학 신청 안내,2022학년도 1학기 특별휴학 신청 안내,학사지원실,2021-12-24,1766,https://www.jj.ac.kr/jj/community/notice02.do?mode=view&articleNo=190369&article.offset=200&articleLimit=100,"2022학년도 1학기 특별휴학 신청 안내코로나19 상황의 어려움 등으로 인한 학업 중단을 방지하고자 다음과 같이 2022학년도 1학기 특별휴학 승인을 실시하고자 하오니신청 요건이 되는 대상자께서는 학과에 신청하여 주시기 바랍니다.1. 특별휴학 신청 요건- 아래 조건을 모두 만족하여야 함 -1) 2022학년도 1학기 복학예정자이고,(2021-2학기까지 휴학 중인 자)2) 잔여 휴학 가능 기간이 없어 미 복학 시 제적되는 자이면서(잔여 휴학 가능기간이 있는 경우 일반휴학 신청이 가능하므로 대상이 아님)3) 코로나19 상황 등으로 인하여 휴학하거나 코로나19상황으로 인하여 복학이 어려운 사유가 인정되는 자로서4) 특별휴학 종료 후 복학하여 학업을 지속할 의향이 있다고 지도교수가 추천하는 자(지도교수 상담 필요)2. 특별휴학 승인 기간 : 1년 이내(1개 학기 또는 2개 학기)3. 특별휴학 신청 방법 및 기간 : 2022. 3. 25.(금)까지 학과에 문의하여 신청서 제출(학과에서 해당일까지 지도교수 서명이 완료되어야 함)4. 비고:특별휴학은 총장 승인 사항으로, 학과에서 취합하여 보고 후 최종 처리될 예정임교 무 처 장",0,0,0,3.407306763,0.034722222,0,1.408514493,0
학사공지,569,576+학사지원실_학년도 동계 계절수업 운영 변경 안내,2021학년도 동계 계절수업 운영 변경 안내,학사지원실,2021-12-16,1816,https://www.jj.ac.kr/jj/community/notice02.do?mode=view&articleNo=190368&article.offset=200&articleLimit=100,2021학년도 동계 계절수업 운영 변경 안내코로나19 감염증 확산 상황 및  전주시 코로나19 확산 방지 조치 동참 협조 요청에 따라 동계 계절수업운영변경 사항을다음과 같이 안내하오니 계절수업을 수강한 재학생께서는 변경된 내용을 확인하여 수강하여 주시기 바랍니다.1. 계절수업 운영 변경 사항가. 계절수업 기간:2021.12.20.(월) ~ 2022.1.7(금)까지/3주간- 수강취소 기간: ~2021.12.31.(금) 오후 5시까지- 성적확인 기간: 2022. 1. 12.(수) 11:00~1.13.(목) 15:00나. 운영 방식:비대면 수업 운영 원칙▪ 수강신청한 과목의 수업운영 방식을 확인하여 수업 수강 요망2. 기타: 상기 내용 외 사항은 기존 동계 계절수업 안내 사항과 동일함교 무 처 장,1.710204082,0.051020408,0,0.051020408,0,0.051020408,2.757142857,0
학사공지,568,575+학사지원실_2022학년도 1학기 재입학 안내,2022학년도 1학기 재입학 안내,학사지원실,2021-12-14,1911,https://www.jj.ac.kr/jj/community/notice02.do?mode=view&articleNo=190367&article.offset=200&articleLimit=100,"2022학년도 1학기 재입학 전형에 대해 다음과 같이 안내합니다.1. 신청대상: 자퇴,휴학만기,미등록 등의 사유로 제적된 자2. 제외대상(학칙 제13조 의거)가. 퇴학 등 징계처분으로 제적된 자나. 제적 후1학기 이상 경과하지 않은 자예) 2021년9월 제적(2021-2학기 제적자)→재입학 불가2021년8월 제적(2021-1학기 제적자)→재입학 가능3. 선발인원: 140명(정원 내 109명, 정원 외 31명)※ 모집단위 별 모집인원은 재입학 모집요강 참조4. 전형방법 및 선발기준: 신청자 수가 재입학 여석을 초과할 경우 선발 우선순위가. 총 취득학점이 많은 자나. 총 성적 평점평균이 높은 자5. 제출방법가. 제출서류: 재입학원서1부(해당 게시글 첨부파일에서 다운로드 가능)나. 제출기간: 2022. 1. 10.(월)~2. 8.(화) 12:00다. 제  출  처: 학사지원실(스타센터234호)6.전형일정구 분일 시(기 간)비 고신청서 접수2022. 1. 10.(월)~2. 8.(화) 12:00접수처(학사지원실)수강신청2022. 2. 9.(수)~2. 11.(금)재입학 탈락 시 수강 취소합격자 발표2022. 2. 14.(월) 15:00개별 통보합격자 등록기간2022. 2. 17.(목)~2. 18.(금) 16:007.유의사항가. 제적 당시 학년 및 전공으로 재입학하는 것을 원칙으로 하며 제적 당시 학과(전공)가구조조정 등으로 폐지 되었으나동일 계열의 유사학과(전공)가 있는 경우 유사학과를선택하여 입학할 수 있음. (사전 문의 필수)나. 합격 후 등록기간 내에 등록하지 않으면 재입학 승인을 취소함8. 문의처: 학사지원실(☎063-220-2083)2021. 12.교 무 처 장",0.024096386,0.024096386,0.024096386,0.240963855,0.168674699,0.024096386,1.723525682,0
학사공지,567,506+학사지원실_2021학년도 1학기 수강신청 안내,2021학년도 1학기 수강신청 안내,학사지원실,2021-12-01,19405,https://www.jj.ac.kr/jj/community/notice02.do?mode=view&articleNo=190290&article.offset=300&articleLimit=100,"2021학년도 1학기 수강신청 기간을 다음과 같이 안내하오니재학생 여러분께서는 일정을 참고하여 수강신청하여 주시기 바랍니다.1. 수강바구니 기간: 2021. 1. 20.(수) 11:00∼1. 22.(금) 17:002. 장애학생 수강신청 기간: 1. 27.(수) 11:00∼1. 29.(금) 17:003. 재학생 수강신청 전체 기간: 2. 3.(수)∼2. 5.(금)- 2. 3.(수) 11:00∼17:00 / 학번 끝자리 홀수인 학생- 2. 4.(목) 11:00∼17:00  / 학번 끝자리 짝수인 학생- 2. 5.(금) 11:00∼17:00 / 전체 재학생4. 폐강과목 게시 및 안내- 2. 10.(수) 15:00 본교 홈페이지 공지사항(학사) 게시 및 안내 예정(※폐강과목 수강 학생에게 개인별 안내 및 공지 없음)5. 수강신청 정정기간(폐강과목 수강신청자 포함): 2. 26.(금) 11:00∼3. 8.(월) 18:006. 신입생/편입생 수강신청: 2. 25.(목) 11:00∼17:007. RUCK 강좌 수강신청: 2. 26.(금) 11:00∼3. 8.(월) 18:00※ 직전학기 평점평균 3.0 이상인 경우 수강신청 가능8. 수강취소 기간: 3. 9.(화) 11:00∼3. 15.(월) 18:009. 개설 교과목 시간표 확인: 1.15.(금) 11:00부터※ 인스타 로그인 -> 학사관리 -> 수업계획서(개설강좌) 조회 -> 학과선택 -> 조회(시간표는 수강신청 편람 아닌 인스타에서 확인 가능하며, 학과 사정에 따라 시간표가 변동될 수 있습니다.)10. 학과학년제한 해제: 2. 26.(금) 11:00부터- 해제영역: 외국어, 인성, 의사소통, 소프트웨어, 기초, 채플, 기독교, 교직과목※ 핵심교양은 학과학년제한 해제에서 제외11. 문의전화- 교양과목(수퍼스타칼리지 교양학부): 220-3097(통합,핵심,자유교양), 2008(외국어),2009(인성),2603(소프트웨어,의사소통)- 교직과목(사범대학 교육학과): 220-2346- 채플&기독교과목(선교지원실): 220-2423, 2737,3149- 수강신청시스템 및 기타문의(학사지원실): 220-2134, 2083, 241712. 수강신청 자주묻는 질문(FAQ) 및 답변: 붙임 파일 참조",1.865630713,0,0,1.737659963,0.036563071,0.018281536,1.646252285,0
학사공지,566,571+통합 관리자_전공능력 성과관리 자기평가 실시 안내,2021학년도 전공능력 성과관리 자기평가 실시 안내,통합 관리자,2021-11-22,1250,https://www.jj.ac.kr/jj/community/notice02.do?mode=view&articleNo=190363&article.offset=200&articleLimit=100,2021학년도 전공능력 성과관리 자기평가 실시를 안내하오니 학생 여러분께서는 적극적으로 참여해 주시기 바랍니다.1. 진단대상: 학부 재학생 전체(다전공 이수자는 주전공 및 다전공 모두 진단 실시)2. 진단기간: 2021. 11. 22.(월) ~ 12. 3.(금)3. 참여방법- 모바일: JJ SMART CAMPUS 로그인 -> 전공능력 성과관리 자기평가 -> 참여하기- PC: inSTAR 로그인 -> 전공능력 성과관리 자기평가 -> 참여하기 (바로가기)4. 문의: 교육과정평가센터 063-220-2829,0,1.317168271,0,0,0,0,2.35165103,0
학사공지,565,570+융합학부_로전공 이수 및 변경신청 안내(2차),2021학년도 2학기 연계‧융합‧마이크로전공 이수 및 변경신청 안내(2차),융합학부,2021-11-17,1165,https://www.jj.ac.kr/jj/community/notice02.do?mode=view&articleNo=190362&article.offset=200&articleLimit=100,"2021학년도2학기Superstar College연계‧융합‧마이크로전공 이수 및 변경신청(2차)관련 안내합니다.재학생 여러분의 많은 관심과 신청 바랍니다.1.신청 관련 안내1)신청자격:신(편)입학 후2학기 이상 등록한 자2)신청기간:11. 22.(월)~12. 5.(일)/매 학기1-2주차, 12-13주차 진행3)신청절차: inSTAR를 통해 신청→신청기간이 끝난 후융합교육지원센터의 승인→이수 가능(세부적인 신청 방법은 첨부파일 참조)2.연계‧융합‧마이크로전공 관련 안내1)이수 기준구분복수(부)전공총이수학점주전공중복인정 학점융합교과목이수학점ⓐ참여전공이수학점ⓑ선택이수학점ⓐorⓑ연계전공복수전공36학점15학점 이내-21학점 이상-융합전공복수전공36학점12학점 이내12학점 이상9학점 이상3학점부전공21학점6학점 이내9학점 이상3학점 이상3학점마이크로전공12학점3학점 이내-9학점 이상-2)전공별 소개:http://www.jj.ac.kr/sc홈페이지의 전공별 안내자료 참고3)이수 관련 문의:교육혁신본부 융합교육지원센터(대학본관228호/ 063.220.2821-4)3.연계‧융합전공 현황 안내1) 5개 연계전공연계전공독서‧논술교육벤처창업보육학식품영양학중국비즈니스-2) 17개 융합전공융합전공경영법학국토정보학농생명-ICT대물차량손해사정드론융합라이프스타일기획보컬퍼포먼스사회적경제스마트시티스마트팜스토리미디어실감미디어일본IT융합탄소융합혁신리빙랩AI TechFood R&BD---3) 9개 마이크로전공마이크로전공기초실감미디어프로그래밍로컬크리에이터와의실감미디어협력프로젝트실무리빙랩디자인리빙랩외식컨설턴트문화적도시재생사회문제해결을위한실감미디어디자인실감게임콘텐츠실감콘텐츠기획Fundamental창업컨설턴트4.기타 안내:연계‧융합전공 이수 승인이 되지 않았더라도,관련 교과목의 수강신청이 가능하며,연계‧융합전공 해당 교과목이라면 전공 이수 전에 수강한 교과목도 인정 가능-수퍼스타칼리지 융합학부-",0.106609808,0,0.447761194,0.948827292,0.042643923,0,1.599147122,0
학사공지,564,569+학사지원실_021학년도 동계 계절수업 운영 안내,2021학년도 동계 계절수업 운영 안내,학사지원실,2021-11-17,5929,https://www.jj.ac.kr/jj/community/notice02.do?mode=view&articleNo=190361&article.offset=200&articleLimit=100,"2021학년도 동계 계절수업을 다음과 같이 운영하고자 하오니관심있는 재학생들의 많은 신청 바랍니다.1. 계절수업 운영 일정구 분기 간비 고수강신청12. 1.(수) 11:00 ~ 12. 3.(금) 18:00폐강과목 공고12. 6.(월) 15:00본교 홈페이지 학사게시판 공고폐강과목수강신청 정정기간12. 7.(화) 11:00 ~ 18:00폐강과목 수강 신청자만수강신청 정정 가능수업료납부(등록기간)12. 8.(수) 09:00 ~ 12. 10.(금) 16:00고지서 출력(12. 7.화. 오후 7시 부터 가능)우리은행 영업시간 내 납부가능수강취소2021.12. 13.(월) 11:00 ~2021.12.31.(금)  17:00- 미등록 시 수강신청내역은 일괄 취소처리함- 등록 후, 수강취소시 환불기준에 의거 환불 조치함- 수강취소 방법: inSTAR 로그인-학사관리-수강신청내역/취소-수강신청리스트에서 수강취소 과목 선택 후 저장계절수업 기간2021.12. 20.(월) ~2022. 1. 7.(금)- 원격중심수업은 온라인으로 진행- 기말시험 수업시간표 시간에 대면시험 참석하여야 함성적 확인 기간2022. 1. 12.(수) ~ 1. 13.(목)* 등록금 고지서(납부확인서) 출력: inSTAR-장학/등록-등록관리-등록금 고지서/납부확인서(출력)2. 수강신청 학점: 최대 6학점 이내(2015학번 이전 최대 9학점 이내)* 수강신청방법: 인스타(inSTAR) 로그인 -  수강신청 - 수강신청 메뉴에서 수강 희망과목 선택 및 저장* 원격중심 수업: 최대 3학점 이내(야간교육과정 재학생 최대 6학점 이내)*원격중심 수업은 출석인정(취업사유)을 제출한 학생인 경우도 사이버캠퍼스에서 수업을 정상 수강해야 함(취업사유로 인한 출석인정 해당사항 없음)3. 수업방식가.대면수업을 원칙으로 진행(단, 원격중심수업은 온라인으로 진행)※대면수업 진행 시 교내 코로나19방역 대책(제5판)에 따른 강의실 및 수업 전후 방역사항(강의 중 마스크 착용,손소독제 비치,강의실 환기 등)철저 준수하여 운영 예정나. 기말시험은 대면평가를 원칙으로 함(단, 원격중심수업은 관련 규정에 의거 비대면 시험도 가능함)다. 계절수업 수강생은 수업 방식 및 수업 시간표를 사전에 확인하여 수업 참석 요망4. 평가(성적산출)방법: 절대평가(2021-2학기와 동일)5. 수업료: 1학점 당 80,000원6. 개설과목: 붙임 자료 참조7. 등록금 환불기준사유 발생 시기반환 금액비고개강 전전액 환불개강 후 수업일 수 1/3 이내(2021.12.24.금 까지)납입금 2/3 반환개강 후 수업일 수 2/3 이내(2022.1.3.월 까지)납입금 1/3 반환개강 후 수업일 수 2/3 초과(2022.1.4.화 부터)반환하지 않음수강취소 불가8. 유의사항가. 등록일자 엄수 요망: 12월 10일(금)까지 등록금을 납부하지 않은 자의 수강신청 내역은 무효 처리함나.2021-2학기에 기 수강한 과목과 동일과목을 수강한 경우 해당 수강 내역은 수강취소처리 함다. 채플 과목은8학기 이상 이수자(건축학과 10학기 이상) 중, 채플미이수한 재학생만 수강신청 가능함라. 수강신청 정정신청은 최초 수강신청 후, 폐강과목을 수강신청 한 재학생에 한하여 가능함마. 사회봉사 과목 수강신청 방법:inSTAR 로그인-학사관리-사회봉사 교과목-교과목 신청(※자세한 사항: 사회봉사센터 홈페이지 수강신청 관련 게시물 참조)9. 계절수업 관련 문의처가. 교양과목: 수퍼스타칼리지 교양학부 220-4648, 3097나. 융합전공: 수퍼스타칼리지 융합학부 220-2821, 2823다. 채플: 선교지원실 220-2423라. 수업료 납부 및 환불: 재무지원실 220-3110마. 원격강좌 수업: 원격교육지원센터 220-2805바. 사회봉사 과목 수강 신청 및 취소: 사회봉사센터 220-4697사. 계절수업 수강신청 및 취소: 학사지원실 220-2134붙임 2021학년도 동계 계절수업 개설 교과목 현황(게시용) 1부.  끝.",1.954616146,0.093312597,0.082944531,0.34214619,0.041472265,0.072576464,1.456948961,0
학사공지,563,568+학사지원실_ 학생평가(성적산출) 방법 변경 안내,2021학년도 2학기 학생평가(성적산출) 방법 변경 안내,학사지원실,2021-11-16,2520,https://www.jj.ac.kr/jj/community/notice02.do?mode=view&articleNo=190360&article.offset=200&articleLimit=100,"2021학년도 2학기 학생평가(성적산출) 방법 변경 안내1. 변경사항구 분변경 전변경 후성적산출방법절대평가개인 레슨형 전공실기, 개인(팀) 프로젝트,Capstone Design 유형 교과목전 교과목 절대평가 원칙(단, 교과목 특성에 따라 담당 교원이 상대평가 시행 가능)상대평가절대평가 과목 외 모든 교과목2. 적용기간: 2021-2학기에 한 함-교무처장 -",0.39800995,2.6710199,0,0,0,0,2.372512438,0
학사공지,562,541+학사지원실_년도 2학기 복학 및 휴학 신청 안내,2021학년도 2학기 복학 및 휴학 신청 안내,학사지원실,2021-11-06,7669,https://www.jj.ac.kr/jj/community/notice02.do?mode=view&articleNo=190329&article.offset=200&articleLimit=100,"2021학년도 2학기 복학 및 휴학 신청 안내1복학 신청1. 복학 신청 주요사항 안내구 분내 용대 상■ 일반휴학 및 군입대 휴학 후, 휴학기간이 만료(예정)인 자■ 휴학기간이 남아있으나 조기 복학을 희망하는 자신청 기간■ 1차:2021. 6. 21.(월)~ 8. 9.(월) ※ 가급적 1차에 복학하여 수강신청 권장■ 2차: 2021. 8. 10.(월) ~ 8. 29.(일)■ 3차: 2021. 8. 30.(월) ~2020. 10. 2.(토)- 개강 후 5주 이내신청 방법■ inSTAR(인스타) 홈페이지 학사관리 메뉴에서 직접 신청처리 절차■ 인스타 로그인 → 학사관리 메뉴 → 복학신청 →신청 즉시 복학 처리됨증빙 서류■ 일반휴학 후 복학자: 증빙서류 없음■ 군휴학 후 복학자: 전역증 또는 전역 확인 증명서(①~③ 중 1부) 첨부① 병적증명서(병무청 발급)② 복무확인서(부대/근무처 발급)③ 병역사항 기재된 초본(주민센터 발급)2. 복학자 수강신청 안내구 분내 용신청기간■ 수강바구니 신청 기간: 2021. 7. 27.(화) ~ 7. 29.(목)■수강신청 기간: 2021. 8. 10.(화) ~ 8. 12.(목)- 장애학생: 2021. 8. 3.(화) ~ 8. 4.(수)수강신청학번안내■ 추후 수강신청 관련 안내 참조수강신청방법■ 인스타 로그인 → 학사관리 메뉴 → 수강신청※ 복학 신청이 완료되어야 수강바구니 기간에 수강 희망과목 담기 가능기타사항■복학 예정자의 경우 가급적2학기 수강신청 마감일(2021. 8. 12.)까지 복학 신청하여 기간 내에 수강신청을 완료하여 주시길 바랍니다.3. 등록금 납부가. 등록금 고지서 출력: 인스타 로그인 → 수강신청 메뉴 → 등록금 고지서나. 등록금 납부기간 내 납부 처리 가능(납부 기간 : 2021. 8.23.(월)~ 8.27.(금) 예정,  추후 홈페이지 공지 확인)다.휴학 전 등록금을 기 납부한 학생은 등록금 납부 없음(휴학 전 납부한 등록금은 복학 후 첫 학기 등록금으로 자동 이월처리)2휴학 신청1. 휴학 신청 주요사항 안내가. 일반 휴학구 분내 용대 상(휴학사유)■ 질병: 4주 이상 출석할 수 없는 자■ 창업: 사업체 창업 또는 기존 사업체 경영하려는 자■ 기타 사유 - 자기개발, 가계곤란, 임신·출산·육아, 천재지변, 돌발사고,장애학생, 그 밖에 학장이 휴학이 필요하다고 인정한 자휴학 기간■ 1년 단위(2학기) 휴학 신청(※ 1년 휴학 신청하였어도, 6개월 뒤 복학 신청 가능함)신청 기간2021. 6. 21.(월) ~ 2021. 10. 2.(토)(※ 인스타 신청은 상시 가능하며 서류 제출은 접수기간에 가능함)접수 기간1차2021. 7. 19.(월) ~ 2021. 7. 24.(토)2학기 등록금을 미납자는4차까지만 신청 가능2차2021. 8. 16.(월) ~ 2021. 8. 28.(토)3차2021. 9. 13.(월) ~ 2021. 9. 18.(토)4차2021. 9. 27.(월) ~ 2021. 10. 2.(토)5차2021. 10. 11.(월) ~ 2021. 10. 16.(토)등록금 납부자만 신청 가능신청 방법■ inSTAR(인스타) 홈페이지에서 신청 후 학과사무실 방문 접수처리 절차■ 인스타 로그인 → 학사관리 메뉴 → 휴학신청서 작성 → 신청서 출력→ 학과 사무실 방문(CA 및 지도교수 또는 학과장 상담) 및 제출(1~5차 접수기간 내)증빙 서류■ 질병: 4주 이상 진단서■ 창업: 사업자등록증 또는 법인등기부등본 사본 1부.■ 임신 및 출산: 진단서, 가족관계증명서■ 기타 사유: 증빙서류 없음휴학 제한■신·편입생 및 재입학생의 경우 입학 첫 학기는 휴학 신청 제한(※ 단, 5주 이상의 질병 치료 목적의 휴학 또는 군휴학만 가능함)나. 병역(군입대) 휴학구 분내 용대 상■ 군입대 예정인 자 ■ 군복무 연장 예정인 자신청기간■ 군입대 전■ 군입대일 1주일 전부터 신청 가능함신청방법■ inSTAR(인스타) 홈페이지에서 군휴학 신청 후 학과사무실 방문 접수처리절차■ 인스타 로그인 → 학사관리 메뉴 → 군휴학신청서 작성 → 신청서 출력→ 학과 사무실 방문(CA 및 지도교수 또는 학과장 상담) 및 제출 → 접수완료증빙서류■ 병역의무 이행 증빙서류 1부.(입영통지서, 사회복무요원 소집 통지서 등)2. 휴학 변경 안내가. 일반휴학 → 군휴학 변경구 분내 용대 상■일반휴학 후 군입대 사유로 군휴학으로 변경하려는 자신청기간■ 군입대 전■ 군 입대일 1주일 전부터 신청 가능함신청방법■ inSTAR(인스타) 홈페이지에서 군휴학 신청 후 학과사무실 방문 접수처리절차■ 인스타 로그인 → 학사관리 메뉴 → 군휴학신청서 작성 → 신청서 출력→ 학과 사무실 방문(CA 및 지도교수 또는 학과장 상담) 및 제출 → 접수완료증빙서류■ 병역의무 이행 증빙서류 1부.(입영통지서, 사회복무요원 소집 통지서 등)주의사항■ 군휴학으로 변경하지 않고 입대한 경우 해당학기 일반휴학으로 처리됨(※군입대 후 본인이 신청할 수 없는 경우,가족 대리 신청 가능함)나. 군휴학 → 일반휴학 변경구 분내 용대 상 자■전역 후, 복학 예정학기에 복학하지 않고 일반 휴학을 신청하려는 자신청기간■전역 후, 복학 예정학기 개강일 전까지신청방법■ inSTAR(인스타) 홈페이지에서 복학신청■ 복학신청 완료 후, 인스타에서 일반휴학 신청 뒤 학과사무실 방문 접수처리절차■ 인스타 로그인 → 학사관리 메뉴 → 복학신청 → 일반휴학 신청서 작성 → 신청서 출력 → 학과 사무실 방문(CA 및 지도교수 또는 학과장 상담) 및 제출 → 접수완료증빙서류■ 군휴학 후 복학자: 전역증 또는 전역 확인 증명서(①~③ 중 1부) 첨부① 병적증명서(병무청 발급)② 복무확인서(부대/근무처 발급)③ 병역사항 기재된 초본(주민센터 발급)주의사항■ 군휴학 후 복학처리를 먼저 신청해야 일반휴학 신청이 가능함3. 휴학 연장 안내구 분내 용대 상■ 일반휴학(1년 단위) 기간 만료 후, 휴학을 연장하려는 자■ 병역의무 만료 복학 예정자 중 일반휴학을 신청하려는 자신청기간■ 휴학 만료 학기 수업종료일부터 복학 학기 개시 이전까지(복학 학기 수업일수 1/3 이내에 휴학 연장 신청 가능함)신청방법■ inSTAR(인스타) 홈페이지에서먼저 복학 신청 후 휴학 신청,1~5차 접수기간에 학과사무실 방문 접수처리절차■ 인스타 로그인 → 학사관리 메뉴 → 휴학신청서 작성 → 신청서 출력→ 학과 사무실 방문(CA 및 지도교수 또는 학과장 상담)및 제출 → 접수완료주의사항■ 일반 휴학의 경우 신입생의 경우 최대 8학기(4년) 휴학 가능함(3학년 편입생의 경우 최대 4학기 휴학 가능함)3기타 사항1. 개인정보 수정 안내가. 대상자: 개인정보(주소, 핸드폰 연락처 등)가 변경된 재학생 및 휴학생나. 수정방법: 인스타 → 개인정보 수정 클릭 → 개인정보 수정 후 저장다. 학사 관련 업무 발생 시 연락할 수 있도록 개인정보 변경(수정) 요망2. 관련 문의- 학사지원실담당자(☎063-220-2417)- 학과사무실(연락처별도 파일 참조)교무처 학사지원실",0.070859167,0,0.005904931,4.424042152,0.070859167,0.011809861,1.472712407,0
학사공지,561,505+학사지원실_ 1학기 학점교류 실시 및 신청 안내,2021학년도 1학기 학점교류 실시 및 신청 안내,학사지원실,2021-11-01,2215,https://www.jj.ac.kr/jj/community/notice02.do?mode=view&articleNo=190289&article.offset=300&articleLimit=100,"2021학년도 1학기 학점교류 실시 및 신청 안내국내 대학 간 학점교류 협정에 의거하여 2021학년도 1학기 학점교류 학생을다음과 같이 접수하오니 관심 있는 재학생들의 많은 신청 바랍니다.순교류대학신청기한수학 안내문(대학명 클릭)신청자격1전북대1.12.(화)전북대학교- 2학년 이상인 자- 2학기 이상 수료한 자- 직전 학기까지 총 평점평균 3.0이상인 자- 타대학 학점교류 이수 후, 1학기 이상 본교 등록이 가능한 자(2021년 8월 졸업 예정자 신청 대상 제외)- 재학 중 최대 4개 학기 수학 가능2제주대1.13.(수)제주대학교3울산대1.22.(금)울산대학교4경남대1.22.(금)경남대학교5계명대1.26.(화)계명대학교6군산대2.8.(월)군산대학교7한남대2.19.(금)한남대학교8아주대2.23.(화)아주대학교9고려대1.22.(금)고려대학교- 3학년 이상인 자- 4학기(70학점) 이상 수료한 자- 직전 학기까지 총 평점평균 3.0이상인 자- 타대학 학점교류 이수 후, 1학기 이상 본교 등록이 가능한 자(2021년 8월 졸업 예정자 신청 대상 제외)- 재학 중 최대 2개 학기 수학 가능10연세대2.1.(월)연세대학교1. 신청방법: 제출서류를 학과 사무실에 제출(학점교류 과목 이수계획서는 작성 후, 소속 학과 조교에게 확인 후 학과장 서명 받을 것)2. 제출서류(붙임 양식 참조)가. 국내대학 학점교류 신청서 1부.나. 국내대학 학점교류 과목 이수 계획서 1부.3. 유의사항가.교류 대학의 원격(비대면) 수업만 수강하는 것을 권장합니다.(코로나19 감염 예방을 위한 타지역 이동 및 접촉 최소화)나. 교류대학별로 추천기한이 상이하여 접수기간이 다른 점을 유의하시기 바랍니다.다. 붙임 자료의 수학 안내문이 없는 대학의 경우 해당 대학에서 공문이 발송되지 않은 것입니다.(안내문이 없는 대학으로의 학점교류는 접수하는 대로 공지할 예정임)라.이수 계획서에 기재된 과목이 아닌 다른 과목을 신청할 시에는 성적부여가 되지 않습니다.마.2021년 8월 졸업예정자(2021-1학기가 마지막 학기인 학생)는 신청 대상에서 제외 됩니다.4. 관련 문의: 학사지원실(063-220-2134) 또는 학과 사무실붙임  1. 학점교류 신청서 및 교류대학 과목 이수계획서 1부.2. 수학대학 안내문 각 1부.",0.017905103,0.017905103,1.357910219,1.30419491,0.053715309,0,1.286289807,0
학사공지,560,565+학사지원실_내 대학 학점교류 실시 및 신청 안내,2021학년도 동계 계절학기 국내 대학 학점교류 실시 및 신청 안내,학사지원실,2021-10-25,2211,https://www.jj.ac.kr/jj/community/notice02.do?mode=view&articleNo=190357&article.offset=200&articleLimit=100,"2021학년도 동계 계절학기 학점교류 실시 및 신청 안내국내 대학 간 학점교류 협정에 의거하여 2021학년도 동계 계절학기 학점교류 학생을다음과 같이 접수하오니 관심 있는 재학생들의 많은 신청 바랍니다.순교류대학신청기한수학 안내문(대학명 클릭)신청자격1전북대10.29.(금)전북대학교- 2학년 이상인 자- 2학기 이상 수료한 자- 직전 학기까지 총 평점평균 3.0 이상인 자- 타대학 학점교류 이수 후, 1학기 이상 본교 등록이 가능한 자(2022년 2월 졸업 예정자 신청 대상 제외)- 재학 중 최대 4개 학기 수학 가능2울산대11.09.(화)울산대학교3군산대11.08.(월)군산대학교4제주대11.19.(금)제주대학교5아주대11.25.(목)아주대학교6한남대12.2.(목)한남대학교7계명대12.1.(수)계명대학교8호남대11.29.(월)호남대학교8고려대11.15.(월)고려대학교- 3학년 이상인 자- 4학기(70학점) 이상 수료한 자- 직전 학기까지 총 평점평균 3.0이상인 자- 타대학 학점교류 이수 후, 1학기 이상 본교 등록이 가능한 자(2022년 2월 졸업 예정자 신청 대상 제외)- 재학 중 최대 2개 학기 수학 가능9연세대11.3.(수)연세대학교* 학점교류 협약대학에서  학점 교류 안내 공문이 도착하면 해당 대학 자료를 추가로 업데이트 예정입니다.1. 신청방법: 제출서류를 학과 사무실에 제출(학점교류 과목 이수계획서는 작성 후, 소속 학과 조교에게 확인 후 학과장 서명 받을 것)2. 제출서류(붙임 양식 참조)가. 국내대학 학점교류 신청서 1부.나. 국내대학 학점교류 과목 이수 계획서 1부.3. 유의사항가.수도권 내 소재한 대학의 경우 교류 대학의 원격(비대면) 수업만 수강하는 것을 권장합니다.(코로나19 감염 예방을 위한 타지역 이동 및 접촉 최소화)나. 교류대학별로 추천기한이 상이하여 접수기간이 다른 점을 유의하시기 바랍니다.다. 붙임 자료의 수학 안내문이 없는 대학의 경우 해당 대학에서 공문이 발송되지 않은 것입니다.(안내문이 없는 대학으로의 학점교류는 접수하는 대로 공지할 예정임)라.이수 계획서에 기재된 과목이 아닌 다른 과목을 신청할 시에는 성적부여가 되지 않습니다.마.2022년 2월 졸업예정자(2021-2학기가 마지막 학기인 학생)는 신청 대상에서 제외 됩니다.4. 관련 문의: 학사지원실(063-220-2134) 또는 학과 사무실붙임  1. 학점교류 신청서 및 교류대학 과목 이수계획서 1부.2. 수학대학 안내문 각 1부.",0.016542597,0.016542597,1.087240434,1.004527448,0.049627792,0,1.004527448,0
학사공지,559,564+학사지원실_2021-2학기 대체 보강일 지정안내,2021-2학기 대체 보강일 지정안내,학사지원실,2021-10-18,2686,https://www.jj.ac.kr/jj/community/notice02.do?mode=view&articleNo=190356&article.offset=200&articleLimit=100,"2021학년도 2학기 공휴일과 관련하여 대체보강일을 안내하오니 재학생 여러분들은수업참석에 참고하시기 바랍니다.순대체 보강일휴무일비 고12021.10.25.(월)2021.09.20.(월)추석연휴22021.10.26.(화)2021.09.21.(화)추석32021.10.27.(수)2021.09.22.(수)추석연휴42021.10.28.(목)2021.10.04.(월)개천절 대체휴일52021.10.29.(금)2021.10.11.(월)한글날 대체휴일62021.10.30.(토)2021.10.09.(토)한글날,미래융합대학 강좌에 한함- 보강주간은 휴무일에 해당되는 수업을 보강할 수 있도록 지정된 주간으로, 지정된 보강수업 또는 승인된 보강수업 이외의 수업을 진행할 수 없음.- 휴무일에 대한 강의를 미리 보강하였거나, 대체보강일 외의 다른 일정으로 보강신청한 강좌는 제외됨.※ 2021-2학기 기말시험주간: 2021.12.13.(월)~12.18.(토)※ 정부의 단계적 일상회복(위드 코로나) 방안에 따라 대면수업이 확대 될 예정이오니,대면수업 확대에 지장이 없도록 재학생 여러분의 많은 협조 부탁 드립니다.학 사 지 원 실",2.098765432,0.035273369,0,0.035273369,0,0.24691358,1.463844797,0
학사공지,558,552+학사지원실_우미>> 카카오채널 서비스 오픈 안내,<<전주대휴복학도우미>> 카카오채널 서비스 오픈 안내,학사지원실,2021-10-08,1209,https://www.jj.ac.kr/jj/community/notice02.do?mode=view&articleNo=190341&article.offset=200&articleLimit=100,전주대 휴학생 및 복학예정자를 위해 <<전주대휴복학도우미>> 카카오채널이 오픈되었습니다.카카오채널을 추가하여 대학생활에 많은 도움이 되시길 바랍니다~■ 카카오채널 추가: http://pf.kakao.com/_srhns■휴학유경험자들이 휴학생에게 해주고 싶은 말(2021-2학기 복학예정자 휴학 후기중에서)■ 전주대휴복학도우미를 이용하면 좋은 점!- 휴복학에 대해 언제든지 궁금한 점 질문- 슬기로운 휴학생활 정보 받아보기- 휴학 중 학교 소식 받아보기- 휴복학 관련 학사일정 받아보기■ 전주대휴복학도우미 소개,0,0,0,1.912280702,0,0.070175439,1,0
학사공지,557,562+학사지원실_ 방안 재안내(10.05.부터 적용),2021학년도 2학기 수업 운영 방안 재안내(10.05.부터 적용),학사지원실,2021-09-17,6975,https://www.jj.ac.kr/jj/community/notice02.do?mode=view&articleNo=190354&article.offset=200&articleLimit=100,"2021-2학기 수업 운영 방안 안내코로나19 감염증 확산 상황 및 정부의 사회적 거리두기 단계에 따른 2학기 수업운영 방안을다음과 같이 재안내하오니 학사운영에 협조하여 주시기 바랍니다.1. 수업운영 사항가.적용 기간:10월 5일(화)부터 ~ 12월18일(토)까지(※ 기존: 10월 2일(금) 까지 비대면 수업 원칙으로 진행)나. 운영 방식:2학기 수업 운영 기본 계획(첨부 자료)을 기준으로 운영 예정▪ 전공(교직) 교과목: 코로나19 사회적 거리두기 단계에 따른 수업 운영(대면, 혼합, 비대면)▪ 교양 교과목: 교양 영역 구분에 따라 혼합(On&Off)수업 또는 비대면(On&On) 수업 운영2. 협조 안내사항가. 2학기 개설과목 담당 교원은 수업 운영 변경사항(대면 및 비대면 수업 여부)을 사전에 재학생에게안내 요망-사이버 캠퍼스 공지사항, 출결앱, 재학생 SNS 등을 통하여 수업 변경 사항 안내나. 전주시 및 타지역 거주 학생은 변경되는 수업 운영 사항에 맞춰 수업 참여 준비를 하여 주시기 바랍니다.교 무 처 장",1.367508366,0,0,0,0,0,1.136294493,0
학사공지,556,574+학사지원실_ 1학기 학사학위취득 유예 신청 안내,2022학년도 1학기 학사학위취득 유예 신청 안내,학사지원실,2021-09-12,1740,https://www.jj.ac.kr/jj/community/notice02.do?mode=view&articleNo=190366&article.offset=200&articleLimit=100,2022학년도1학기 학사학위취득 유예(구.졸업연장)신청에 대해 다음과 같이 안내하오니 참고하시기 바랍니다.1.신청대상: 2021학년도 전기 졸업대상자(2022년2월)중 학칙이 정한 졸업요건을 전부 갖춘 학생2.방법 및 기간구 분방 법기 간비 고학사학위 취득 유예 신청inSTAR→학사관리→학사학위취득 유예 신청2022. 1. 10.(월)~1. 21.(금)※졸업사정 종료 후 최종 승인 여부를 인스타 또는 학과 확인 필수학사학위 취득 유예 포기 신청단과대학에 포기 신청서 제출(접수)2022. 2. 7.(월)~2. 25.(금)3.학사학위취득 유예구분 및 등록종 류목적등 록비 고교과목 재수강교과목 재이수를 통한성적 향상계절학기 수강료 기준:학점당8만원자기개발순수 자기개발진로지도세미나1학점수강신청 처리별도 등록 없음4.주의사항(필독)가.학사학위취득 유예는 학기 단위로 최대2회까지 신청 가능나.신청제외:조기졸업 신청자 및 외국인 유학생은 신청 불가다.학사학위취득유예기간 중 휴학 불가라.신청자가졸업사정에서 불합격한 경우 그 신청은 당연 취소됨5.문의:각 학과 사무실2021. 12.교 무 처 장,0.107913669,0.035971223,1.64696814,1.64696814,0.035971223,0,1.215313464,0
학사공지,555,567+학사지원실_2021-2학기 특별학점 신청 안내,2021-2학기 특별학점 신청 안내,학사지원실,2021-09-11,1746,https://www.jj.ac.kr/jj/community/notice02.do?mode=view&articleNo=190359&article.offset=200&articleLimit=100,"2021-2학기 특별학점 신청 안내1. 신청대상:정규학기 내 재학생가. 2019학번까지: 기존 특별학점제(외국어, 소프트웨어, K-MOOC) 신청 및 인정 가능나. 2020학번부터: K-MOOC특별학점만 신청 가능함(외국어 및 소프트웨어 인정 제외)다. 기타 특별학점 신청 제외 대상자1) 2021학년도 2학기 포함 8학기(건축학과 10학기) 초과 이수자2) 졸업기준 학점(외국어 및 정보화)이 없는 국제학생 및 편입생2.접수기간:2021. 11. 29.(화) ~ 12. 17.(금)3.자격증별 인정과목 및 학점: 2021학년도 2학기 수강편람 【붙임-1】 참조4.신청방법가. 인스타(inSTAR) 접속 → 학사관리 → 특별학점 신청※ 【붙임-2】 특별학점 신청 매뉴얼 참조나. 준비사항: 자격증 및 자격시험 성적표 원본(스캔 파일 첨부, 유효 기간 내 자격 한 함)※유효하지 않은 증빙자료(PC화면 캡쳐 이미지 등)는 불인정 처리5. 인정범위가.외국어 및 정보화(외국어3/정보화4)범위에서 재수강 처리만 인정/(F학점 제외)(2018학년도부터 순수(신규)학점인정 처리하지 않음)나. K-MOOC는 한 학기 1학점이 가능하며 재학 중 총 3학점까지만 인정※ K-MOOC로 신청하는 특별학점은 학점 신규취득 가능(최대 3학점까지)다.2015학번부터는79점 이하(C+이하)의 성적만 재수강 처리 가능함라. 성적인정 시기: 2020학년도 동계 계절학기 성적에 합산 처리6. 유의사항가. 특별학점으로 재수강 처리 받고자 하는 과목은 2021-2학기에 수강신청하지 않아야 함※기존에 이수한 과목 중에서 특별학점으로 재수강 처리 가능나. 특별학점 인정 자격증은 재학 기간 내에 취득한 자격증에 한함다. 이전에 특별학점으로 인정받은 자격증은 중복하여 인정되지 않음라. 입학 전 취득한 자격증으로는 특별학점 신청을 할 수 없음< 붙임 >1. 수강편람(특별학점) 1부.2. 특별학점 신청 매뉴얼 1부. 끝.",0.021119324,0.105596621,1.985744456,1.774551214,0,0,1.732312566,0
학사공지,554,545+학사지원실_공개 및 확인(이의 신청) 기간 안내,2021학년도 하계 계절수업 성적 공개 및 확인(이의 신청) 기간 안내,학사지원실,2021-09-07,1764,https://www.jj.ac.kr/jj/community/notice02.do?mode=view&articleNo=190334&article.offset=200&articleLimit=100,"2021학년도 하계 계절수업 성적 공개 및 확인(이의신청) 안내1. 성적 확인 및 성적 이의신청가. 성적 확인(이의신청)기간:  7.13.(화) 오전 11시 ~ 7. 14.(수) 오후 3시까지※성적확인 기간 중 성적 정정 처리 업데이트 시간(낮 12시~12시 30분, 오후 5시~5시30분)에는 성적 확인 불가나. 조회방법:  inSTAR or 전주대 포털 앱 -> 학사관리 -> 학기별 성적 조회다.이의신청:  inSTAR  -> 학사관리 -> '성적이의신청’을 통해서만 이의신청 가능2. 참고사항가. (중간, 기말, 과제 등) 성적평가 영역별 상세 성적을 조회 가능나.합리적 사유가 없는 이의신청(장학금 및 재수강 등 개인적 사정 등에 호소)은 이의신청 사유에 해당되지 않으며,해당 내용으로 성적이의신청 시청탁금지법에 위배되며 근거 자료로 남을 수 있으니 유의하시기 바랍니다.다.2021학년도 계절수업 성적을 포함한 성적증명서 발급은 7월 15(목) 오후 2시 이후 발급 가능하오니 참조하시기 바랍니다.교 무 처 장",0.827669903,1.371359223,0,1.099514563,0.038834951,0,0.944174757,0
학사공지,553,560+학사지원실_정정(변경)과목 사이버캠퍼스 수강안내,2021-2학기 수강신청 정정(변경)과목 사이버캠퍼스 수강안내,학사지원실,2021-08-30,2648,https://www.jj.ac.kr/jj/community/notice02.do?mode=view&articleNo=190351&article.offset=200&articleLimit=100,"2021-2학기 수강신청 정정(변경) 과목 사이버캠퍼스 수강 안내2021-2학기 수강신청 정정기간 중 과목 변경을 할 경우사이버 캠퍼스 수강교과목 확인가능 시간을 다음과 같이 안내하오니 수강 신청 변경 시 참조하시기 바랍니다.1. 대상과목: 수강신청 정정기간에 교과목 변경 후, 신규 수강 과목2. 사이버캠퍼스내 신규 과목 수강과목 확인 시간-  수강신청 정정기간(8.30.~9.3.) 에 1일 2회 동기화 처리하오니 수강신청 정정기간내에 교과목 수강에 참고하세요- 새벽4:30~12:30  사이에 수강정정과목: 12:30 이후 반영-12:30 이후 수강정정과목: 다음날 새벽 4:30 이후 반영해당 시간에 사이버캠퍼스에 반영되므로 착오없으시기 바랍니다.3.수강일이 지난 후 교과목을 추가한 경우 이전 수업은 결석처리 될 수 있으니 착오 없으시기 바랍니다.4. 사이버캠퍼스에 본인의 수강과목이 반영된 이후 부터 해당 교과목의 온라인 강의 수강이 가능하며,동기화이후에도 반영되지 않을경우 원격교육지원센터 (063-220-2805)로 문의 주시기 바랍니다.",1.306581059,0,0,1.081861958,0.037453184,0,2.051364366,0
학사공지,552,559+학사지원실_인(실시간) 강의 출석체크 방법 안내,2021학년도 2학기 전자출결 앱 이용 방법 및 온라인(실시간) 강의 출석체크 방법 안내,학사지원실,2021-08-29,2671,https://www.jj.ac.kr/jj/community/notice02.do?mode=view&articleNo=190350&article.offset=200&articleLimit=100,"2021학년도 2학기 전자출결 앱 이용 안내2021학년도 2학기에도 코로나19관련하여 비대면 수업이 이루어질 예정입니다.2학기 수강학생들은 다음과 같이 출결관리 앱 설치 및 사용방법을 참고하여 온라인 수업 출석처리를 준비하여 주시기 바랍니다.< 이용 방법 >① 출결관리 앱 설치※ 설치방법 : 전주대학교 포털 앱 ≫ 다운로드센터 ≫ 전주대 출결관리(iOS 또는 AndroidOS 중에 선택)(바로가기:https://www.jj.ac.kr/jj/smartjj/cloud/mobiledownload.jsp)② 출결관리 앱에서 과목별로 수업 방식을 확인하여 준비 (붙임. p.26 참조)-전자출결 앱 로그인 ≫ 중앙의 ""오늘의수업"" 아이콘 클릭※ 학생은 수업 주차/교시별로 교수자가 설정 수업 방식을 확인할 수 있음③ 온라인(실시간) 강의인 경우 출석체크 방법 숙지하여 준비 (붙임. p.18 참조)-전자출결 앱 로그인 ≫ (실시간 출석체크하는 수업인 경우)중앙의 ""출석체크"" 아이콘 클릭≫ 교수님이 알려주신 1회용 인증번호 입력※ 온라인(동영상) 강의인 경우 사이버캠퍼스(https://cyber.jj.ac.kr/) 에서 시청한 학습시간 등으로 출결이 처리됨붙임  전주대학교 모바일출결 앱 학생 사용 설명서 1부.",0.889389068,0,0,0,0,0,0.889389068,0
학사공지,551,557+학사지원실_결) 신청 안내 - 백신공결 시행 -,2021학년도 2학기 출석인정(일반공결) 신청 안내 - 백신공결 시행 -,학사지원실,2021-08-25,7119,https://www.jj.ac.kr/jj/community/notice02.do?mode=view&articleNo=190348&article.offset=200&articleLimit=100,"2021-2학기 출석인정(일반공결) 신청 안내○ 신청자격 및 제출서류(학칙시행세칙 제16조)순출석인정사유구분신청 자격신청기한신청학생 제출서류비 고1교육과정운영현장견학(실습)학과의 현장견학 또는 현장실습 참여결석일 전 1주일 이내제출서류 없음주관학과의 내부결재공문 첨부국고사업의 공식행사사업단에서 주최한 행사 참여〃제출서류 없음2학교대표로 대회 참가학생 운동선수에 해당학교대표: 학교 운동선수 또는 총장 결재를 받은 학교 대표〃제출서류 없음학과에서 공모전 또는 대회에 출전한다고 학교대표가 아님3법령에 의한 의무이행예비군 훈련 참여, 군입대 시험 응시 등결석사유 종료일다음 날부터 7일 이내- 예비군 훈련 확인증- 군입대 시험 응시 확인증 등재판으로 인한 법원출석은 미해당4본인의 상해나 질병병원 입원〃입퇴원확인서입원에 한하여 인정5법정전염병의 의심 또는 확진으로 격리 조치가 필요한 경우코로나19 확진자 및 자가격리자(진단검사 결과 대기자 포함)〃입원치료통지서 또는공공기관 발급 유증상자 및 자가격리자 증명서류진단검사자의 경우 보건소 통보 문자로 증빙 가능코로나19 백신 접종자- 접종 당일 1일- 접종 다음날 이상 증상 시 추가 1일접종 2일 후 증상 지속시 치료 기간〃- 접종 당일: 백신접종 확인서-접종 다음날 이상 증상: 증빙서류 불필요- 접종 다음날 후에도 증상 지속 시 진단서 제출* 백신 종류에 따라 2회 접종이 시행되는 경우회차별 동일 기준 적용6민법 제779조에 따른 가족의 사망- (외)조부모, 부모, 배우자, 자녀 사망 (공휴일 포함 5일 이내)- 형제자매 사망(공휴일 포함 3일 이내)〃사망확인서 및 가족관계증명서가족관계증명서 없을 시 무효7생리로 인한 공결(보건공결)여학생결석사유 종료일다음 날부터 7일 이내제출서류 없음8학생 본인이 결혼하는 경우학생 본인의 결혼(공휴일 포함 5일)결석일 전 1주일 이내청첩장○ 신청 시 유의 사항- 출석인정 기간:모든 사유를 합하여 출석인정 기간은 수업일수의1/3이내만 가능함(예) 주 1회 수업(15회수업)의 경우 보건공결 2회 사용 후 현장실습으로 4회 공결을 사용하고자 할 경우→ 수업일수 1/3이내(총5회)까지만 가능- 코로나19 관련 공결 신청:‘법정전염병’관련 항목을 선택하고 입력,사유종료일(자가격리일)다음날부터 입력 가능함(사전 입력 불가)-원격강좌,야간수업,온라인(동영상)강의는출석인정 대상 과목이 아니므로학생이 수강하여야 함(공결처리 되지 않음)-출석인정은 수업의 출석에 관한 사항을 인정하는 것이며,성적에 관한 사항은 담당교수의 평가기준을 적용받는 것이므로  담당교수의 기준에 따라야 함○ 신청 방법1. 인스타(https://instar.jj.ac.kr/)에 로그인2. 학사관리→출석인정신청→출석인정(일반)[신청 화면 참고]3. 「신규」버튼을 클릭한 후 신청구분에서 해당 사유 선택-  신청구분을 선택하면 우측에 상세 구분이 나타나므로 선택4. 결석일시: 해당사유로 처리해야 하는 시작일시부터 종료일시까지 입력가. 하나의 사유로 여러 번 신청하지 마세요.(3일의 경우: 예] 시작일시: 2021-03-02 09:00 종료일시: 2021-03-05 20:00까지 입력하여 한 건으로 입력하세요)나. 가족의 사망에 의한 공결시 인정기간* (외)조부모, 부모, 배우자, 자녀: 공휴일포함 5일이내   / * 형제자매: 공휴일포함 3일이내5. 신청 상세사유:해당 사유를 상세하게 입력6. 신청절차입력자료 확인 후 ""저장""버튼 클릭→ ""출석인정요청서""의 ""출력""버튼 클릭하여 출력→ ""출석인정요청서""의 서명을 득한 후→소속학과 사무실에 증빙서류와 함께 제출  (질병(코로나19포함) 및 가족사망 사유인 경우 수업담당교수 서명 필)- 교 무 처 장 -",0.099833611,0.06655574,0,0.898096668,0,0.022185247,0.964652409,0
학사공지,550,558+학사지원실_2학기 출석인정(취업사유) 신청 안내,2021학년도 2학기 출석인정(취업사유) 신청 안내,학사지원실,2021-08-25,2848,https://www.jj.ac.kr/jj/community/notice02.do?mode=view&articleNo=190349&article.offset=200&articleLimit=100,"2021-1학기 출석인정(취업사유) 신청 안내1. 신청 대상-신청 학기 졸업예정자로서수강신청 학점을 포함하여 졸업이수 기준을 충족한 학생 중 취업자※ 신청 학기의 수강신청 학점을 포함하여 졸업이수 기준을 충족한 학생(계절학기 이수 예정 학점 포함)2. 신청 기간1) 1차 접수(최초 신청):2021. 8. 30.(월) ~ 9. 10(금) /개강1~2주차※ 1차 접수기간에 학생 신청 후, 학과(조교)에서 증빙서류 확인 후 접수 함※ 1차 접수기간 이후 취업자는 취업일 기준 2주 이내 신청 요망2) 2차 접수(재직 확인):2021. 11. 29.(월) ~ 12. 3.(금) /학기13주차※ 2차 접수기간에 학생이 2차 서류 업로드 후, 학과(조교)에서 증빙서류 확인 후 2차 접수처리3. 신청 방법 (세부사항 붙임 참조)가. 인스타 로그인 (https://instar.jj.ac.kr접속 → 학번/비밀번호 입력)나. 메뉴: 학사관리 → 왼쪽 메뉴 출석인정 → 출석인정신청(취업사유) 탭 → 신규 클릭하여 신청서 작성4. 출석인정(취업사유) 신청 절차 및 증빙서류: 세부사항 붙임 참조< 취업사유 출석사유 신청자 유의사항 >가. 취업사유 출석인정 신청자는 신청서 제출 즉시 교과목 담당교수에게 알려야 함나.1차 접수 후 매주 금요일 한주간의 출석이 일괄 처리되므로출결관리 앱에서 해당 과목의 출결상황을 확인하여야 함다. 2차(최종) 서류 제출은 13주에 제출하여 최종 출석인정 확인을 받아야 함라.2차접수 기간에 서류를 제출하지 않은 학생의 경우 출석을 하지 않은 기간 모두를 결석으로 처리함마. 중도퇴직자의 경우 퇴직시점까지만 출석이 인정되며, 퇴직 후 바로 학업에 복귀하여야 함바. 취업사유 출석의 인정은 출석과 관련된 사항이며,성적평가는 해당 교과목 담당교수의 평가기준에 따라야 함사. 출석인정사항 입력정보(취업일, 회사변경 등..) 수정 요청시 웹종합정보시스템에서 수정할 수 있음아.원격강좌 및 야간수업은 출석인정(취업사유) 대상 과목이 아니므로 학생이 지속적으로 수강하여야 함(공결처리되지 않음)- 교 무 처 장 -",0.117531832,0.058765916,1.367489615,1.367489615,0.039177277,0.039177277,1.42625553,0
학사공지,549,556+융합학부_합전공 이수 및 변경신청 안내(1차),2021학년도 2학기 연계‧융합전공 이수 및 변경신청 안내(1차),융합학부,2021-08-20,1468,https://www.jj.ac.kr/jj/community/notice02.do?mode=view&articleNo=190346&article.offset=200&articleLimit=100,"2021학년도2학기Superstar College연계‧융합전공 이수 및 변경신청(1차)관련 안내합니다.재학생 여러분의 많은 관심과 신청 바랍니다.1.신청 관련 안내1)신청자격:신(편)입학 후2학기 이상 등록한 자2)신청기간:8. 30.(월)~9. 12.(일)/매 학기1-2주차, 12-13주차 진행3)신청절차: inSTAR를 통해 신청→신청기간이 끝난 후융합교육지원센터의 승인→이수 가능(세부적인 신청 방법은 첨부파일 참조)2.연계‧융합전공 관련 안내1)연계‧융합전공 이수 기준구분복수(부)전공총이수학점주전공중복인정 학점융합교과목이수학점ⓐ참여전공이수학점ⓑ선택이수학점ⓐorⓑ연계전공복수전공36학점15학점 이내-21학점 이상-융합전공복수전공36학점12학점 이내12학점 이상9학점 이상3학점부전공21학점6학점 이내9학점 이상3학점 이상3학점2)연계‧융합전공별 소개:http://www.jj.ac.kr/sc홈페이지의 전공별 안내자료 참고3)이수 관련 문의:교육혁신본부 융합교육지원센터(대학본관228호/ 063.220.2821-4)3.연계‧융합전공 현황 안내1) 5개 연계전공연계전공독서‧논술교육식품영양학벤처창업중국비즈니스보육학2) 16개 융합전공융합전공경영법학드론융합스마트시티탄소융합국토정보학라이프스타일기획스마트팜혁신리빙랩농생명-ICT보컬퍼포먼스스토리미디어AI Tech대물차량손해사정사회적경제일본IT융합Food R&BD4.기타 안내:연계‧융합전공 이수 승인이 되지 않았더라도,관련 교과목의 수강신청이 가능하며,연계‧융합전공 해당 교과목이라면 전공 이수 전에 수강한 교과목도 인정 가능-수퍼스타칼리지 융합학부-",0.127388535,0,0.458598726,1.091065588,0.050955414,0,1.825443278,0
학사공지,548,555+재무지원실_ 대학원)  추가 및 최종 등록 안내,"2021학년도 2학기 재학생(학부, 대학원)  추가 및 최종 등록 안내",재무지원실,2021-08-19,5551,https://www.jj.ac.kr/jj/community/notice02.do?mode=view&articleNo=190345&article.offset=200&articleLimit=100,"■ 등록 일정구 분등록등 록 기 간 (수납가능시간)고지서 출력비 고일시 납부자재(복)학생(학부, 각대학원)최초2021.8.23.(월) ∼ 8.27.(금) (09:00∼16:00)8월18일(수)예정학기개시 10일전 등록금수납추가2021.9.8.(수) ∼ 9.10.(금) (09:00∼16:00)최초 고지서로납부 가능학자금대출 신청마감10월14일(목)/대출실행: 등록기간 내 실행추가2차2021.9.23.(목) ∼ 9.24.(금) (09:00∼16:00)최종2021.9.27.(월) ∼ 9.29.(수) (09:00∼16:00)분납 신청자(학부생)신청기간2021.8.18.(수) ∼ 8.20.(금) (09:00∼16:00)온라인신청☞홈페이지☞인스타 등록관리☞분납신청/고지서출력1차 납부2021.8.23.(월) ∼ 8.27.(금) (09:00∼16:00)각 차수납부일분납 1차분 등록금 미납 시분할납부 신청이 자동 취소됨2차 납부2021.9.14.(화) ∼ 9.16.(목) (09:00∼16:00)1차 납부 후 다음 차수 등록금미납 시 분할납부 자동 취소됨3차 납부2021.10.12.(화) ∼ 10.14.(목) (09:00∼16:00)4차 납부2021.11.17.(수) ∼ 11.19.(금) (09:00∼16:00)학기 초과생(학부 9학기 이상 등록 대상자)신청기간수강신청 정정기간(8.27.금~9. 3.금)까지 수강신청 완료하면고지서 자동생성(별도 신청절차 없음)9. 7.(화)예정수강신청 학점 당 등록금액:1 – 3학점 (수업료의 1/6)4 – 6학점 (수업료의 1/3)7 – 9학점 (수업료의 1/2)10학점이상(수업료전액)최초2021. 9. 8.(수) ∼ 9. 10.(금) (09:00∼16:00)최종2021. 9. 27.(월) ∼ 9. 29.(수) (09:00∼16:00)※학기 초과생(9학기이상 등록대상)은수강신청 정정기간 이후 등록금 고지서가 자동 생성됨※분할납부를 원하는 학생은 분할납부 신청기간에 반드시 신청완료 해야함※복학생은 복학 수속을 마친 후학교홈페이지인스타(inSTAR)/등록관리에서등록고지서 출력하여 등록기간에 납부☞등록고지서가 개별적으로 발송되지 않으므로, 아래와 같이 학교 홈페이지에서 출력하시기 바랍니다.☞등록고지서 및 납부확인서 출력- 학교 홈페이지☞인스타(inSTAR)☞ 장학/등록☞ 등록관리☞ 등록금고지서(출력)☞ 납부확인서(출력)- 등록금 납부확인은 해당은행 홈페이지 공과금(등록금☞ 납부내역조회)에서 확인이 가능하고, 등록금 납부확인서는 등록금 납부 다음날(익일)에 출력이 가능합니다.■ 등록제도1. 일시납부: 은행창구, 인터넷뱅킹(공과금(세금과공과)☞대학등록금☞ 조회/납부)폰뱅킹을 이용한 가상계좌 이체2. 카드납부- 우리카드:우리은행창구, 우리카드 홈페이지에서 납부(6개월 무이자 할부)- 전북은행카드 :전북은행 창구에서 납부(2개월 무이자 할부)3. 분할납부 신청:학교홈페이지 인스타(inSTAR)☞장학/등록☞등록관리☞분할납부신청/등록4. 학자금대출 신청:한국장학재단(www.kosaf.go.kr)에서대출신청☞ 승인 후☞대출금 지급 실행■ 등록방법1. 수납은행:우리은행, 국민은행, 전북은행, 농협, 하나은행 전국 영업점(분납신청자:우리은행 납부)2. 은행창구 납부:등록고지서를 지참하여 우리, 국민, 전북, 농협, 하나은행 창구에서 등록금 납부3. 가상계좌 납부:인터넷뱅킹, ATM기, 텔레뱅킹을 이용하여 무통장 입금(해당은행 뱅킹신청자에 한함)4. 인터넷뱅킹 납부:납부은행 인터넷뱅킹☞공과금(세금과공과)☞대학등록금☞ 조회/납부▷ 우리은행 : ☎(063) 220-2588 (www.wooribank.com)▷ 국민은행 : ☎(063) 236-6316 (www.kbstar.com)▷ 전북은행 : ☎(063) 250-7713 (www.jbbank.co.kr)▷ 농협은행 : ☎(063) 279-4850 (www.nonghyup.com)▷ 하나은행 : ☎(063) 225-1111 (www.kebhana.com) → 중국에서 송금시 알리페이 가능*가상계좌의 예금주는 학생 본인입니다.등록금 가상계좌는 학생 개인에게 각각 부여 되었으므로,반드시 본인의 등록고지서에 기재된 가상계좌로 입금하셔야 합니다.- 계좌이체 시 학생 본인이 아닌 다른 분이 입금해도(즉,입금자가 달라도) 학생 명의로 자동 등록처리 됩니다.- 등록금 또는 (등록금 + 기타경비)을 합산하여 입금 시 정확한 등록금액이 아닐 경우, 송금에러 발생함.- 수납은행 이외의 타 은행 이용 시 송금수수료는 납부자 본인 부담 하셔야 합니다.*등록금은 정해진 기간 내에만 납부 하셔야 하며,정해진 기간 이외의 경우 입금이 불가능 합니다.5. 카드 납부- 우리카드:우리은행 창구 또는 우리카드 홈페이지에서 납부가능(6개월 무이자 할부)- 전북은행카드:전북은행 창구에서만 카드납부 가능(2개월 무이자 할부)6. 분할 납부:아래 등록금 분할납부 안내 참조 P3~47. 학자금 대출에 의한 등록 방법(등록기간 내에만 학자금대출이 실행 가능)▷대출신청 및 실행방법: 한국장학재단(www.kosaf.go.kr)신청(서류 및 공인인증서 준비)☞승인완료 후☞한국장학재단☞학자금 대출신청현황☞대출금 지급실행☞등록 완료▷학자금 대출 문의: 학교홈페이지 공지사항 참조 (또는 학생지원실 문의 : 220-2167, 2982)8. 각종 장학금 수혜로(또는논문신청등)고지서에 납부금액이“0원”일 경우에도반드시 등록 처리를 해야합니다. [인스타(inSTAR)학교등록, 또는수납은행의 납부확인(수납 인),또는가상계좌 입금의 경우기타경비 납부 중 택1]■등록관련 문의1. 등록문의: 재무지원실 ☏063)220-2152~4, 31102. 학생지원실☏ 063)220-2164(국가장학금)☏ 063)220-2167(교내장학금)☏ 063)220-2982(국가보훈장학금)☏ 063)220-2819,2163(학생회비, 통학버스)3. 한국장학재단: ☏1599-2000(국가장학금, 정부장학금, 학자금 대출)4. 복학, 재입학, 수강신청, 기타민원: 학생서비스 센터 ☏063)220-2135~65. 총동문회: ☏063)220-220-2477(동창회비)6. 기숙사 문의: ☏063)239-5500~2",0.06012024,0,0.046760187,1.257682031,0.073480294,0.006680027,0.823480294,0
학사공지,547,554+학사지원실_2021학년도 2학기 폐강과목 안내,2021학년도 2학기 폐강과목 안내,학사지원실,2021-08-19,2557,https://www.jj.ac.kr/jj/community/notice02.do?mode=view&articleNo=190344&article.offset=200&articleLimit=100,"2021학년도 2학기 개설 강좌 중 수강인원 미달에 따른 폐강 과목을다음과 같이 안내하오니 해당 과목의 수강신청자는 아래 사항을 참고하여 수강신청을 정정하시기 바랍니다.1. 폐강과목 현황:  첨부파일 참조- 폐강과목 수강신청 내역은 수강신청 정정 기간 중 일괄 삭제 예정이오니폐강과목을 수강신청한 재학생의 경우, 반드시 다른 과목으로 수강신청 변경하시기 바랍니다.2. 폐강과목 수강신청자 수강신청 정정기간- 8.27.(금) 11:00 ~ 9. 3. (금) 18:003. 교양과목의 추가 폐강 과목이 있을 경우, 수강신청 정정기간 중 수퍼스타칼리지 교양학부에서 별도 공지 할 예정입니다.4. 폐강 및 대체 수강 가능 과목 문의- 전공, 교직 등: 각 학과 사무실(담당 조교 선생님께 문의 바랍니다.)- 교양강좌: 수퍼스타칼리지 교양학부(063-220-4648, 3097)붙임  2021-2학기 폐강과목 대상(공지용) 1부.   끝.교 무 처 장",0.466101695,0,0,0.381355932,0,0,1.711864407,0
학사공지,546,553+학사지원실_년도 2학기 재입학 합격자 등록 안내,2021학년도 2학기 재입학 합격자 등록 안내,학사지원실,2021-08-17,1155,https://www.jj.ac.kr/jj/community/notice02.do?mode=view&articleNo=190342&article.offset=200&articleLimit=100,"2021학년도 2학기 재입학 합격자 등록 기간을 다음과 같이 안내합니다.1. 등록 기간: 2021. 8. 18.(수)~8. 19.(목) 16:002. 납부은행: 우리은행 전국 각 지점3. 납부금액: 입학금 + 수업료4. 납부계좌: 개인별 가상계좌5. 등록금 고지서 출력방법: 학교 홈페이지 - inSTAR(인스타) 로그인 - 장학,등록 메뉴 -등록금 고지서 클릭 - 재입학 등록금 고지서 출력 버튼 클릭* 고지서 출력 8. 18.(수) 11시 부터 가능합니다.6. 유의사항: 재입학 합격자가 정해진 등록 기간 내 등록하지 않은 경우 재입학이 취소됨7. 문의사항: 학사지원실(063-220-2083)2021. 8.교 무 처 장",0.057142857,0,0,1.610989011,0.057142857,0,1.210989011,0
학사공지,545,566+학사지원실_2022학년도 1학기 전과 안내,2022학년도 1학기 전과 안내,학사지원실,2021-08-11,6227,https://www.jj.ac.kr/jj/community/notice02.do?mode=view&articleNo=190358&article.offset=200&articleLimit=100,"1.신청자격가. 2015학번 이전◦2학년:전입학기 개시일 현재 정규학기를2회 이상 이수하고35학점 이상70학점 미만의 학점을 취득한 자◦3학년:전입학기 개시일 현재 정규학기를4회 이상 이수하고70학점 이상105학점 미만의 학점을 취득한 자◦4학년:전입학기 개시일 현재 정규학기를6회 이상 이수하고105학점 이상의 학점을 취득한 자나. 2016학번 이후◦2학년:전입학기 개시일 현재 정규학기를2회 이상 이수하고33학점 이상65학점 미만의 학점을 취득한 자◦3학년:전입학기 개시일 현재 정규학기를4회 이상 이수하고65학점 이상98학점 미만의 학점을 취득한 자◦4학년:전입학기 개시일 현재 정규학기를6회 이상 이수하고98학점 이상의 학점을 취득한 자* 2021년도 동계 계절학기 수강자의 경우 수강신청 학점을 포함하여 기준을 충족하면 신청할 수 있으나,학점을 취득하지 못하는경우는 신청 및 합격이 취소됨2.전과 허용 범위◦학칙이 허용하는 범위 내에서2학년 이상에 대하여 실시*전과는 재학생만 신청 가능(휴학생은 복학 후에 신청하여야 함)*편입생은4학년 전과 신청 가능3.추진일정구 분일 자(기간)내 용신청서 접수2021. 12. 13.(월)∼30.(목) 12:00(시간 엄수)학사지원실에 신청서 제출면접,필기,실기전형2022. 1. 5.(수)해당 학과(전공)별 고사장에서 실시합격자 발표2022. 1. 19.(수)개별통보등 록추후공지합격자 등록금 납부(전입 학과 기준)※지정기간 내 미등록 시 전과 합격이 취소됨4.제출서류 및 접수처◦제출서류:전과신청서1부(붙임2)◦접수처:학사지원실(스타센터234호)5.유의사항◦추후 안내를 위해 신청서에 본인의 연락처를 정확히 기재◦전과는 신청자별로1개의 모집단위에 한하여 신청하되 전과 횟수는 제한하지 않음.◦전과는 매 학기 시행하되 사범대학 및 보건계열학과(간호학과,물리치료학과,방사선학과,보건관리학과,작업치료학과)의 전과는1학기에만 모집함.◦장학금 포기:전과할 경우 장학규정 제6조에 의거, 2022학년도1학기 성적장학금 혜택을 받지 못함.◦전과 합격자는 지정된 등록기간 내에 전입학과 기준으로 등록금을 납부하여야 하며,지정 기간 내 등록금 미납부시 합격이 취소됨.(이 경우2022학년도1학기 성적장학금을 수혜받지 못 함).◦교직이수자가 전과할 경우 교직이수가 취소됨.◦전과취소:전과를 허가받은 학생이 전과를 취소하고자 하는 경우에는 전과를 허가받은 후 첫 학기 시작일 전까지 전과취소신청서를교무처장에게 제출하여야함.◦전과를 한 학생은 전입한 학과의 교육과정 이수기준에 따른 교과목을 이수하고 졸업기준을 충족하여야 한다.따라서 전과를한 학생은 졸업학점 취득을 위하여 초과 학기를 등록할 수도 있음.◦전과 이전 학과에서 이수한 교과목은 전과한 학과의 교과목으로 인정하지 않음.다만,전입학과에서 운영하는 교과목과 동일하거나유사한 교과목으로 인정받은 경우,전과한 학과에서 이수한 것으로 인정 할 수 있음.※문의사항◦필기,실기,면접전형/교과과정 문의:각 학과 사무실◦신청방법/일정 문의: 063-220-2083, 2135, 2136붙 임1. 2022학년도1학기 전과 모집요강1부2.전과신청서1부교 무 처 장",0.078328982,0.026109661,0.274151436,0.326370757,0.143603133,0.026109661,1.784160139,0
학사공지,544,561+학사지원실_2021-2학기 특별휴학 신청 안내,2021-2학기 특별휴학 신청 안내,학사지원실,2021-08-09,2114,https://www.jj.ac.kr/jj/community/notice02.do?mode=view&articleNo=190353&article.offset=200&articleLimit=100,"2021학년도 2학기 특별휴학 신청 안내코로나19 상황의 어려움으로 인한 학업 중단을 방지하고자 다음과 같이 2021학년도 2학기 특별휴학 승인을 실시하고자 하오니신청 요건이 되는 대상자께서는 학과에 신청하여 주시기 바랍니다.1. 특별휴학 신청 요건- 아래 조건을 모두 만족하여야 함 -1) 2021학년도 2학기 복학예정자이고,(2021-1학기까지 휴학 중인 자)2) 잔여 휴학 가능 기간이 없어 미 복학 시 제적되는 자이면서(잔여 휴학 가능기간이 있는 경우 일반휴학 신청이 가능하므로 대상이 아님)3) 코로나19 상황으로 인하여 휴학하였거나 코로나19상황으로 인하여 복학이 어려운 사유가 인정되는 자로서4) 특별휴학 종료 후 복학하여 학업을 지속할 의향이 있다고 지도교수가 추천하는 자(지도교수 상담 필요)2. 특별휴학 승인 기간 : 1년 이내(1개 학기 또는 2개 학기)3. 특별휴학 신청 방법 및 기간 : 9. 17.(금)까지 학과에 문의하여 신청서 제출(학과에서 9. 23.까지 지도교수 신청서 서명이 완료되어야 함)4. 비고:특별휴학은 총장 승인 사항으로, 학과에서 취합하여 보고 후 10. 4.(월) 이후 처리될 예정임교 무 처 장",0,0,0,3.821917808,0.068493151,0,1.602739726,0
학사공지,543,539+학사지원실_ 2학기 학사학위취득 유예 신청 안내,2021학년도 2학기 학사학위취득 유예 신청 안내,학사지원실,2021-08-06,1414,https://www.jj.ac.kr/jj/community/notice02.do?mode=view&articleNo=190326&article.offset=200&articleLimit=100,2021학년도 2학기 학사학위취득 유예(구.졸업연장)신청에 대해 다음과 같이 안내하오니 참고하시기 바랍니다.1.신청대상: 2021학년도 전기 졸업대상자(2021년8월)중 학칙이 정한 졸업요건을 전부 갖춘 학생2.방법 및 기간구 분방 법기 간비 고학사학위 취득 유예 신청inSTAR → 학사관리→ 학사학위취득 유예 신청2021. 7. 12.(월)~7. 22.(목)※ 졸업사정 종료 후 최종 승인여부를인스타 또는 학과에확인 필수학사학위 취득 유예 포기 신청단과대학에 포기 신청서 제출(접수)2021. 8. 2.(월)~8. 27.(금)3.학사학위취득 유예구분 및 등록종 류목적등 록비 고교과목 재수강교과목 재이수를 통한성적 향상계절학기 수강료 기준:학점당8만원자기개발순수 자기개발진로지도세미나1학점수강신청 처리별도 등록 없음4.주의사항(필독)가.학사학위취득 유예는 학기 단위로 최대2회까지 신청 가능나.신청제외:조기졸업 신청자 및 외국인 유학생은 신청 불가다.학사학위취득유예기간 중 휴학 불가라.신청자가졸업사정에서 불합격한 경우 그 신청은 당연 취소됨6.문의:각 학과 사무실2021. 6.교 무 처 장,0.107526882,0.035842294,1.644905274,1.644905274,0.035842294,0,1.214797747,0
학사공지,542,540+학사지원실_2021학년도 2학기 재입학 안내,2021학년도 2학기 재입학 안내,학사지원실,2021-08-06,2191,https://www.jj.ac.kr/jj/community/notice02.do?mode=view&articleNo=190327&article.offset=200&articleLimit=100,"2021학년도2학기 재입학 전형에 대해 다음과 같이 안내합니다.1.신청대상:자퇴,휴학만기,미등록 등의 사유로 제적된 자2.제외대상(학칙 제13조 의거)가.퇴학 등 징계처분으로 제적된 자나.제적 후1학기 이상 경과하지 않은 자예) 2021년3월 제적(2021-1학기 제적자)→재입학 불가2021년2월 제적(2020-2학기 제적자)→재입학 가능3.선발인원: 214명(정원 내188명,정원 외26명)※모집단위 별 모집인원은 재입학 모집요강 참조4.전형방법 및 선발기준:신청자 수가 재입학 여석을 초과할 경우 선발 우선순위가.총 취득학점이 많은 자나.총 성적 평점평균이 높은 자5.제출방법가.제출서류:재입학원서1부(해당 게시글 첨부파일에서 다운로드 가능)나.제출기간:2021. 7. 12.(월)~8. 9.(월) 12:00다.제출처:학사지원실(스타센터234호)6.전형일정구 분일 시(기 간)비 고신청서 접수2021. 7. 12.(월)~8. 9.(월) 12:00접수처(학사지원실)수강신청2021. 8. 10.(화)~8. 12.(목)재입학 탈락 시 수강 취소합격자 발표2021. 8. 16.(월) 15:00개별 통보합격자 등록기간2021. 8. 18.(수)~8. 19.(목) 16:007.유의사항가.제적 당시 학년 및 전공으로 재입학하는 것을 원칙으로 하며 제적 당시 학과(전공)가 구조조정 등으로폐지된 경우동일 계열의 유사학과(전공)으로 선택하여 입학할 수 있음나.합격 후 등록기간 내에 등록하지 않으면 재입학 승인을 취소함8.문의처:학사지원실(☎063-220-2083)2021. 6.교 무 처 장",0.025740026,0.025740026,0.025740026,0.257400257,0.18018018,0.025740026,1.759127549,0
학사공지,541,527+학사지원실_21학년도 1학기 수강취소 기간 안내,2021학년도 1학기 수강취소 기간 안내,학사지원실,2021-08-03,1627,https://www.jj.ac.kr/jj/community/notice02.do?mode=view&articleNo=190312&article.offset=200&articleLimit=100,"2021학년도 1학기 수강과목의 수강취소에 대하여 다음과 같이 안내하오니수강신청한 과목의 수강취소를 희망하는 재학생은 해당 공지 내용을 참조하여 기간 내 취소하여 주시기  바랍니다.1. 신청절차: 학생포털웹서비스(inSTAR) -> 학사관리 -> 수강신청 내역 조회 -> 수강 취소 희망 교과목 수강취소(삭제) 신청※ 수강취소 기간은 수강취소(삭제) 후, 취소 과목에 대하여 재수강신청이 불가하오니수강과목 취소(삭제) 시, 신중을 기하여 주시기 바랍니다.2. 신청기간: 3. 9.(화) 11:00 ~ 3. 15.(월) 18:00 까지3. 수강취소 시 주의사항가. 수강취소는 최대 6학점 이내에서 가능나. 수강취소 처리 완료 후, 이를 번복하여 수강취소 신청 취소 불가다. 수강취소 처리 완료 후, 다른 과목으로 대체하여 수강신청 불가라.장학규정에 의한 교내 성적장학생 선발 기준이 학기별 이수 기준이 12학점 이상 취득자 이므로수강취소 신청 시 이에 유의하여 취소 요망교 무 처 장",0.20242915,0.04048583,0.08097166,0.36437247,0.08097166,0,1.547262806,0
학사공지,540,550+학사지원실_UCK) 및 원광대학교 개설강좌 안내,2021-2학기 한국지역대학연합(RUCK) 및 원광대학교 개설강좌 안내,학사지원실,2021-07-28,2300,https://www.jj.ac.kr/jj/community/notice02.do?mode=view&articleNo=190339&article.offset=200&articleLimit=100,"2021-2학기 한국지역대학연합(RUCK)및 원광대학교 개설강좌 안내1.한국지역대학연합(RUCK) 및 원광대학교 개설 강좌 내역순개설대학개설 교과목학수번호학점수강인원*시험일정중간고사기말고사1가톨릭관동대통계학과BigData의 이해20798-01240추후 공지2잘실패하는법20799-012403경남대무대화술로푸는취업성공전략20730-013404미국탐방시리즈20795-013405한끼의권리20796-013406계명대결혼,성과유전20775-013407미디어정치의이해20661-013408연극과문화사20606-013409아주대한국정치의쟁점과과제20560-0134010현대물리의이해20776-0134011울산대사례를통해배우는갈등해결의지혜20801-0134012행정학길라잡이20748-0134013현대인의정신건강20803-0124014전주대디자인과창의성13391-0136015미술치료매체소개14376-0136016발상과표현12749-0136017Startup을위한 창의적문제해결15220-0136018한남대소설창작과문화콘텐츠기획20804-0134019운동과웰빙20772-0134020호남대패션과이미지메이킹20802-0134021원광대생활과한의학20785-013502. 수강신청 지원 자격:직전학기 평점 평균이 3.0 이상인 재학생3. RUCK 과목 수강신청 기간: 8. 27.(금) 11:00~9. 3.(금) 18:00- 수강신청 정정 기간 내 전주대학교 인스타(inSTAR)에서 수강신청4. 강의 수강 사이트가. 가톨릭관동대 https://tlms.cku.ac.kr나. 경남대 http://cyber.kyungnam.ac.kr다. 계명대 http://ctl.kmu.ac.kr라. 아주대 https://eclass2.ajou.ac.kr (아주대 포털: https://mportal.ajou.ac.kr/main.do )마. 울산대 https://ulms.ulsan.ac.kr바. 한남대 https://hiclass.hannam.ac.kr사. 호남대 http://ctl.honam.ac.kr아. 원광대http://waffle.wku.ac.kr5. 수강관련 문의:원격교육지원센터(063-220-2805, 2998)",0.900659134,0.075329567,0.037664783,0.075329567,0.037664783,0.018832392,0.787664783,0
학사공지,539,549+사회봉사센터_도 2학기 사회봉사활동 수강신청 안내,2021학년도 2학기 사회봉사활동 수강신청 안내,사회봉사센터,2021-07-27,4273,https://www.jj.ac.kr/jj/community/notice02.do?mode=view&articleNo=190338&article.offset=200&articleLimit=100,"<2021학년도2학기 사회봉사활동 수강신청 안내>코로나19관련 학생 안전 확보 차원에서2021학년도2학기 사회봉사활동을‘전면 비대면’으로 실시함을 안내해 드립니다.★2021학년도 전기 졸업예정자,2021학년도 후기 졸업예정자 중 사회봉사활동 미이수 학생은 반드시 수강하여 주시기 바랍니다.1.사회봉사활동 이수 개요가.학수 번호07843 /교양 필수1학점/최대3학점 수강 가능나.필수 이수 대상: 15학번 이상 재학생(단, 15학번 이전 학생/외국인 학생/장애 학생/ 4학년 편입생/계약학과 및 미래융합대학 학생은 선택 이수 사항)2.수강바구니 운영 여부:미운영3.수강 신청가.수강 신청 대상:  2~4학년나.수강 신청 기간(학년 구분이 있음)◦8. 10.(화) 11:00~ : 4학년◦8. 11.(수) 11:00~ : 4학년, 3학년◦8. 12.(목) 11:00~17:00 : 4학년, 3학년, 2학년다.수강 신청 방법(★타 교과목과 상이함) : inSTAR로그인-학사 관리-(왼쪽 메뉴 아래)사회봉사 교과목-교과목 신청라.참고 사항:본 교과목은 기본 수강 신청 학점 제한에 영향을 받지 않음4.수강 정정가.기간: 8. 27.(금) 11:00∼9. 3.(금) 18:00나.신청 메뉴:inSTAR로그인-학사 관리-(왼쪽 메뉴 아래)사회봉사 교과목-교과목 신청다.취소 메뉴:inSTAR로그인-학사 관리-(왼쪽 메뉴 아래)사회봉사 교과목-신청내역 확인-취소 버튼 클릭5.수강 취소가.기간:9. 6.(월) 11:00∼9. 10.(금) 18:00나.취소 메뉴:inSTAR로그인-학사 관리-(왼쪽 메뉴 아래)사회봉사 교과목-신청내역 확인-취소 버튼 클릭6.전체 센터 오리엔테이션 및 분반별 담당교수 오리엔테이션 안내(필수)가.전체 센터 오리엔테이션◦방법:사이버캠퍼스‘2021학년도2학기 사회봉사활동 전체 센터 오리엔테이션’접속→웹엑스 실시간 진행◦일시: 9. 1.(수) 12:00 / 9. 2.(목) 12:00 / 9. 3.(금) 12:00 / 9. 3.(금) 18:00 4회 중1회 참석나.분반별 담당교수 오리엔테이션◦방법:분반별 사이버캠퍼스 웹엑스 실시간 진행◦분반 확인 방법-코스모스 접속,교과목 이름 뒤 괄호 안에 있는 숫자예)사회봉사활동(08)→8분반-수강신청 내역에서07843-(숫자)예) 07843-07→7분반◦일시- 9. 6.(월)~9. 11.(토)중-정확한 일정은 추후 분반별 사이버캠퍼스 등을 통해 공지■봉사활동 운영 방식 등은 사회봉사센터 홈페이지 공지 예정■문의:사회봉사센터☎220-4697, 4708~4710",1.287959986,0,0.080385852,1.320114327,0,0.032154341,1.255805645,0
학사공지,538,547+학사지원실_10.(화))부터 전체 수강신청실시),2021학년도 2학기 수강신청 안내 (홀짝구분없이 첫날(8.10.(화))부터 전체 수강신청실시),학사지원실,2021-07-21,19165,https://www.jj.ac.kr/jj/community/notice02.do?mode=view&articleNo=190336&article.offset=200&articleLimit=100,"2021학년도 2학기 수강신청 기간을 다음과 같이 안내하오니재학생 여러분께서는 일정을 참고하여 수강신청하여 주시기 바랍니다.1. 수강바구니 기간: 2021. 7. 27.(화) 11:00∼7. 29.(목) 16:00※수강바구니 기간 수강바구니 담기는 inSTAR(https://instar.jj.ac.kr)에서가능합니다.( 인스타 로그인 - 수강신청 - 수강바구니)※수강바구니 기간 타학년/타학과 과목을 바구니에 담은 경우수강신청기간 수강신청 시 학년을 '전체'로 설정하고 조회해야 해당 과목이 조회되고 수강신청 가능합니다.※수강바구니 기간에는 '한국지역대학연합(RUCK) 과목'은 수강바구니 담기가 되지 않습니다.※수강바구니 기간에는 '학과학년제한'이 설정된 과목은 수강바구니 담기가 되지 않습니다.2. 장애학생 수강신청 기간: 2021. 8.  3.(화) 11:00∼8. 4.(수) 16:00※수강신청 웹페이지 주소:https://sugang.jj.ac.kr-수강신청 시 웹 브라우저를 구글 크롬(Chrome) 또는 마이크로소프트 엣지(Edge)로 접속 권장3. 재학생 수강신청 기간: 2021. 8. 10.(화) 11:00∼8. 12.(목) 17:00※ 수강신청 기간동안홀짝 구분없이 8.10.(화) 부터 전체 재학생 전체 수강신청 실시※수강신청 웹페이지 주소:https://sugang.jj.ac.kr-수강신청 시 웹 브라우저를 구글 크롬(Chrome) 또는 마이크로소프트 엣지(Edge)로 접속 권장※수강신청 방법 안내: 수강신청 안내 동영상(https://bit.ly/3xTZlVr) 참조 ('Youtube'에서 '전주대학교 수강신청'으로 검색)※수강신청 홈페이지 접속 지원 프로그램(넷퍼넬-다중접속제어솔루션) 운영으로접속대기자가 많을 경우접속대기 메세지(붙임-예시 화면 참조)가 표시될수 있음※수강바구니 기간 타학년/타학과 과목을 수강바구니에 담은 경우수강신청 시 학년을 '전체'로 설정하고 조회해야 해당 과목이 조회되고 수강신청 가능합니다.※수강신청 기간에는 한국지역대학연합(RUCK)과목은 수강신청이 되지 않습니다.4. 폐강과목 게시 및 안내- 8. 19.(목) 14:00 본교 홈페이지 공지사항(학사) 게시 및 안내 예정(※폐강과목 수강 학생에게 개인별 안내 및 공지 없음)5. 수강신청 정정기간(폐강과목 수강신청자 포함): 8. 27.(금) 11:00∼9. 3.(금) 18:00※수강신청 정정 기간 수강신청 정정은 inSTAR(https://instar.jj.ac.kr)에서가능합니다.( 인스타 로그인 - 수강신청 - 수강신청)6. 한국지역대학연합(RUCK) 강좌 수강신청: 8. 27.(금) 11:00∼9. 3.(금) 18:00※직전학기 평점평균 3.0 이상인 경우 수강신청 가능(개설 강좌는 붙임파일 참조)※RUCK 강좌 수강신청은 inSTAR(https://instar.jj.ac.kr)에서가능합니다.( 인스타 로그인 - 수강신청 - 수강신청)7. 수강취소 기간: 9. 6.(월) 11:00∼9. 10.(금) 18:00※수강신청 취소 기간 수강취소 신청은 inSTAR(https://instar.jj.ac.kr)에서가능합니다.( 인스타 로그인 - 학사관리 - 수강신청내역/수강취소)※수강신청 취소는 최대 6학점(6학점을 초과하여 수강취소 불가능)범위 내에서가능합니다.8. 개설 교과목 수업계획서(시간표) 확인: 7.21.(수) 14:00부터※ 인스타 로그인 -> 학사관리 -> 수업계획서(개설강좌) 조회 -> 학과선택 -> 조회(수업계획서 및 수업 시간표는 수강신청 편람 아닌 인스타에서 확인 가능하며, 학과 사정에 따라 개강 전 수업 시간표가 변동될 수 있습니다.)9. 학과학년제한 해제: 8. 27.(금) 11:00부터-해제영역:외국어, 인성, 의사소통, 소프트웨어, 채플, 기독교, 교직과목 및 일부 학과의 기초, 전공필수, 전공 선택 과목※핵심교양 및 학과 지정 일부 과목은 학과학년제한 해제에서 제외될 수 있음10. 기타 주의사항 안내※2022년 2월 졸업을 희망하는(2학기가 마지막 이수 학기) 재학생 께서는 졸업이수요건 필수과목(논문, 전공필수, 교양필수 과목 등)을미이수한 경우, 2학기 수강신청 기간 내 반드시 수강신청하여 주시기 바랍니다.11. 문의전화- 교양과목(수퍼스타칼리지 교양학부): 220-3097(통합,핵심,자유교양), 2008(외국어),2009(인성),2603(소프트웨어,의사소통)- 교직과목(사범대학 교육학과): 220-2346- 채플&기독교과목(선교지원실): 220-2423, 2737,3149- 수강신청시스템 및 기타문의(학사지원실): 220-2134, 2083, 2417붙임  1. 2021-2학기 수강신청 FAQ 자료 1부.2. 수강신청 접속 대기화면 자료 1부.3. 교양학점 확인 방법 안내 자료 1부.4. 2021-2학기 한국지역대학연합(RUCK)  개설강좌 자료 1부.교 무 처 장",1.590102708,0,0.050420168,1.472455649,0.025210084,0.016806723,0.681605976,0
학사공지,537,548+학사지원실_021학년도 2학기 전과 합격자 안내,2021학년도 2학기 전과 합격자 안내,학사지원실,2021-07-21,2166,https://www.jj.ac.kr/jj/community/notice02.do?mode=view&articleNo=190337&article.offset=200&articleLimit=100,"2021학년도 2학기 전과 합격자를 다음과 같이 안내하오니, 해당 학생들은 수강신청 및 등록과 관련하여 착오없으시기 바랍니다.1. 합격자 확인: 인스타(inSTAR) - 학사관리 - 전과신청정보 조회2. 등록금 납부가. 등록기간: 재학생 등록기간과 동일(8.23.(월) ~ 8.27.(금)  예정)나. 등록금을 기 납부한 경우, 전입학과의등록금이 전입 전 학과보다 많을 경우 차액을 추가로 납부하여야 하며 등록금이 적은 경우 차액은 환불함다. 유의사항 :등록기간에 등록(전액)을 하지 않을 경우 합격이 취소됨(분할납부 불가)3. 수강신청가. 전입학과 사무실에서 수강신청 및 교육과정에 대한 지도를 받기 바람나. 전입학과 기준으로 재학생 정규 수강신청 때 수강신청이 가능함4. 전과 취소가. 전과 합격자 중 전과를 포기하고자 하는 경우, 전과 포기서를 작성하여 2021학년도 2학기 시작일 전까지 단과대학 행정실에 제출5. 문의사항: 학사지원실(063-220-2083)2021. 7.교 무 처 장",0.199600798,0,0,0.598802395,0.03992016,0,1.483396843,0
학사공지,536,546+학사지원실_내 대학 학점교류 실시 및 신청 안내,2021학년도 2학기 국내 대학 학점교류 실시 및 신청 안내,학사지원실,2021-07-14,1730,https://www.jj.ac.kr/jj/community/notice02.do?mode=view&articleNo=190335&article.offset=200&articleLimit=100,"2021학년도 2학기 학점교류 실시 및 신청 안내국내 대학 간 학점교류 협정에 의거하여 2021학년도 2학기 학점교류 학생을다음과 같이 접수하오니 관심 있는 재학생들의 많은 신청 바랍니다.순교류대학신청기한수학 안내문(대학명 클릭)신청자격1제주대7.22.(목)제주대학교- 2학년 이상인 자- 2학기 이상 수료한 자- 직전 학기까지 총 평점평균 3.0이상인 자- 타대학 학점교류 이수 후, 1학기 이상 본교 등록이 가능한 자(2022년 2월 졸업 예정자 신청 대상 제외)- 재학 중 최대 4개 학기 수학 가능2울산대7.22.(목)울산대학교3전북대7.20.(화)전북대학교4계명대8.03.(화)계명대학교5경남대7.26.(월)경남대학교6아주대8.10.(화)아주대학교7군산대8.3.(화)군산대학교9한남대8.19.(목)한남대학교10고려대7.22.(목)고려대학교- 3학년 이상인 자- 4학기(70학점) 이상 수료한 자- 직전 학기까지 총 평점평균 3.0이상인 자- 타대학 학점교류 이수 후, 1학기 이상 본교 등록이 가능한 자(2022년 2월 졸업 예정자 신청 대상 제외)- 재학 중 최대 2개 학기 수학 가능11연세대8.3.(화)연세대학교* 타대학에서 2학기 학점 교류 안내 공문이 도착하면 해당 대학 자료를 추가로 업데이트 예정임.1. 신청방법: 제출서류를 학과 사무실에 제출(학점교류 과목 이수계획서는 작성 후, 소속 학과 조교에게 확인 후 학과장 서명 받을 것)2. 제출서류(붙임 양식 참조)가. 국내대학 학점교류 신청서 1부.나. 국내대학 학점교류 과목 이수 계획서 1부.3. 유의사항가.수도권 내 소재한 대학의 경우 교류 대학의 원격(비대면) 수업만 수강하는 것을 권장합니다.(코로나19 감염 예방을 위한 타지역 이동 및 접촉 최소화)나. 교류대학별로 추천기한이 상이하여 접수기간이 다른 점을 유의하시기 바랍니다.다. 붙임 자료의 수학 안내문이 없는 대학의 경우 해당 대학에서 공문이 발송되지 않은 것입니다.(안내문이 없는 대학으로의 학점교류는 접수하는 대로 공지할 예정임)라.이수 계획서에 기재된 과목이 아닌 다른 과목을 신청할 시에는 성적부여가 되지 않습니다.마.2022년 2월 졸업예정자(2021-2학기가 마지막 학기인 학생)는 신청 대상에서 제외 됩니다.4. 관련 문의: 학사지원실(063-220-2134) 또는 학과 사무실붙임  1. 학점교류 신청서 및 교류대학 과목 이수계획서 1부.2. 수학대학 안내문 각 1부.교 무 처 장",0.016736402,0.016736402,1.16687177,1.099926163,0.050209205,0,1.099926163,0
학사공지,535,538+학사지원실_폐강과목 안내 및 수강신청 정정 안내,2021학년도 하계 계절수업 폐강과목 안내 및 수강신청 정정 안내,학사지원실,2021-07-06,1625,https://www.jj.ac.kr/jj/community/notice02.do?mode=view&articleNo=190324&article.offset=200&articleLimit=100,"2021학년도 하계 계절수업 폐강과목 및 수강신청 정정 안내2021학년도 하계 계절수업 폐강과목을 다음과 같이 공고하오니폐강과목 수강 신청자는 아래 사항을 참고하여 수강신청 정정하여 주시기 바랍니다.1. 폐강 과목: 총 20개 과목(붙임 파일 참조)2.폐강과목 수강신청 정정기간: 6. 8.(화) 11:00부터 ~ 18:00까지※수강신청 정정기간 이후 수강신청 정정 불가3. 유의사항가.폐강과목 수강 신청자에 한해 수강과목 정정 신청 가능함나. 폐강과목 수강 신청 정정 방법: 인스타-수강신청-수강과목 정정(변경) 신청다.수강신청 정정 기간 내 폐강 과목 미변경 시 수강신청 포기로 간주함4. 폐강과목 관련 문의가. 교양과목: 교양학부(063-220-4648, 3097, 2008, 2603)나. 기타과목: 학사지원실(063-220-2134)교 무 처 장",2.09443486,0,0,1.425468021,0.047281324,0,1.810746917,0
학사공지,534,544+학사지원실_공개 및 확인(이의 신청) 기간 안내,2021학년도 1학기 성적 공개 및 확인(이의 신청) 기간 안내,학사지원실,2021-06-29,3696,https://www.jj.ac.kr/jj/community/notice02.do?mode=view&articleNo=190332&article.offset=200&articleLimit=100,"2021학년도 1학기 성적 공개 및 확인(이의신청) 안내1. 성적 확인 및 성적 이의신청가. 성적 확인기간:  7.1.(목) 오전 11시 ~ 7. 7.(수) 오후 3시까지※강의평가 미응답한 경우, 7. 2.(금)부터 성적 확인 가능함※성적확인 기간 중 성적 정정 처리 업데이트 시간(낮 12시~12시 30분, 오후 5시~5시30분)에는 성적 확인 불가나. 조회방법:  inSTAR or 전주대 포털 앱 -> 학사관리 -> 학기별 성적 조회다.이의신청:  inSTAR  -> 학사관리 -> '성적이의신청’을 통해서만 이의신청 가능2. 참고사항가. (중간, 기말, 과제 등) 성적평가 영역별 상세 성적을 조회 가능나.합리적 사유가 없는 이의신청(장학금 및 재수강 등 개인적 사정 등에 호소)은 이의신청 사유에 해당되지 않으며,해당 내용으로 성적이의신청 시청탁금지법에 위배되며 근거 자료로 남을 수 있으니 유의하시기 바랍니다.다.2021-1학기 성적을 포함한 성적증명서 발급은 7월 8일(목) 오전 11시 이후 발급 가능하오니 참조하시기 바랍니다.교 무 처 장",0.037383178,1.50623053,0,1.132398754,0.037383178,0,1.020249221,0
학사공지,533,543+학사지원실_절수업 출석인정(취업사유) 신청 안내,2021학년도 하계 계절수업 출석인정(취업사유) 신청 안내,학사지원실,2021-06-18,1413,https://www.jj.ac.kr/jj/community/notice02.do?mode=view&articleNo=190331&article.offset=200&articleLimit=100,"2021학년도 하계 계절수업 출석인정(취업사유) 신청 안내1. 접수기간:2021. 6. 28.(월) ~ 7. 2.(금)2. 대상자: 2021학년도 후기(2021년 8월) 졸업예정자 중 취업자※ 하계 계절수업 이수학점을 포함하여 졸업기준을 충족한 경우 포함3. 신청 방법:학생포털서비스(inSTAR)를 통한 온라인 신청※ 신청방법 및 제출서류는 1학기와 동일(관련 게시물 바로가기)4. 유의사항가. inSTAR 등록 후 출석인정요청서를 출력하여 교과목 담당교수님께 확인을득한 후, 행정실에 제출해야 신청이 완료되므로 착오 없으시기 바람나. 원격 및 야간강좌는 출석인정(취업사유) 대상 과목이 아님※원격 및 야간강좌는 정상 수강해야 함교 무 처 장",1.186099219,0,1.241500881,1.241500881,0,0,1.130697557,0
학사공지,532,542+학사지원실_로나19 백신접종 관련 출석인정 안내,코로나19 백신접종 관련 출석인정 안내,학사지원실,2021-06-17,4172,https://www.jj.ac.kr/jj/community/notice02.do?mode=view&articleNo=190330&article.offset=200&articleLimit=100,"코로나19 백신접종 관련 출석인정 안내코로나19 감염 예방 및 학생 건강 보호를 위해 다음과 같이 백신접종 관련 출석인정을 실시하오니 수업 출석에 참고하시기 바랍니다.1. 대상자:코로나19 백신을 접종한 재학생2. 출석인정 내용(1) 접종 당일: 1일(2) 접종 익일: 두통, 발열 등의 이상증상 발생자에 한하여 인정※ 접종사실 및 이상 증상에 대한 증빙서류는 별도로 제출하지 않으며, 백신 종류에 따라 2회 접종이 시행되는 경우 회차별 동일 기준 적용3. 출석인정 방법(1) 출석인정 사유:「학칙시행세칙」제16조제1항제5호‘본인의 상해나 질병 등’(2) 출석인정 처리: 학생이 inSTAR에서 공결 신청(접종 후 7일 내) → 학과 확인 후 승인4. 시행 기간: 백신접종 완료시 까지.교 무 처 장",0.051020408,0,0,0.051020408,0,0,1.567717996,0
학사공지,531,572+학사지원실_업 폐강 과목 및 수강신청 정정 안내,2021학년도 동계 계절수업 폐강 과목 및 수강신청 정정 안내,학사지원실,2021-06-12,1484,https://www.jj.ac.kr/jj/community/notice02.do?mode=view&articleNo=190364&article.offset=200&articleLimit=100,"2021학년도 동계 계절수업 폐강과목 및 수강신청 정정 안내2021학년도 동계 계절수업 폐강과목을 다음과 같이 공고하오니폐강과목 수강 신청자는 아래 사항을 참고하여 수강신청 정정하여 주시기 바랍니다.1. 폐강 과목: 총 16개 과목(붙임 파일 참조)2.폐강과목 수강신청 정정기간: 12. 7.(화) 11:00부터 ~ 18:00까지※수강신청 정정기간 이후 수강신청 정정 불가3. 유의사항가.폐강과목 수강 신청자에 한해 수강과목 정정 신청 가능함나. 폐강과목 수강 신청 정정 방법: 인스타-수강신청-수강과목 정정(변경) 신청다.수강신청 정정 기간 내 폐강 과목 미변경 시 수강신청 포기로 간주함- 정정기간 폐강과목을 수강 정정하지 않는 경우 일괄 수강 취소 처리 함4. 폐강과목 관련 문의가. 교양과목: 교양학부(063-220-4648, 3097, 2008, 2603)나. 기타과목: 학사지원실(063-220-2134)교 무 처 장",2.145320197,0,0,1.417487685,0.043103448,0,1.072660099,0
학사공지,530,573+학사지원실_개강일 및 휴복학 마감일 변경 안내),2022학년도 1학기 복학 및 휴학 신청 안내 (개강일 및 휴복학 마감일 변경 안내),학사지원실,2021-06-12,10126,https://www.jj.ac.kr/jj/community/notice02.do?mode=view&articleNo=190365&article.offset=200&articleLimit=100,"2022학년도 1학기 복학 및 휴학 신청 안내1복학 신청1.복학 신청 주요사항 안내구 분내 용대 상■ 일반휴학 및 군휴학 후, 휴학기간 만료(예정)인 자 (2022-1학기 복학예정자)■ 휴학기간이 남아있으나 조기 복학을 희망하는 자신청 기간■ 1차: 2021.12. 20.(월)~2022.2.8.(화) ※ 가급적 1차에 복학하여 수강신청 권장■ 2차: 2022. 2. 9.(월) ~2. 28.(화),개강 전■3차(최종): 2022.3. 2.(수)~ 2022.4. 5.(화),개강 후5주 이내신청 방법■ inSTAR(인스타) 홈페이지 학사관리 메뉴에서 직접 신청처리 절차■ 인스타 로그인 → 학사관리 메뉴 → 복학신청 →신청 즉시 복학 처리됨증빙 서류■ 일반휴학 후 복학자: 증빙서류 없음■군휴학 후 복학자: 전역증 또는 전역 확인 증명서(①~③ 중 1부)를 온라인으로 첨부① 병적증명서(병무청 발급)② 복무확인서(부대/근무처 발급)③ 병역사항 기재된 초본(주민센터 발급)※ 군 전역일 전 수강신청을 위해 우선 복학 신청하여도 무방함(증명서 추후 학과에 제출)2. 복학자 수강신청 안내구 분내 용신청기간■ 수강바구니 신청 기간: 2022. 1. 26.(수) ~ 1. 28.(금)■ 수강신청 기간: 2022. 2. 9.(수) ~ 2.11.(금)수강신청학번안내■ 수강신청 기간에 홀,짝수 구분 없이 동시 진행함!(2021-2학기부터 적용됨)수강신청방법■ 인스타 로그인 → 학사관리 메뉴 → 수강신청※ 복학 신청이 완료되어야 수강바구니 기간에 수강 희망과목 담기 가능기타사항■복학 예정자의 경우 가급적 수강신청 마감일(2022. 2. 11.금)까지 복학 신청하여 기간 내에 수강신청을 완료하여 주시길 바랍니다.3. 등록금 납부가. 등록금 고지서 출력: 인스타 로그인 → 수강신청 메뉴 → 등록금 고지서나. 등록금 납부 기간 내 납부 처리 가능- 납부 기간 :2022. 2. 18.(금) ~ 2. 25.(금)(일정변경 가능, 추후 홈페이지 확인 요망)다.휴학 전 등록금을 기 납부한 학생은 등록금 납부 없음(휴학 전 납부한 등록금은 복학 후 첫 학기 등록금으로 자동 이월처리)2휴학 신청1. 휴학 신청 주요사항 안내가. 일반 휴학구 분내 용대 상(휴학사유)■ 질병: 4주 이상 출석할 수 없는 자 (4주 이상 치료 진단서)■ 창업: 창업 또는 기존사업체를 경영하려는 자(사업자등록증 또는 법인등기부등본 사본)■ 임신·출산·육아: 임신, 출산, 육아로 인한 휴학이 필요한 자(진단서, 가족관계 증명서)■ 기타 사유: 자기개발, 가계곤란, 천재지변, 돌발사고, 장애학생 등(증빙서류 없음)휴학 기간■ 1년 단위(2학기) 휴학 신청 (※ 1년 휴학 신청하였어도, 6개월 뒤 복학 신청 가능함)신청 기간2021. 12. 20.(월) ~ 2022.4. 5.(화),개강5주차(수업일수1/3선)까지신청 방법■ inSTAR(인스타) 홈페이지에서 신청 후 학과사무실 방문 접수※인스타로그인 (학사관리 메뉴) → 휴학신청 입력 → 신청서 출력→ 학과 사무실 방문(CA 및 지도교수 또는 학과장 상담) 제출※ 인스타입력은 상시 가능하나, 신청서 접수는 접수기간에만 가능(긴급한 경우 학과 상담 요망)주의 사항■신·편입생 및 재입학생의 입학 첫 학기는 휴학 불가(단, 병역, 질병, 임신출산육아 제외)■휴학 가능 학기 소진 시 일반휴학신청 불가(단, 병역, 창업,임신출산육아, 특별휴학기간은 미산입)※ 일반휴학가능 학기 수: 신입학생 8개 학기(건축학과 10개 학기), 재입학 및 3학년 편입생 4개 학기, 4학년 편입생 2개 학기접수 기간1차2021. 12. 20.(월) ~ 2021. 12. 24.(금)등록금 미납자는5차까지만신청 가능(개강 후 5주 이내)2차2022. 1. 10.(월) ~ 2022. 1. 21.(금)3차2022. 2. 14.(월) ~ 2022.2. 28.(월),개강 전4차2022. 3. 7.(월) ~ 2022. 3. 12.(토)5차2022. 3. 21.(월) ~ 2022.4. 5.(화),개강후5주 내6차2022. 4. 11.(월) ~ 2022.4. 19.(화),개강후7주내등록금 납부자만 신청 가능나. 병역(군입대) 휴학구 분내 용대 상■ 군입대 예정인 자 ■ 군복무 연장 예정인 자신청기간■ 군입대 전■ 군입대일 1주일 전부터 신청 가능함신청방법■inSTAR(인스타) 홈페이지에서 군휴학 신청 후 학과사무실 방문 접수처리절차■ 인스타 로그인 → 학사관리 메뉴 → 군휴학신청서 작성 → 신청서 출력→ 학과 사무실 방문(CA 및 지도교수 또는 학과장 상담) 및 제출→ 접수완료증빙서류■ 병역의무 이행 증빙서류 1부.(입영통지서, 사회복무요원 소집 통지서 등)2. 휴학 변경 안내가. 일반휴학 → 군휴학 변경구 분내 용대 상■ 일반휴학 후 군입대 사유로 군휴학으로 변경하려는 자신청기간■ 군입대 전■ 군 입대일 1주일 전부터 신청 가능함신청방법■inSTAR(인스타) 홈페이지에서 군휴학 신청 후 학과사무실 방문 접수처리절차■ 인스타 로그인 → 학사관리 메뉴 → 복학신청 후 인스타 재로그인 →군휴학신청서 작성 → 신청서 출력 → 학과 사무실 방문(CA 및 지도교수 또는 학과장 상담)및 제출 →접수완료증빙서류■ 병역의무 이행 증빙서류 1부.(입영통지서, 사회복무요원 소집 통지서 등)주의사항■ 군휴학으로 변경하지 않고 입대한 경우 해당학기 일반휴학으로 처리됨(※군입대 후 본인이 신청할 수 없는 경우,가족 대리 신청 가능함)나. 군휴학 → 일반휴학 변경구 분내 용대 상 자■ 전역 후, 복학 예정학기에 복학하지 않고 일반 휴학을 신청하려는 자신청기간■ 전역 후, 복학 예정학기 개강일 전까지신청방법■ inSTAR(인스타) 홈페이지에서 먼저 복학신청후 일반휴학을 신규로 신청, 접수기간에 학과 사무실 방문 접수처리절차■ 인스타 로그인→ 학사관리 메뉴 →복학신청 후 인스타 재로그인 →일반휴학신청서 작성 → 신청서 출력→ 학과 사무실 방문(CA및 지도교수 또는 학과장 상담)및 제출 →접수완료증빙서류■ 군휴학 후 복학자: 전역증 또는 전역 확인 증명서(①~③ 중 1부) 첨부① 병적증명서(병무청 발급)② 복무확인서(부대/근무처 발급)③ 병역사항 기재된 초본(주민센터 발급)주의사항■ 군휴학 후 복학처리를 먼저 신청해야 일반휴학 신청이 가능함■ 일반 휴학의 경우 신입생의 경우 최대 8개 학기(4년)까지만 일반휴학신청이 가능함 (3학년 편입생의 경우 최대 4개 학기까지 휴학 신청 가능함)3. 휴학 연장 안내구 분내 용대 상■ 일반휴학(1년 단위) 기간 만료 후, 휴학을 연장하려는 자■ 병역의무 만료 복학 예정자 중 일반휴학을 신청하려는 자신청기간■ 휴학 만료 학기 수업종료일부터 복학 학기 개시 이전까지(복학 학기 수업일수 1/3 이내에 휴학 연장 신청 가능함)신청방법■ inSTAR(인스타) 홈페이지에서 먼저 복학신청후 일반휴학을 신규로 신청, 접수기간에 학과 사무실 방문 접수처리절차■ 인스타 로그인→ 학사관리 메뉴 →복학신청 후 인스타 재로그인→일반휴학신청서 작성 → 신청서 출력→ 학과 사무실 방문(CA및 지도교수 또는 학과장 상담)및 제출→접수완료주의사항■ 일반 휴학의 경우 신입생의 경우 최대 8학기(4년) 휴학 가능함(3학년 편입생의 경우 최대 4학기 휴학 가능함)3기타 사항1. 개인정보 수정 안내가. 대상자: 개인정보(주소, 핸드폰 연락처 등)가 변경된 재학생 및 휴학생나. 수정방법: 인스타 → 개인정보 수정 클릭 → 개인정보 수정 후 저장다. 학사 관련 업무 발생 시 연락할 수 있도록 개인정보 변경(수정) 요망2. 관련 문의: 담당자(☎063-220-2136, 2417), 학과사무실 연락처(별도 파일 참조)3. 온라인 휴복학 상담 문의: 카카오톡에서 “전주대휴복학도우미” 검색하여 채널 추가교무처 학사지원실",0.074388948,0,0.005313496,3.45642933,0.058448459,0.672821467,2.135361318,0
학사공지,529,531+통합 관리자_년도 1학기 중간 강의평가 실시 안내,2021학년도 1학기 중간 강의평가 실시 안내,통합 관리자,2021-06-04,2280,https://www.jj.ac.kr/jj/community/notice02.do?mode=view&articleNo=190316&article.offset=200&articleLimit=100,"2021학년도 1학기 중간 강의평가를 실시하오니, 학생 여러분의 적극적인 참여와 성실한 답변 부탁드립니다.1.강의평가 기간: 4. 5.(월) ~ 4. 16.(금)2. 참여방법☞ 바로가기가. 웹: inSTAR – 학사관리 – 중간 강의평가 – 수강 과목별 강의평가나. 모바일: JJ Smart Campus – 학사관리 – 중간 강의평가 – 수강 과목별 강의평가3. 중간 강의평가 활용가. 학생 여러분이 참여한 중간 강의평가 결과는 해당 교과목의 각 교수님에게 전달되어 후반부 강의 준비에 영향을 미칠 수 있습니다.나. 교수님에게는 중간 강의평가 결과의 평균 점수만 제공되며 학생 개개인의 평가 결과는 제공되지 않습니다.다. 개방형 응답을 통해 교수님에게 강의에 대한 의견도 남길 수 있습니다. 학생들이 작성한 개방형 응답은 익명으로 교수님에게 전달되고, 이에 대한 교수님의 답변(피드백)이 있을 경우 학생들은 내용을 확인할 수 있습니다.4. 교원 피드백 확인가. 확인방법: inSTAR(웹 또는 모바일) - 학사관리 – 중간 강의평가 – 과목별 ‘조회’ 버튼 클릭 및 확인※ 교원의 피드백이 없으면 ‘조회’버튼은 보이지 않습니다.나.교원 피드백 확인 기간: 4. 22.(목) ~ 4. 30.(금)",1.57798971,1.512736855,0,0,0,0,1.251725436,0
학사공지,528,504+학사지원실_ 1학기 학사학위취득 유예 신청 안내,2021학년도 1학기 학사학위취득 유예 신청 안내,학사지원실,2021-06-01,2343,https://www.jj.ac.kr/jj/community/notice02.do?mode=view&articleNo=190288&article.offset=300&articleLimit=100,2021학년도1학기 학사학위취득 유예(구.졸업연장)신청에 대해 다음과 같이 안내하오니 참고하시기 바랍니다.1.신청대상: 2020학년도 전기 졸업대상자(2021년2월)중 학칙이 정한 졸업요건을 전부 갖춘 학생2.신청기간:2021. 1. 11.(월)~1. 22.(금) 17:00까지3.신청방법: inSTAR→학사관리→학사학위취득유예 신청(※졸업사정 종료 후 최종 승인여부를 인스타 또는 학과에 확인 필수)4.학사학위취득 유예구분 및 등록구분등록신청목적재수강계절학기 수강료 기준:학점당8만원교과목 재이수를 통한 성적 향상 목적자기개발별도의 학점등록 없음순수 자기개발 목적5.주의사항(필독)가.학사학위취득 유예는 학기 단위로최대2회까지 신청 가능나.신청제외:외국인 유학생은 신청 불가다.학사학위취득 유예기간 중 휴학 불가라.신청자가 졸업사정에서 불합격한 경우 그 신청은 당연 취소됨마.신청취소:2021. 2. 26.(금)까지'학사학위취득 유예 포기신청서(첨부)를소속 단과대학에 제출6.문의:각 학과 사무실2021. 1.교 무 처 장,0.038610039,0.038610039,1.573359073,1.727799228,0.038610039,0,1.187258687,0
학사공지,527,537+수퍼스타칼리지_회 창의적 글쓰기 경진대회 결과 발표,2021 제13회 창의적 글쓰기 경진대회 결과 발표,수퍼스타칼리지,2021-05-31,1253,https://www.jj.ac.kr/jj/community/notice02.do?mode=view&articleNo=190323&article.offset=200&articleLimit=100,"제13회 창의적 글쓰기 경진대회 결과를 발표합니다.상격성명소속학번장학금(원)최우수상임*람스마트미디어학과202162**8300,000우수상정*준영화방송학과201665**3200,000우수상김*정물리치료학과202130**7200,000장려상김*인소방안전공학과201874**8100,000장려상김*연역사문화콘텐츠학과202114**9100,000장려상김*울역사문화콘텐츠학과201914**5100,000진심으로 축하합니다.참가해주신 모든 학생 여러분 감사합니다.",0,0,0,0,0.078740157,0,0,0
학사공지,526,536+학사지원실_2021-1학기 특별학점 신청 안내,2021-1학기 특별학점 신청 안내,학사지원실,2021-05-28,2051,https://www.jj.ac.kr/jj/community/notice02.do?mode=view&articleNo=190322&article.offset=200&articleLimit=100,"2021-1학기 특별학점 신청 안내1.신청대상:정규학기 내 재학생가. 2019학번까지:기존 특별학점제(외국어,소프트웨어, K-MOOC)신청 및 인정 가능나. 2020학번부터: K-MOOC특별학점만 신청 가능함(외국어 및 소프트웨어 인정 제외)다.기타 특별학점 신청 제외 대상자1) 2021학년도1학기 포함8학기(건축학과10학기)초과 이수자2)졸업기준 학점(외국어 및 정보화)이 없는 국제학생 및 편입생2.접수기간:2021. 6. 1.(화) ~ 6. 18.(금)3.자격증별 인정과목 및 학점: 2021학년도1학기 수강편람【붙임-1】참조4.신청방법가.인스타(inSTAR)접속→학사관리→특별학점 신청※ 【붙임-2】특별학점 신청 매뉴얼 참조나.준비사항:자격증 및 자격시험 성적표 원본(스캔 파일 첨부,유효 기간 내 자격 한 함)※유효하지 않은 증빙자료(PC화면 캡쳐 이미지 등)는 불인정 처리5.인정범위가.외국어 및 정보화(외국어3/정보화4)범위에서 재수강 처리만 인정/(F학점 제외)(2018학년도부터 순수(신규)학점인정 처리하지 않음)나. K-MOOC는 한 학기1학점이 가능하며 재학 중 총3학점까지만 인정※K-MOOC로 신청하는 특별학점은 학점 신규취득 가능(최대3학점까지)다.2015학번부터는79점 이하(C+이하)의 성적만 재수강 처리 가능함라.성적인정 시기: 2020학년도 하계 계절학기 성적에 합산 처리6.유의사항가.특별학점으로 재수강 처리 받고자 하는 과목은2021-1학기에 수강신청하지 않아야 함※기존에 이수한 과목 중에서 특별학점으로 재수강 처리 가능나.특별학점 인정 자격증은 재학 기간 내에 취득한 자격증에 한함다.이전에 특별학점으로 인정받은 자격증은 중복하여 인정되지 않음라.입학 전 취득한 자격증으로는 특별학점 신청을 할 수 없음< 붙임 >1.수강편람(특별학점) 1부.2.특별학점 신청 매뉴얼1부.끝.",0.022099448,0.110497238,2.008287293,1.787292818,0,0,1.743093923,0
학사공지,525,535+학사지원실_021학년도 하계 계절수업 운영 안내,2021학년도 하계 계절수업 운영 안내,학사지원실,2021-05-27,4586,https://www.jj.ac.kr/jj/community/notice02.do?mode=view&articleNo=190321&article.offset=200&articleLimit=100,"2021학년도 하계 계절수업을 다음과 같이 운영하고자 하오니관심있는 재학생들의 많은 신청 바랍니다.1. 계절수업 운영 일정구 분기 간비 고수강신청6. 2.(수) 11:00 ~ 6. 4.(금) 18:00폐강과목 공고6. 7.(월) 15:00본교 홈페이지에 공고폐강과목수강신청 정정기간6. 8.(화) 11:00 ~ 18:00폐강과목 수강 신청자만수강신청 정정 가능수업료납부(등록기간)6. 9.(수) 09:00 ~ 6. 11.(금) 16:00고지서 출력(6. 8.화. 오후 7시 부터 가능)우리은행 영업시간 내 납부가능수강취소6. 14.(월) 11:00 ~ 7. 2.(금)  17:00- 미등록 시 수강신청내역은 일괄 취소처리함- 등록 후, 수강취소시 환불기준에 의거 환불 조치함계절수업 기간6. 21.(월) ~ 7. 9.(금)- 원격중심수업은 온라인으로 진행- 기말시험 대면수업 진행 시 수업시간표 시간에 대면시험 참석하여야 함성적 확인 기간7. 13.(화) ~ 7. 14.(수)* 등록금 고지서(납부확인서) 출력: inSTAR-장학/등록-등록관리-등록금 고지서/납부확인서(출력)2. 수강신청 학점: 최대 6학점 이내(2015학번 이전 최대 9학점 이내)* 수강신청 방법: 인스타(inSTAR) 로그인 -  수강신청 - 수강신청 메뉴에서 수강 희망과목 선택 및 저장* 원격중심 수업: 최대 3학점 이내(야간교육과정 재학생 최대 6학점 이내)3. 수업방식가.혼합수업(On&Off)을 원칙으로 진행(수업계획서의 과목별 수업진행 방식을 확인하여 수업 참석하여야 함)(단,코로나19사회적 거리두기 단계 변화로 인하여 강의실 밀집도 및 수업운영방식이 변경될 수 있음)나. 기말시험은 대면평가를 원칙으로 함(단, 평가의 공정성 확보가 가능한 경우 비대면 시험도 가능)다. 계절수업 수강생은 수업 방식 및 수업 시간표를 사전에 확인하여 수업 참석 요망(실시간 수업 시간 및 기말시험 장소 등)4. 평가(성적산출)방법: 절대평가(2021-1학기와 동일)5. 수업료: 1학점 당 80,000원6. 개설과목: 붙임 자료 참조7. 등록금 환불기준사유 발생 시기반환 금액비고개강 전전액 환불개강 후 수업일 수 1/3 이내납입금 2/3 반환개강 후 수업일 수 2/3 이내납입금 1/3 반환개강 후 수업일 수 2/3 초과반환하지 않음수강취소 불가8. 유의사항가. 등록일자 엄수 요망: 6월 11일(금)까지 등록금을 납부하지 않은 자의 수강신청 내역은 무효 처리함나. 채플 과목은8학기 이상 이수자(건축학과 10학기 이상) 중, 채플미이수한 재학생만 수강신청 가능함다. 수강신청 정정신청은 최초 수강신청 후, 폐강과목을 수강신청 한 재학생에 한하여 가능함라. 사회봉사 과목 수강신청 방법:inSTAR 로그인-학사관리-사회봉사 교과목-교과목 신청(※자세한 사항: 사회봉사센터 홈페이지 수강신청 관련 게시물 참조)9. 계절수업 관련 문의처가. 교양과목: 수퍼스타칼리지 교양학부 220-4648, 3097나. 융합전공: 수퍼스타칼리지 융합학부 220-2821, 2823다. 채플: 선교지원실 220-2423라. 수업료 납부 및 환불: 재무지원실 220-3110마. 원격강좌 수업: 원격교육지원센터 220-2805바. 총괄: 학사지원실 220-2134붙임 2021학년도 하계 계절수업 개설 교과목 현황(게시용) 1부.  끝.",1.982065553,0.136054422,0.074211503,0.35868893,0.049474335,0.09894867,1.45021645,0
학사공지,524,534+융합학부_합전공 이수 및 변경신청 안내(2차),2021학년도 1학기 Superstar College 연계‧융합전공 이수 및 변경신청 안내(2차),융합학부,2021-05-24,1145,https://www.jj.ac.kr/jj/community/notice02.do?mode=view&articleNo=190320&article.offset=200&articleLimit=100,"2021학년도1학기Superstar College연계‧융합전공 이수 및 변경신청(2차)관련 안내합니다.재학생 여러분의 많은 관심과 신청 바랍니다.1.신청 관련 안내1)신청자격:신(편)입학 후2학기 이상 등록한 자2)신청기간:5. 24.(월)~6. 6.(일)/매 학기1-2주차, 12-13주차 진행3)신청절차: inSTAR를 통해 신청→신청기간이 끝난 후융합교육지원센터의 승인→이수 가능(세부적인 신청 방법은 첨부파일 참조)2.연계‧융합전공 관련 안내1)연계‧융합전공 이수 기준구분복수(부)전공총이수학점주전공중복인정 학점융합교과목이수학점ⓐ참여전공이수학점ⓑ선택이수학점ⓐorⓑ연계전공복수전공36학점15학점 이내-21학점 이상-융합전공복수전공36학점12학점 이내12학점 이상9학점 이상3학점부전공21학점6학점 이내9학점 이상3학점 이상3학점2)연계‧융합전공별 소개:http://www.jj.ac.kr/sc홈페이지의 전공별 안내자료 참고3)이수 관련 문의:교육혁신본부 융합교육지원센터(대학본관228호/ 063.220.2821-4)3.연계‧융합전공 현황 안내1) 5개 연계전공연계전공독서‧논술교육식품영양학벤처창업중국비즈니스보육학2) 17개 융합전공(하림산학융합전공 제외)융합전공경영법학보컬퍼포먼스일본IT융합국토정보학사회적경제탄소융합농생명-ICT스마트시티혁신리빙랩대물차량손해사정스마트팜Food R&BD드론융합스토리미디어Korean Studeis라이프스타일기획인공지능4.기타 안내:연계‧융합전공 이수 승인이 되지 않았더라도,관련 교과목의 수강신청이 가능하며,연계‧융합전공 해당 교과목이라면 전공 이수 전에 수강한 교과목도 인정 가능-수퍼스타칼리지 융합학부-",0.123762376,0,0.445544554,0.817731773,0.04950495,0,1.313681368,0
학사공지,523,533+학사지원실_2021학년도 2학기 전과 안내,2021학년도 2학기 전과 안내,학사지원실,2021-05-18,4247,https://www.jj.ac.kr/jj/community/notice02.do?mode=view&articleNo=190319&article.offset=200&articleLimit=100,"2021학년도 2학기 전과 안내1. 신청자격가. 2015학번 이전◦ 2학년: 전입학기 개시일 현재 정규학기를 2회 이상 이수하고 35학점 이상 70학점 미만의 학점을 취득한 자◦ 3학년: 전입학기 개시일 현재 정규학기를 4회 이상 이수하고 70학점 이상 105학점 미만의 학점을 취득한 자◦ 4학년: 전입학기 개시일 현재 정규학기를 6회 이상 이수하고 105학점 이상의 학점을 취득한 자나. 2016학번 이후◦ 2학년: 전입학기 개시일 현재 정규학기를 2회 이상 이수하고 33학점 이상 65학점 미만의 학점을 취득한 자◦ 3학년: 전입학기 개시일 현재 정규학기를 4회 이상 이수하고 65학점 이상 98학점 미만의 학점을 취득한 자◦ 4학년: 전입학기 개시일 현재 정규학기를 6회 이상 이수하고 98학점 이상의 학점을 취득한 자* 2021년도 하계 계절학기 수강자의 경우 수강신청 학점을 포함하여 기준을 충족하면 신청할 수 있으나,학점을 취득하지 못하는 경우는 신청 및 합격이 취소됨2. 전과 허용 범위◦ 학칙이 허용하는 범위 내에서 2학년 이상에 대하여 실시*전과는 재학생만 신청 가능(휴학생은 복학 후에 신청하여야 함)* 편입생은 4학년 전과 신청 가능3. 추진일정구 분일 자(기간)내 용신청서 접수2021. 6. 15.(화)∼7. 5.(월) 17:00까지접수처: 학사지원실 (스타센터 234호)면접, 필기, 실기전형2021. 7. 14.(수)해당 학과(전공)별 고사장에서 실시합격자 발표2021. 7. 21.(수)개별통보등 록추후공지합격자 등록금 납부※ 지정기간 내 미등록 시 전과 합격이 취소됨(분할납부 불가)4. 제출서류 및 접수처◦ 제출서류:전과신청서1부(붙임 2)◦ 접 수 처:학사지원실(스타센터234호)5. 유의사항◦ 추후 안내를 위해 신청서에 본인의 연락처를 정확히 기재◦전과는 신청자별로 1개의 모집단위에만 신청하되, 전과 횟수는 제한하지 않음◦ 전과는 매 학기 시행하되 사범대학 및 보건계열학과(간호학과, 물리치료학과, 방사선학과, 보건관리학과, 작업치료학과)의 전과는 1학기에만 모집함◦ 장학금 포기: 전과할 경우 장학규정 제6조에 의거, 2021학년도 2학기 성적장학금 혜택을 받지 못함◦ 전과 합격자는 지정된 등록기간 내에 전입학과 기준으로 등록금을 납부하여야 하며, 지정 기간 내 등록금 미납부시 합격이 취소됨(이 경우 2020학년도 2학기 성적장학금을 수혜받지 못 함)◦ 교직이수자가 전과할 경우 교직이수가 취소됨◦ 전과취소: 전과 합격자가 전과를 포기하고자 할 때 포기신청서를 작성하여 전과 후 첫 학기 시작일 전까지 단과대학 행정실에 제출※문의사항◦ 필기, 실기, 면접전형/교과과정 문의: 각 학과 사무실◦ 신청방법/일정 문의: 063-220-2083, 2135, 2136붙 임: 1. 2021학년도 2학기 전과 모집요강 1부2. 전과신청서 1부교 무 처 장",0.014347202,0.028694405,0.258249641,0.329985653,0.143472023,0.028694405,1.795791487,0
학사공지,522,563+통합 관리자_년도 2학기 중간 강의평가 실시 안내,2021학년도 2학기 중간 강의평가 실시 안내,통합 관리자,2021-05-10,1733,https://www.jj.ac.kr/jj/community/notice02.do?mode=view&articleNo=190355&article.offset=200&articleLimit=100,"1. 강의평가 기간: 10. 4.(월) ~ 10. 15.(금)2. 참여방법☞ 바로가기가. 웹: inSTAR – 학사관리 – 중간 강의평가 – 수강 과목별 강의평가나. 모바일: JJ Smart Campus – 학사관리 – 중간 강의평가 – 수강 과목별 강의평가3. 중간 강의평가 활용가. 학생 여러분이 참여한 중간 강의평가 결과는 해당 교과목의 각 교수님에게 전달되어 후반부 강의 준비에 영향을 미칠 수 있습니다.나. 교수님에게는 중간 강의평가 결과의 평균 점수만 제공되며 학생 개개인의 평가 결과는 제공되지 않습니다.다. 개방형 응답을 통해 교수님에게 강의에 대한 의견도 남길 수 있습니다. 학생들이 작성한 개방형 응답은 익명으로 교수님에게 전달되고, 이에 대한 교수님의 답변(피드백)이 있을 경우 학생들은 내용을 확인할 수 있습니다.4. 교원 피드백 확인가. 확인방법: inSTAR(웹 또는 모바일) - 학사관리 – 중간 강의평가 – 과목별 ‘조회’ 버튼 클릭 및 확인※교원의 피드백이 없으면 ‘조회’버튼은 보이지 않습니다.나. 교원 피드백 확인 기간: 10. 21.(목) ~ 10. 29.(금)",1.583184258,1.511627907,0,0,0,0,1.26118068,0
학사공지,521,514+원격교육지원센터_주대학교 K-MOOC 강좌 수강 안내,[원격교육지원센터] 전주대학교 K-MOOC 강좌 수강 안내,원격교육지원센터,2021-05-02,1399,https://www.jj.ac.kr/jj/community/notice02.do?mode=view&articleNo=190298&article.offset=200&articleLimit=100,"전주대학교의 K-MOOC 강좌를 아래와 같이 운영하오니, 재학생 여러분의 많은 관심과 참여 부탁드립니다.가. 강좌정보강좌명교수자K-FOOD코디네이션(테이블코디네이션+푸드스타일링)김수인 교수(한식조리학과)- 본 강의는 식문화적 이론과 음식의 디자인적 이해를 바탕으로 한식조리법을 활용한 메뉴 실습과 그릇담기 및 이미지에 맞는 식공간 연출에 대한 이해를 높이고,감각적인 미를 살린 푸드코디네이션의 기본 기술을 숙지할 수 있습니다.- 강좌 소개 동영상:바로가기나. 수강안내- 신청기간: 2021. 2. 1.(월) - 2. 14.(일)- 수강기간: 2021. 2. 1.(월) - 2. 26.(금)- K-MOOC 홈페이지(http://www.kmooc.kr/) 회원가입→ 강좌 검색 후 수강신청/(대학 목록에서 “전주대학교” 선택, 수강 희망 강좌 신청)- 강좌 이수 기준 충족 시 이수증 발급다. 특별학점 인정- 한 학기 1학점 가능하며 재학 중 총 3학점까지만 인정(K-MOOC로 신청하는 특별학점은 학점 신규취득 가능-최대 3학점까지)- 우리학교 및 타학교 강좌 모두 가능- 성적인정 시기: 계절학기 성적에 합산 처리- 특별학점 인정 관련 문의: 학사지원실 ☎ (063)220-2134라. 문 의 :전주대학교 원격교육지원센터 ☎ (063)220-2998, 2810",1.247552448,0.061538462,0.215384615,0.123076923,0.970629371,0,0.970629371,0
학사공지,520,503+학사지원실_2021학년도 1학기 휴학 신청 안내,2021학년도 1학기 휴학 신청 안내,학사지원실,2021-05-01,6154,https://www.jj.ac.kr/jj/community/notice02.do?mode=view&articleNo=190287&article.offset=300&articleLimit=100,"2021학년도 1학기 휴학 신청 안내1휴학 신청1. 휴학 신청 주요사항 안내가. 일반 휴학구 분내 용대 상(휴학사유)■ 질병: 4주 이상 출석할 수 없는 자■ 창업: 사업체 창업 또는 기존 사업체 경영하려는 자■ 기타 사유- 자기개발, 가계곤란, 임신·출산·육아, 천재지변, 돌발사고,장애학생, 그 밖에 학장이 휴학이 필요하다고 인정한 자휴학기간■ 1년 단위(2학기) 휴학 신청(※ 1년 휴학 신청하였어도, 6개월 뒤 복학 신청 가능함)신청기간1차2021. 1. 18.(월) ~ 2021. 1. 22.(금)등록금 미납자는 4차까지만 신청 가능2차2021. 2. 15.(월) ~ 2021. 2. 26.(금)3차2021. 3. 15.(월) ~ 2021. 3. 24.(수)4차2021. 4. 2.(금) ~ 2021. 4. 5.(월)5차2021. 4. 15.(목) ~ 2021. 4. 19.(월)등록금 납부자만 신청 가능신청방법■ inSTAR(인스타) 홈페이지에서 신청 후 학과사무실 방문 접수처리절차■ 인스타 로그인 → 학사관리 메뉴 → 휴학신청서 작성 → 신청서 출력→ 학과 사무실 방문(CA 및 지도교수 또는 학과장 상담) 및 제출 → 접수완료증빙서류■ 질병휴학: 4주 이상 진단서■ 창업: 사업자등록증 또는 법인등기부등본 사본 1부.■ 임신 및 출산: 진단서, 가족관계증명서■ 기타사유: 증빙서류 없음휴학 제한■신·편입생 및 재입학생의 경우 입학 첫 학기는 휴학 신청 제한(※ 단, 5주 이상의 질병 치료 목적의 휴학 또는 군휴학만 가능함)나. 병역의무 이행(군입대) 휴학구 분내 용대 상■ 군입대 예정인 자 ■ 군복무 연장 예정인 자신청기간■ 군입대 전■ 군입대일 1주일 전부터 신청 가능함신청방법■ inSTAR(인스타) 홈페이지에서 군휴학 신청 후 학과사무실 방문 접수처리절차■ 인스타 로그인 → 학사관리 메뉴 → 군휴학신청서 작성 → 신청서 출력→ 학과 사무실 방문(CA 및 지도교수 또는 학과장 상담) 및 제출 → 접수완료증빙서류■ 병역의무 이행 증빙서류 1부.(입영통지서, 사회복무요원 소집 통지서 등)2. 휴학 변경 안내가. 일반휴학 → 군휴학 변경구 분내 용대 상■일반휴학 후 군입대 사유로 군휴학으로 변경하려는 자신청기간■ 군입대 전■ 군 입대일 1주일 전부터 신청 가능함신청방법■ inSTAR(인스타) 홈페이지에서 군휴학 신청 후 학과사무실 방문 접수처리절차■ 인스타 로그인 → 학사관리 메뉴 → 군휴학신청서 작성 → 신청서 출력→ 학과 사무실 방문(CA 및 지도교수 또는 학과장 상담) 및 제출 → 접수완료증빙서류■ 병역의무 이행 증빙서류 1부.(입영통지서, 사회복무요원 소집 통지서 등)주의사항■ 군휴학으로 변경하지 않고 입대한 경우 해당학기 일반휴학으로 처리됨(※군입대 후 본인이 신청할 수 없는 경우,가족 대리 신청 가능함)나. 군휴학 → 일반휴학 변경구 분내 용대 상 자■전역 후, 복학 예정학기에 복학하지 않고 일반 휴학을 신청하려는 자신청기간■전역 후, 복학 예정학기 개강일 전까지신청방법■ inSTAR(인스타) 홈페이지에서 복학신청■ 복학신청 완료 후, 인스타에서 일반휴학 신청 뒤 학과사무실 방문 접수처리절차■ 인스타 로그인 → 학사관리 메뉴 → 복학신청 → 일반휴학 신청서 작성 → 신청서 출력 → 학과 사무실 방문(CA 및 지도교수 또는 학과장 상담) 및 제출 → 접수완료증빙서류■ 군휴학 후 복학자: 전역증 또는 전역 확인 증명서(①~③ 중 1부) 첨부① 병적증명서(병무청 발급) ② 복무확인서(부대/근무처 발급)③ 병역사항 기재된 초본(주민센터 발급)주의사항■ 군휴학 후 복학처리를 먼저 신청해야 일반휴학 신청이 가능함3. 휴학 연장 안내구 분내 용대 상■ 일반휴학(1년 단위) 기간 만료 후, 휴학을 연장하려는 자■ 병역의무 만료 복학 예정자 중 일반휴학을 신청하려는 자신청기간■ 휴학 만료 학기 수업종료일부터 복학 학기 개시 이전까지(복학 학기 수업일수 1/3 이내에 휴학 연장 신청 가능함)신청방법■ inSTAR(인스타) 홈페이지에서 휴학 신청 후 학과사무실 방문 접수처리절차■ 인스타 로그인 → 학사관리 메뉴 → 휴학신청서 작성 → 신청서 출력→ 학과 사무실 방문(CA 및 지도교수 또는 학과장 상담)및 제출 → 접수완료주의사항■ 일반 휴학의 경우 신입생의 경우 최대 8학기(4년) 휴학 가능함(3학년 편입생의 경우 최대 4학기 휴학 가능함)2기타 사항1. 개인정보 수정 안내가. 대상자: 개인정보(주소, 핸드폰 연락처 등)가 변경된 재학생 및 휴학생나. 수정방법: 인스타 → 개인정보 수정 클릭 → 개인정보 수정 후 저장다. 학사 관련 업무 발생 시 연락할 수 있도록 개인정보 변경(수정) 요망2. 관련 문의: 담당자(☎063-220-2417), 학과사무실 연락처(별도 파일 참조)교무처 학사지원실",0.017226529,0,0,3.804601944,0.094745909,0.008613264,1.747262212,0
학사공지,519,532+학사지원실_국내대학 학점교류 실시 및 신청 안내,2021학년도 하계 계절학기 국내대학 학점교류 실시 및 신청 안내,학사지원실,2021-04-26,3750,https://www.jj.ac.kr/jj/community/notice02.do?mode=view&articleNo=190317&article.offset=200&articleLimit=100,"2021학년도 하계 계절학기 국내대학 학점교류 실시 및 신청 안내국내 대학 간 학점교류 협정에 의거하여 2021학년도 하계 계절학기 학점교류 학생을다음과 같이 접수하오니 관심 있는 재학생들의 많은 신청 바랍니다.순교류대학신청기한수학 안내문(대학명 클릭)신청자격1경남대05.06.(목)경남대학교- 2학년 이상인 자- 2학기 이상 수료한 자- 직전 학기까지 총 평점평균 3.0이상인 자- 타대학 계절수업 이수 후, 1학기 이상 본교 등록이 가능한 자(2021년 8월 졸업 예정자 신청 대제상 제외)- 재학 중 최대 4개 학기 수학 가능2전북대05.03.(월)전북대학교3제주대05.11.(화)제주대학교4울산대05.11.(화)울산대학교5군산대05.10.(월)군산대학교6계명대05.27.(목)계명대학교7아주대06.08.(화)아주대학교8호남대06.07.(월)호남대학교9한남대06.03.(목)한남대학교10고려대05.13.(목)고려대학교- 3학년 이상인 자- 4학기(70학점) 이상 수료한 자- 직전 학기까지 총 평점평균 3.0이상인 자- 타대학 계절수업 이수 후, 1학기 이상 본교 등록이 가능한 자(2021년 8월 졸업 예정자 신청 대상 제외)- 수학기간 재학 중 최대 2개 학기11연세대05.18.(화)연세대학교1. 신청방법: 제출서류를 학과 사무실에 제출(학점교류 과목 이수계획서는 작성 후, 소속 학과 조교에게 확인 후 학과장 서명 받을 것)2. 제출서류(붙임 양식 참조)가. 국내대학 학점교류 신청서 1부.나. 국내대학 학점교류 과목 이수 계획서 1부.다. 우리대학 학점 인정 과목 내용 확인 후 기재 요망1) 전공과목: 해당 학과(조교 선생님)에 문의 후 기재2) 교양과목: 수퍼스타칼리지 교양학부(063-220-3097)에 문의 후 기재3. 유의사항가.교류 대학의 원격(비대면) 수업만 수강하는 것을 권장합니다.(코로나19 감염 예방을 위한 타지역 이동 및 접촉 최소화)나. 교류대학별로 추천기한이 상이하여 접수기간이 다른 점을 유의하시기 바랍니다.다. 붙임 자료의 수학 안내문이 없는 대학의 경우 해당 대학에서 공문이 발송되지 않은 것입니다.(안내문이 없는 대학으로의 학점교류는 접수하는 대로 공지할 예정임)라.이수 계획서에 기재된 과목이 아닌 다른 과목을 신청할 시에는 성적부여가 되지 않습니다.마.2021년 8월 졸업예정자(2021-1학기가 마지막 학기인 학생)는 신청 대상에서 제외 됩니다.4. 관련 문의: 학사지원실(063-220-2134) 또는 학과 사무실붙임  학점교류 신청서 및 교류대학 과목 이수계획서 1부.  끝.",0.048,0.016,1.050810811,1.018810811,0.048,0,0.986810811,0
학사공지,518,551+학사지원실_020학년도 후기 졸업사정 결과 확인,2020학년도 후기 졸업사정 결과 확인,학사지원실,2021-04-08,1663,https://www.jj.ac.kr/jj/community/notice02.do?mode=view&articleNo=190340&article.offset=200&articleLimit=100,"2020학년도 후기(2021년 8월 졸업) 졸업대상자의 최종졸업사정 결과를 다음과 같이 안내하오니 졸업대상자는 결과를 확인하시기 바랍니다.1. 졸업사정 결과 확인 방법: 인스타(inSTAR) - 학사관리 - 졸업예정자 졸업사정확인2. 확인 및 이의신청가. 기간: 2021. 8. 3.(화) 15:00 ~ 8. 4.(수) 16:00나. 이의신청내용: 복수전공, 부전공, 교직 누락여부, 학사학위취득유예 여부3. 졸업사정 안내사항가. 불합격(탈락자)의 경우 상세내역을 확인하시기 바랍니다.나. 학사학위취득유예 신청자 중 졸업을 희망하는 자는 '학사학위취득유예 포기신청서'를 8. 27.(금)까지 제출하시기 바랍니다.4. 문의사항 : 학사지원실(063-220-2083)2021. 8.교 무 처 장",0,0,1.983791402,0.206718346,0.103359173,0,0.206718346,0
학사공지,517,513+학사지원실_020학년도 전기 졸업사정 결과 확인,2020학년도 전기 졸업사정 결과 확인,학사지원실,2021-04-02,1777,https://www.jj.ac.kr/jj/community/notice02.do?mode=view&articleNo=190297&article.offset=200&articleLimit=100,"2020학년도 전기(2021년 2월 졸업) 졸업대상자의 최종졸업사정 결과를 다음과 같이 안내하오니 졸업대상자는 결과를 확인하시기 바랍니다.1. 졸업사정 결과 확인 방법: 인스타(inSTAR) - 학사관리 - 졸업예정자 졸업사정확인2. 확인 및 이의신청가. 기간: 2021. 2. 5.(금) 10:00 ~ 2. 8.(월) 12:00나. 이의신청내용: 복수전공, 부전공, 교직 누락여부, 학사학위취득유예 여부3. 졸업사정 안내사항가. 불합격(탈락자)의 경우 상세내역을 확인하시기 바랍니다.나. 학사학위취득유예 신청자 중 졸업을 희망하는 자는 '학사학위취득유예 포기신청서'를 2. 28.(금)까지 제출하시기 바랍니다.4. 문의사항 : 학사지원실(063-220-2083)2021. 2.교 무 처 장",0,0,1.983791402,0.206718346,0.103359173,0,0.206718346,0
학사공지,516,529+학사지원실_ 학생평가(성적산출) 방법 변경 안내,2021학년도 1학기 학생평가(성적산출) 방법 변경 안내,학사지원실,2021-03-22,3829,https://www.jj.ac.kr/jj/community/notice02.do?mode=view&articleNo=190314&article.offset=200&articleLimit=100,"2021학년도 1학기 학생평가(성적산출) 방법 변경 안내1. 변경사항구 분변경 전변경 후성적산출방법절대평가개인 레슨형 전공실기, 개인(팀) 프로젝트,Capstone Design 유형 교과목전 교과목 절대평가(상대평가 비율 해제)상대평가절대평가 과목 외 모든 교과목2. 적용기간: 2021-1학기에 한 함.-교무처장 -",0.337078652,2.773876404,0,0,0,0,2.436797753,0
학사공지,515,528+학사지원실_2021-1학기 대체 보강일 지정안내,2021-1학기 대체 보강일 지정안내,학사지원실,2021-03-15,5130,https://www.jj.ac.kr/jj/community/notice02.do?mode=view&articleNo=190313&article.offset=200&articleLimit=100,"2021학년도1학기 공휴일과 관련하여 대체보강일을 안내하오니 재학생 여러분들은수업참석에 참고하시기 바랍니다.순대체 보강일휴무일비 고12021.04.27.(화)2021.05.05.(수) / 어린이날22021.04.28.(수)2021.5.19.(수) / 부처님오신날32021.04.29.(목)-42021.04.30.(금)-개교기념 휴무일52021.05.03.(월)2021.06.21.(월) / 종강일- 보강주간은 휴무일에 해당되는 수업을 보강할 수 있도록 지정된 주간으로, 지정된 보강수업 또는 승인된 보강수업 이외의 수업을 진행할 수 없음.※ 2021-1학기 기말시험주간: 2021.6.14.(월)~6.19.(토)※ 신종 코로나바이러스 추이에 따라 또는 교육부의 추가 조치사항이 있는 경우,학사일정은변경될 수 있음.-교 무 처 장-",1.966468739,0.048899756,0,0,0,0.293398533,1.52637094,0
학사공지,514,526+학사지원실_2021년 8월) 조기졸업 신청 안내,2020학년도 후기(2021년 8월) 조기졸업 신청 안내,학사지원실,2021-03-03,1655,https://www.jj.ac.kr/jj/community/notice02.do?mode=view&articleNo=190311&article.offset=200&articleLimit=100,"2020학년도 후기(2021년 8월 졸업) 조기졸업 신청을 다음과 같이 안내하오니 대상 학생들은 신청하여 주시기 바랍니다.1. 신청기간:2021. 3. 3.(수)~3. 15.(월)17:00까지2. 신청방법: inSTAR → 학사관리 → 조기졸업 신청3. 신청대상구분신청자격2015학번 이전○5학기 이상 수료하고6학기 등록을 필한 자로서119학점 이상 취득하고총 평균 평점이4.0이상인자2016학번 이후○5학기 이상 수료하고6학기 등록을 필한 자로서112학점 이상(간호학과는119학점 이상)취득하고 총 평균 평점이4.1이상인자* 편입생은 조기졸업 신청 제외4. 참고사항가. 조기졸업요건구분졸업요건2015학번 이전○3학년(6학기)이상 등록하고,총140학점(건축학과2013학번 이전160학점)이상을 취득한 자로서,해당 학과(전공)의 졸업기준을 충족한 자○ 총 평점평균이4.0이상인 자2016학번 이후○3학년(6학기)이상 등록하고,총130학점 이상(간호학과140학점 이상)을취득한 자로서,해당 학과(전공)의 졸업기준을 충족한 자○ 총 평점평균이4.1이상인 자나. 조기졸업 탈락 시, 다음 학기 정규등록을 하여야 하며 성적장학금 수혜 대상에서 제외됨다. 조기졸업 신청을 취소하고자 하는 경우는 신청학기 기말고사 시작 전(2021.06.14.)까지조기졸업 포기 신청서를 작성하여 각 단과대학 행정지원실에 제출하여야 하며,이 경우에는 성적장학금 수혜대상에 포함됨라. 조기졸업 이후라도 착오 또는 부정한 방법으로 조기졸업을 하게된 경우에는 조기졸업을취소할 수 있음5. 문의처: 학사지원실(063-220-2083)2021. 3.교 무 처 장",0,0.07518797,2.702067669,1.363565163,0.125313283,0,1.01268797,0
학사공지,513,512+수퍼스타칼리지_1학기 자유교양 수강신청  관련 안내,2021-1학기 자유교양 수강신청  관련 안내,수퍼스타칼리지,2021-03-02,2671,https://www.jj.ac.kr/jj/community/notice02.do?mode=view&articleNo=190296&article.offset=200&articleLimit=100,2021-1학기 자유교양 수강신청 관련 안내이번주금요일 2월 5일 오전 11시에자유교양 수강신청 인원을 소폭 확대할 예정입니다.자유교양을 수강하길 희망하는 재학생들은 이 점 참고하여 수강신청하시길 바랍니다.문의) 063-220-3097,1.608391608,0,0,1.608391608,0,0,1.305361305,0
학사공지,512,522+학사지원실_ 모바일 출결관리 앱 이용 방법 안내,2021학년도 1학기 수업방식 다양화에 따른 모바일 출결관리 앱 이용 방법 안내,학사지원실,2021-02-26,4582,https://www.jj.ac.kr/jj/community/notice02.do?mode=view&articleNo=190306&article.offset=200&articleLimit=100,2021학년도 1학기 수업방식 다양화에 따른 모바일 출결관리 앱 이용 방법 안내2021학년도 1학기 수업방식 다양화에 따른 원활한 출결관리를 위하여 다음과 같이 출결관리 앱 기능이 개선되었기에 안내하오니 참고하시기 바랍니다.< 이용 방법 >① 출결관리 앱 재설치※ 설치방법 : 전주대학교 포털 앱 ≫ 다운로드센터 ≫ 전주대 출결관리(iOS 또는 AndroidOS 중에 선택)- AndroidOS는 구글스토어의 앱 업데이트 승인이 지연되고 있습니다. 곧  업데이트될 예정입니다.② 출결관리 앱에서 과목별로 수업 방식을 확인하여 준비 (붙임-2. p.26 참조)-앱 로그인 ≫ 중앙의 오늘의수업 아이콘 클릭※ 학생은 당일의 수업에 대해서 수업 방식을 확인할 수 있음(익일 이후의 수업 방식 확인 기능은 개발 중)붙임  전주대학교 모바일출결 앱 학생 사용 설명서 1부.,0.99376947,0,0,0,0,0,1.753894081,0
학사공지,511,523+학사지원실_년도 1학기 출석인정(취업사유) 안내,2021학년도 1학기 출석인정(취업사유) 안내,학사지원실,2021-02-26,2273,https://www.jj.ac.kr/jj/community/notice02.do?mode=view&articleNo=190308&article.offset=200&articleLimit=100,"2021학년도 1학기 취업사유 출석인정 안내1. 접수기간가. 1차 접수:2021. 3. 2.(화) ~ 3. 15.(월) /개강1~2주차※ 1차 접수일 이전 취업자는 1차 접수기간 내 신청※ 1차 접수기간 이후 취업자는 취업일 기준 2주 이내 신청나. 2차 서류 접수(재직확인):2021. 6. 1.(화) ~ 6. 7.(월)2. 접수방법: 학생포털서비스(inSTAR)를 통한 온라인 접수3. 대상자: 2021학년도 후기(2021년 8월) 졸업예정자 중 취업자※ 단, 하계 계절수업 수강신청 학점을 포함하여 졸업 기준을 충족한 자 포함4. 신청절차 및 증빙서류: 붙임 문서(출석인정 처리 안내문) 참조5. 유의사항가. inSTAR 등록 후 출석인정요청서를 출력하여 교과목 담당교수님께 확인을득한 후, 행정실에 제출해야 신청이 완료되므로 착오 없으시기 바람나. 원격 및 야간강좌는 출석인정(취업사유) 대상 과목이 아님※원격 및 야간강좌는 정상 수강해야 함붙임  1. 출석인정(취업사유) 신청 안내문 1부.2. 취업자 증빙서류 안내문 1부.-교 무 처 장-",0.187969925,0,1.567379988,0.263157895,0,0.037593985,1.529786003,0
학사공지,510,524+학사지원실_1학년도 1학기 출석인정(공결) 안내,2021학년도 1학기 출석인정(공결) 안내,학사지원실,2021-02-26,4823,https://www.jj.ac.kr/jj/community/notice02.do?mode=view&articleNo=190309&article.offset=200&articleLimit=100,"2021학년도 1학기 출석인정(공결) 안내출석인정(공결) 신청방법에 대한 안내입니다.1. 인스타(https://instar.jj.ac.kr/)에 로그인2. 학사관리 → 출석인정신청 선택(아래 화면 참고)3. 「신규」 버튼을 클릭한 후 신청구분에서 해당 사유 선택-  신청구분을 선택하면 우측에 상세 구분이 나타나므로 선택-코로나19 관련인 경우 '본인의 상해나 질병으로 출석할 수 없는 경우'에 선택하고 입력 => 자가격리 마지막 날 이후에 입력 가능합니다.4. 결석일시: 해당사유로 처리해야 하는 시작일시부터 종료일시까지 입력가. 하나의 사유로 여러 번 신청하지 마세요.(3일의 경우: 예] 시작일시: 2021-03-02 09:00 종료일시: 2021-03-05 20:00까지 입력하여 한 건으로 입력하세요)나. 가족의 사망에 의한 공결시 인정기간* (외)조부모, 부모, 배우자, 자녀: 공휴일포함 5일이내* 형제자매: 공휴일포함 3일이내5. 신청 상세사유: 해당 사유를 상세하게 입력하세요.6. 신청절차입력자료 확인 후 ""저장""버튼 클릭 → ""출석인정요청서""의 ""출력""버튼 클릭하여 출력 → ""출석인정요청서""의 서명을 득한 후→ 소속학과 사무실에 증빙서류와 함께 제출(질병(코로나19포함) 및 가족사망 사유인 경우 수업담당교수 서명 필)붙임    출석인정(공결) 신청 안내문 1부.- 교 무 처 장 -",0.02962963,0,0,0.237037037,0,0,1.457407407,0
학사공지,509,520+융합학부_합전공 이수 및 변경신청 안내(1차),2021학년도 1학기 Superstar College 연계‧융합전공 이수 및 변경신청 안내(1차),융합학부,2021-02-22,1599,https://www.jj.ac.kr/jj/community/notice02.do?mode=view&articleNo=190304&article.offset=200&articleLimit=100,"2021학년도1학기Superstar College연계‧융합전공 이수 및 변경신청관련 안내합니다.재학생 여러분의 많은 관심과 신청 바랍니다.1.신청 관련 안내1)신청자격:신(편)입학 후2학기 이상 등록한 자2)신청기간:3. 1.(월)~14.(일)/매 학기1-2주차, 12-13주차진행3)신청절차: inSTAR를 통해 신청→신청기간이 끝난 후융합학부의 승인→이수 가능(세부적인 신청 방법은 첨부파일 참조)2.연계‧융합전공 관련 안내1)연계‧융합전공 이수 기준구분복수(부)전공총이수학점주전공중복인정 학점융합교과목이수학점ⓐ참여전공이수학점ⓑ선택이수학점ⓐorⓑ연계전공복수전공3615학점 이내-21학점 이상-융합전공복수전공3612학점 이내12학점 이상9학점 이상3학점부전공216학점 이내9학점 이상3학점 이상3학점2)연계‧융합전공별 소개:http://www.jj.ac.kr/sc홈페이지의 전공별 안내자료 참고3)이수 관련 문의:수퍼스타칼리지 융합학부(대학본관228호/ 063.220.2821-4)3.연계‧융합전공 현황 안내1) 5개 연계전공연계전공독서‧논술교육벤처창업보육학식품영양학중국비즈니스2) 15개 융합전공(하림산학융합전공 제외)융합전공경영법학라이프스타일기획스토리미디어국토정보학보컬퍼포먼스인공지능농생명-ICT사회적경제일본IT융합대물차량손해사정스마트시티탄소융합드론융합스마트팜Food R&BD4.기타 안내:연계‧융합전공 이수 승인이 되지 않았더라도,관련 교과목의 수강신청이 가능하며,연계‧융합전공 해당 교과목이라면 전공 이수 전에 수강한 교과목도 인정 가능-수퍼스타칼리지 융합학부-",0.130208333,0,0.390625,0.831912879,0,0,1.325284091,0
학사공지,508,521+학사지원실_K) 원격강좌 개설 및 수강신청 안내,2021-1학기 한국지역대학연합(RUCK) 원격강좌 개설 및 수강신청 안내,학사지원실,2021-02-22,2370,https://www.jj.ac.kr/jj/community/notice02.do?mode=view&articleNo=190305&article.offset=200&articleLimit=100,"본교와 학점교류 협약대학인 한국지역대학연합(RUCK) 및 원광대학교 2021학년도 1학기 원격강좌 운영 사항을다음과 같이 안내하오니 원격강좌(RUCK) 수강을 희망하는 학생은 아래 신청 기간에 신청하여 주시기 바랍니다.1. 한국지역대학연합(RUCK) 및 원광대학교 개설 강좌 내역: 총 17개 강좌 <첨부 파일 참조>2. 수강신청 자격: 직전학기 평점평균 3.0 이상인 재학생3. 수강신청 기간: 2. 26.(금) 11:00 ~ 3. 8.(월) 18:00- 수강신청 기간 내 전주대학교 수강신청 홈페이지에서 수강신청4. 강의 수강 사이트가. 가톨릭관동대 https://tlms.cku.ac.kr나. 경남대 http://cyber.kyungnam.ac.kr다. 계명대 http://ctl.kmu.ac.kr라. 아주대 https://eclass2.ajou.ac.kr (아주대 포털: https://mportal.ajou.ac.kr/main.do )마. 울산대https://ulms.ulsan.ac.kr바. 한남대https://hiclass.hannam.ac.kr사. 호남대 http://ctl.honam.ac.kr아. 원광대http://wvu.wonkwang.ac.kr5. 수강관련 문의: 원격교육지원센터(063-220-2998, 2928)",1.742543171,0,0.031397174,0.934065934,0.031397174,0,0.777080063,0
학사공지,507,518+학사지원실_신청 연장(최종) 안내(~3.17.),2021학년도 신/편입생 학생증 신청 연장(최종) 안내(~3.17.),학사지원실,2021-02-19,15342,https://www.jj.ac.kr/jj/community/notice02.do?mode=view&articleNo=190302&article.offset=200&articleLimit=100,"2021학년도 신(편)입생 여러분을 진심으로 축하합니다.신입생 및 편입생의 학생증 발급에 따른 신청 방법을 아래와 같이추가 연장기간을 안내하오니 꼭 기한내에 신청하여 주시기 바라며,학생증 신청을 하지 않을 경우 단과대학건물 등 대학시설 사용에 제한을 받을 수 있습니다.1.신청기간가. 1차: 2021.03.02.(화) 09:00 ~ 03.12.(금) 24:00나. 2차: 2021.03.13.(토) ~ 03.17.(수) 24:00 (최종)※학번조회방법 (""2021학년도 신/편입생 학번 조회 안내""공지사항 참조):조회가능일시: 2.22.(월) 10:00[국제 학생 및 대학원생위비뱅크에서 신청불가]※ 국제학생 신/편입생:사진1매, 외국인등록증을 가지고 각 단과대학 행정실 국제학생 상담 조교선생님께 신청※ 대학원생: 사진1매, 신분증을 가지고 대학원 행정실에 방문 신청2.신청방법(※자세한 사항은 붙임 문서 참조)가)핸드폰 어플리케이션을 통한 신청나)어플리케이션 위비뱅크 설치다)위비뱅크 접속라)대학ID카드 신청마) ID카드 안내 및 신청3.신청 전 준비사항-주민등록증 또는 운전면허증-증명사진을 핸드폰에 미리 저장(사진은 우리 대학에 제출된 사진이 아닌 신청인이 학생증신청시 등록한 사진으로 발급됨.)-핸드폰 접속시간은10분 이내로 신청4.안내문의-학생증 관련 신청 문의:우리은행 전주대 출장소(063-227-0257누르고211,213,214누름)-은행업무 문의: 1588-5000/1599-5000(0번->2번->2번 인터넷 상담)",0,0,0,2.126696833,0,0,0.983134513,0
학사공지,506,519+학사지원실_21학년도 신/편입생 학번 조회 안내,2021학년도 신/편입생 학번 조회 안내,학사지원실,2021-02-19,9412,https://www.jj.ac.kr/jj/community/notice02.do?mode=view&articleNo=190303&article.offset=200&articleLimit=100,"2021학년도 신(편)입생 여러분의 입학을 진심으로 축하합니다.전주대학교가 여러분의 도전과 꿈을 항상 응원하겠습니다.코로나19로 인하여 여러분께서 많은 걱정이 있으리라 생각합니다.우리대학에서는 학생여러분이 안전하고 건강하게 학업에 집중할 수 있도록 최선의 노력을 다하고 있습니다.2021학년도 신(편)입생의 학번 조회 방법을 다음과 같이 안내하오니,본인의 학번을 확인하시기 바랍니다.✦학번공개일시:2021.2.22.(월) 09:00 ~1.공개대상자: 2021. 2. 19.(금) 현재 신/편입학 등록완료자(추가 모집에 의한2.사이트:전주대 홈페이지→인스타(inSTAR:https://instar.jj.ac.kr/)3.인스타 사이트에서'아이디찾기'클릭↓↓4.성명/생년월일,학과 선택 후'학번검색'클릭5.입력 자료의 인증이 끝나면 오른쪽 화면과 같이 학번이 조회됩니다.6.조회가 완료되면 학번을 학인 후 아래의비밀번호를 재입력 후'수정' 하여 재설정하시기 바랍니다.(필수)[참고]각종 증명서는(인터넷 및 학생서비스센터에서) 신편입생 입학일(3.2.(화)) 이후부터 발급 가능합니다.학생증 신청일: 3.2.(수) ~ 3.12.(금)학생증 신청은 기간내 첨부파일의 학생증 신청방법을 참고하여 신청하세요.교 무 처 장",0,0,0,1.52979066,0,0,1.336553945,0
학사공지,505,517+학사지원실_년도 1학기 재입학 합격자 등록 안내,2021학년도 1학기 재입학 합격자 등록 안내,학사지원실,2021-02-16,1323,https://www.jj.ac.kr/jj/community/notice02.do?mode=view&articleNo=190301&article.offset=200&articleLimit=100,"2021학년도 1학기 재입학 합격자 등록 기간을 다음과 같이 안내합니다.1. 등록 기간: 2021. 2. 18.(목)~2. 19.(금) 16:002. 납부은행: 우리은행 전국 각 지점3. 납부금액: 입학금 + 수업료4. 납부계좌: 개인별 가상계좌5. 등록금 고지서 출력방법: 학교 홈페이지 - inSTAR(인스타) 로그인 - 장학,등록 메뉴 -등록금 고지서 클릭 - 재입학 등록금 고지서 출력 버튼 클릭6. 유의사항: 재입학 합격자가 정해진 등록 기간 내 등록하지 않은 경우 재입학이 취소됨7. 문의사항: 학사지원실(063-220-2083)2021. 2.교 무 처 장",0.062893082,0,0,1.656990808,0.062893082,0,1.216739236,0
학사공지,504,516+학사지원실_2021학년도 1학기 수업운영 안내,2021학년도 1학기 수업운영 안내,학사지원실,2021-02-15,8466,https://www.jj.ac.kr/jj/community/notice02.do?mode=view&articleNo=190300&article.offset=200&articleLimit=100,"2021학년도 1학기 수업운영 안내1.수업운영 기본방향가. 코로나바이러스(COVID19) 감염증의 확산에 효과적 대응을 위해사회적거리두기 단계에 따른 수업운영 모형 개발 및 운영나. 대학교육에서수업의 질을 향상시키기 위해교과목의 특성에 따라 수업방식을 다양화하고, 비대면과 대면수업을 혼합한 On&Off 수업 확대 운영다. 사회적 거리두기 단계에 따른 수업 방식 원칙사회적거리두기수업방식수업 방식 원칙비 고1단계대면수업- 기존 원격 강좌 외 전체 교과목전면 대면 수업1.5단계~2.5단계혼합수업-비대면(On-line)과 대면(Off-line)을 혼합한 플립러닝 기반On&Off수업1학기 기본 방향3단계비대면수업- 모든 교과목 전면On&On 수업진행(동영상&실시간)교내 확진자 발생 시※사회적 거리두기 단계 변화(코로나바이러스 감염 우려 완화 또는 심각)시,수업방식 전환 가능함.2. 교과목별 수업운영 방법 확인방법가. 인스타 로그인 후, 수강신청한 과목의 수업계획서에 과목별 대면/비대면 수업운영 방식 안내하였음- 아직 수강신청을 하지 않은 학생의 경우, 학생포털웹서비스(inSTAR) 로그인 - 학사관리 - 수업계획서(개설강좌) 조회에서 확인하거나수강신청 정정기간 동안 수강신청 화면에서 수강희망 과목 조회 시 확인 가능나. 교목별 기본 수업운영방법은 참고사항으로 코로나19상황에 따라 변경될 수 있음3. 학사관련 주요 기본사항가.온라인 실시간 수업 수강방법:사이버캠퍼스 로그인 후,실시간 수업 수강나. 수시시험: 담당 교원이 선택하며, 대면/비대면 평가 모두 가능함다. 기말시험:원격 강좌(채플,통합교양, RUCK)외 모든 교과목 대면(Off-line)시험 시행 원칙라. 출결처리: 담당교원이 사이버캠퍼스 출석을 출결관리시스템에 입력 예정(※ 실시간 강의 시 인증번호 입력을 통한 자동출석방식으로 출결 인증 예정임)마. 강의방식 확인: 수강과목 수업계획서 및 출결관리앱에서 확인 가능※ 주차별 강의방식(1차시+2차시) 예 - 대면+대면, 대면+동영상, 대면+실시간, 실시간+실시간, 동영상+실시간※전자출결앱을 통하여 각 수업 차시별 수업운영방식(대면,동영상,실시간)안내 예정임4. 기타 자세한 사항은 붙임문서를 참고하시기 바랍니다.",2.274907749,0.073800738,0,0.073800738,0,0,1.647601476,0
학사공지,503,515+학사지원실_2021학년도 1학기 폐강과목 안내,2021학년도 1학기 폐강과목 안내,학사지원실,2021-02-13,1833,https://www.jj.ac.kr/jj/community/notice02.do?mode=view&articleNo=190299&article.offset=200&articleLimit=100,"2021학년도 1학기 개설 강좌 중 수강인원 미달에 따른 폐강 과목을다음과 같이 안내하오니 해당 과목의 수강신청자는 아래 사항을 참고하여 수강신청을 정정하시기 바랍니다.1. 폐강과목 현황: 41개 강좌(자세한 목록은 첨부파일 참조)- 폐강과목 수강신청 내역은 수강신청 정정 기간 중 일괄 삭제 예정이오니폐강과목을 수강신청한 재학생의 경우, 반드시 다른 과목으로 수강신청 변경하시기 바랍니다.2. 폐강과목 수강신청자 수강신청 정정기간- 2.26.(금) 11:00 ~ 3. 8. (월) 18:003. 교양과목의 폐강여부는 수강신청 정정기간 중 수퍼스타칼리지 교양학부에서 별도 공지 할 예정입니다.4. 폐강문의- 전공, 교직 등: 학사지원실(063-220-2134)- 교양강좌: 수퍼스타칼리지 교양학부(063-220-4648, 3097)붙임  2021-1학기 폐강 강좌 1부.   끝.",0.594965675,0,0,0.411899314,0.04576659,0,1.683066362,0
학사공지,502,525+학사지원실_(변경) 과목 사이버캠퍼스 수강 안내,2021-1학기 수강신청 정정(변경) 과목 사이버캠퍼스 수강 안내,학사지원실,2021-02-03,2217,https://www.jj.ac.kr/jj/community/notice02.do?mode=view&articleNo=190310&article.offset=200&articleLimit=100,"2021-1학기 수강신청 정정(변경) 과목 사이버캠퍼스 수강 안내2021-1학기 수강신청 정정기간 중 과목 변경을 할 경우사이버 캠퍼스 수강교과목 확인가능 시간을 다음과 같이 안내하오니 수강 신청 변경 시 참조하시기 바랍니다.1. 대상과목: 수강신청 정정기간에 교과목 변경 후, 신규 수강 과목2. 사이버캠퍼스내 신규 과목 수강과목 확인 시간-  수강신청 정정기간(2.26.~3.8.) 에 1일 2회 동기화 처리하오니 수강신청 정정기간내에 교과목 수강에 참고하세요- 새벽5시~13시  사이에 수강정정과목: 13시 이후 반영-13시 이후 수강정정과목: 다음날 새벽 5시 이후 반영해당 시간에 사이버캠퍼스에 반영되므로 착오없으시기 바랍니다.3. 사이버캠퍼스에 본인의 수강과목이 반영된 이후 부터 해당 교과목의 온라인 강의 수강이 가능하며,동기화이후에도 반영되지 않을경우 원격교육지원센터 (063-220-2928)로 문의 주시기 바랍니다.",1.239076335,0,0,1.067770126,0.042826552,0,1.964234041,0
학사공지,501,511+학사지원실_2020학년도 학위수여식 안내,2020학년도 학위수여식 안내,학사지원실,2021-02-02,3640,https://www.jj.ac.kr/jj/community/notice02.do?mode=view&articleNo=190295&article.offset=200&articleLimit=100,"2020학년도 학위수여식 관련 안내사회에 첫발을 내딛는 졸업생을 많은 구성원이 참여하여 축하를 하여야 하나, 코로나-19 방역수칙에 의거 아래와 같이 최소한의 인원으로 축소하여 학위수여식이 진행되오니 학부모 및 학생 여러분의 많은 이해와 협조 부탁드립니다.1. 학위수여식 행사가. 일시: 2021.2.17.(수) 10:30나. 장소: JJ아트홀(예술관 1층)다.행사참여대상: 각 단과대학별 학위수여 및 수상자 대표 2명 이내, 대학원 석ㆍ박사 각 1명라.실시간영상 시청: 전주대학교 공식 유튜브 [바로가기]마. 협조사항1) 각 단과대학별 선정된 참석자를 제외한 졸업생 및 학부모님의 행사장 참여를 방역수칙에 의하여 제한함2) 각 학과별 자체 행사는 지양하며, 학과행사관련 및 단과대학별 포토존운영 사항은 학과사무실로 문의2.학위증 및 상장 배부가. 배부장소: 학과 사무실(방문수령)나. 배부기간: 2021.2.17.(수) ~ 2.24.(수), 주말제외다. 배부기간 마감 이후 교무처 학사지원실(스타센터 234호)에서 방문 수령 가능3. 학위복(모) 대여 서비스가. 대여장소: 학과 사무실나. 대여기간: 2021.2.17.(수) ~ 2.24.(수), 주말제외4. 졸업증명서 발급가. 일시: 2021.2.17.(수) 09:00 이후나. 방법: 교내증명발급기 및 인터넷 증명발급2021년 2월전주대학교 총장",0,0,2.032165021,0,0.029717682,0.178306092,1.794423564,0
학사공지,500,510+수퍼스타칼리지_021-1학기 교양교과목 시간표 안내,2021-1학기 교양교과목 시간표 안내,수퍼스타칼리지,2021-01-22,4042,https://www.jj.ac.kr/jj/community/notice02.do?mode=view&articleNo=190294&article.offset=300&articleLimit=100,2021-1학기 교양 교과목 시간표를 붙임과 같이 안내합니다.참고하셔서 수강신청 하시길 바랍니다.강의실은 변경될 수 있습니다.수퍼스타칼리지,4.009324009,0,0,0.256410256,0,0,1.876456876,0
학사공지,499,509+학사지원실_021학년도 1학기 전과 합격자 안내,2021학년도 1학기 전과 합격자 안내,학사지원실,2021-01-20,2462,https://www.jj.ac.kr/jj/community/notice02.do?mode=view&articleNo=190293&article.offset=300&articleLimit=100,"2021학년도 1학기 전과 합격자를 다음과 같이 안내하오니,해당 학생들은 수강신청 및 등록과 관련하여 착오없으시기 바랍니다.1. 합격자 확인: 인스타(inSTAR) - 학사관리 - 전과신청정보 조회2. 등록금 납부가. 등록기간: 재학생 등록기간과 동일(2월 마지막 주 예정)나. 등록금을 기 납부한 경우, 전입학과의등록금이 전입 전 학과보다 많을 경우 차액을 추가로 납부하여야 하며등록금이 적은 경우 차액은 환불함다. 유의사항 : 등록기간에 등록(전액)을 하지 않을 경우 합격이 취소됨(분할납부 불가)3. 수강신청가. 전입학과 사무실에서 수강신청 및 교육과정에 대한 지도를 받기 바람나. 전입학과 기준으로 재학생 정규 수강신청 때 수강신청이 가능함4. 전과 취소가.  전과 합격자 중 전과를 포기하고자 하는 경우, 전과포기원을 작성하여 2020학년도 2학기 수업일수 2/3 이내에현재 소속 학과(전과 후)의 동의를 받아 학사지원실에 제출하여야 함5. 문의사항: 학사지원실(063-220-2083)2021. 1.교 무 처 장",0.232108317,0,0,0.580270793,0.077369439,0,1.479690522,0
학사공지,498,508+학사지원실_수강신청 서비스 기능개선 안내,수강신청 서비스 기능개선 안내,학사지원실,2021-01-19,5236,https://www.jj.ac.kr/jj/community/notice02.do?mode=view&articleNo=190292&article.offset=300&articleLimit=100,수강 신청 서비스 기능 안내2021학년도 1학기부터 제공되는 수강신청 서비스의 기능이 개선되어 다음과 같이 안내 합니다.해당 내용을 미리 숙지하시고 수강바구니 및 수강신청하시기 바랍니다.,2.145658263,0,0,2.336134454,0,0,2.145658263,0
학사공지,497,507+수퍼스타칼리지_ 폐강에 따른 대체 교과목 지정 안내,<크리스천 Basic> 교과목 폐강에 따른 대체 교과목 지정 안내,수퍼스타칼리지,2021-01-19,1543,https://www.jj.ac.kr/jj/community/notice02.do?mode=view&articleNo=190291&article.offset=300&articleLimit=100,"2021학년도부터 기독교 교과목<크리스천Basic>이 폐강됩니다.재수강을 원하시는 경우<기독교와문화>혹은<기독교윤리와적성>을 수강신청하신 후에 기독교 교과목 재수강 신청서를 제출하시면 교차 인정됩니다.**<크리스천Basic>폐강**-대체 교과목:기독교윤리와적성,기독교와문화-대체 방법:대체 교과목 수강 후‘기독교 교과목 재수강 신청서’제출-제출방법:개강 후 교과목 수강자에게 일괄 문자안내-문의:선교지원실(063-220-2423)",2.202534485,0,0,0.248962656,0.248962656,0.082987552,1.142761018,0
학사공지,496,530+학사지원실_격상에 따른 수업 운영 협조사항 안내,전주시 사회적 거리두기 2단계 격상에 따른 수업 운영 협조사항 안내,학사지원실,2021-01-04,3377,https://www.jj.ac.kr/jj/community/notice02.do?mode=view&articleNo=190315&article.offset=200&articleLimit=100,전주시 사회적 거리두기 2단계 격상에 따른 수업 운영 협조사항 안내코로나19 관련 전주시 행정명령에 의하여 사회적 거리두기 단계가 1.5단계에서 2단계로 격상됨에 따라아래와 같이 수업 운영 및 방역지침을 안내 하오니 적극 협조 하여 주시기 바랍니다.1. 수업운영방식: 혼합수업(기존방식 유지)가. 비대면수업: 현재상태로 유지나. 대면수업: 거리두기 단계의 강의실 밀집도 준수하여 운영2. 강의실 밀집도:1/3원칙으로 하되2/3수준까지 허용함3. 대면수업 운영 중 방역준수 사항가.교수 및 학생의 마스크 착용 필수나. 실험실습실기: 수업운영 및 결과물 확인시 교수-학생간 또는 학생-학생간 접촉 최소화다. 이론: 강의실내에서 팀별 활동으로 이루어지는 강좌의 경우 가급적 활동 최소화4. 적용기간: 2021.04.02.(금) 12시~04.15.(목) 24시(코로나19 상황에 따라 변경될 수 있음)5. 협조사항가. 건물 출입시 QR코드 등록 필수나. 강의실 입장시 손소독제 등을 활용하여 개인방역 협조다. 강의 시작 전후 강의실내 환기 등 방역 협조라.수업이 종료된 학생은 바로 귀가 조치교 무 처 장,1.540815366,0,0,0.035778175,0,0,0.89680821,0
학사공지,495,502+학사지원실_합(RUCK) 원격강좌 성적확인 안내,2020-2학기 한국지역대학연합(RUCK) 원격강좌 성적확인 안내,학사지원실,2020-12-22,1418,https://www.jj.ac.kr/jj/community/notice02.do?mode=view&articleNo=190286&article.offset=300&articleLimit=100,"2020학년도 2학기 원격강좌 중 한국지역대학연합(RUCK) 및 원광대 개설 과목을수강신청한 재학생께서는 다음 일정을 참고하여 성적을 확인하여 주시기 바랍니다.1. 대상과목: 한국지역대학연합(RUCK) 및 원광대학교 개설 원격 강좌2. 성적 확인 기간: 각 대학별 상이함(과목별 성적 마감 후, 본교 재학생 성적 확인 가능)3. 대학별  성적 확인 가능 여부(성적 공개 시 해당 날짜 안내 예정임)가. 가톨릭관동대: 1) 통계학과BigData의이해(12.24)2) 잘실패하는법 : 공개(12.23)나. 경남대 :  1) 한끼의권리 : 공개(12.23)2) 미국탐방시리즈 : 공개(12.23)3) 무대화술로푸는취업성공전략(12.24)다. 계명대 : 연극과문화사(12.24)라. 아주대 :  1) 한국정치의쟁점과과제(12.25)2) 현대물리의이해(12.24)마. 울산대 :  1) 행정학길라잡이(12.24)2) 사례를통해서배우는갈등해결의지혜(12.24)3) 미국생활과문화의이해(12.25)바. 한남대:  1) 법과종교(12.23)2) 모델링과창의성개발 : (12.24)3) 운동과웰빙(12.23)사. 호남대 :  1) 예비부모교육(12.23)2) 질병과건강관리(12.23)아. 원광대 : 생활과한의학(12.23)4.  원격과목 성적 관련 문의: 교수학습개발센터(063-220-2998, 2928)",0.90063117,1.050331769,0.02994012,0.02994012,0,0.05988024,0.87069105,0
학사공지,494,501+학사지원실_공개 및 확인(이의 신청) 기간 안내,2020학년도 2학기 성적 공개 및 확인(이의 신청) 기간 안내,학사지원실,2020-12-21,4684,https://www.jj.ac.kr/jj/community/notice02.do?mode=view&articleNo=190285&article.offset=300&articleLimit=100,"2020학년도 2학기 성적 공개 및 확인(이의신청) 안내1. 출결 확인가. 출결 확인기간: ~ 12. 22.(화)나. 출결 확인방법: 출결앱(또는 inSTAR - 수강신청내역 - 출결 이력 조회)※ 반드시 기한 내, 자료 확인 후출결에 대한 이의사항이 있을 경우 해당 교과목의 담당 교수에게 정정 요청하시기 바랍니다.2. 성적 확인 및 성적 이의신청가. 성적 확인기간:  12.23.(수) 오전 11시 ~ 12. 30.(수) 오후 3시까지※강의평가 미응답한 경우, 12. 24.(목)부터 성적 확인 가능함※성적확인 기간 중 성적 정정 처리 업데이트 시간(낮 12시~12시 30분, 오후 5시~5시30분)에는 성적 확인 불가나. 조회방법:  inSTAR or 전주대 포털 앱 -> 학사관리 -> 학기별 성적 조회다.이의신청:  inSTAR  -> 학사관리 -> '성적이의신청’을 통해서만 이의신청 가능3. 참고사항가. (중간, 기말, 과제 등) 성적평가 영역별 상세 성적을 조회 가능나.합리적 사유가 없는 이의신청(장학금 및 재수강 등 개인적 사정 등에 호소)은 이의신청 사유에 해당되지 않으며,해당 내용으로 성적이의신청 시 부정 청탁금지법에 위배 근거 자료로 남을 수 있으니 유의하시기 바랍니다.",0.09771987,1.354505972,0,1.126492942,0.03257329,0,0.963626493,0
학사공지,493,500+학사지원실_2021학년도 1학기 재입학 안내,2021학년도 1학기 재입학 안내,학사지원실,2020-12-14,4830,https://www.jj.ac.kr/jj/community/notice02.do?mode=view&articleNo=190284&article.offset=300&articleLimit=100,"2021학년도 1학기 재입학 안내2021학년도 1학기 재입학 전형에 대해 다음과 같이 안내합니다.1. 신청대상 : 자퇴, 휴학만기, 미등록 등의 사유로 제적된 자2. 제외대상(학칙 제13조 의거)가. 퇴학 등 징계처분으로 제적된 자나. 제적 후 1학기 이상 경과하지 않은 자예) 2020년 9월 제적(2020-2학기 제적자) → 재입학 불가2020년 8월 제적(2020-1학기 제적자) → 재입학 가능3. 선발인원 : 126명(정원내 115명, 정원외 11명)※모집단위별 모집인원은 재입학 모집요강을 참조할 것4. 전형방법 및 선발기준 : 신청자 수가 재입학 여석을 초과할 경우 선발 우선순위가. 총 취득학점이 많은 자나. 총 성적 평점평균이 높은 자5. 제출방법가. 제출서류: 재입학원서 1부 (해당 게시글 첨부파일에서다운로드 가능)나. 제출기간: 2021. 1. 11.(월)~2. 10.(수) 12:00다. 제출처: 학사지원실(스타센터 234호)6. 전형일정구 분일 시(기 간)내 용공 지2020. 12. 14.(월) ~ 2021. 2. 4.(목)우리대학 홈페이지신청서 접수2021. 1. 11.(월) ~ 2. 10.(수) 12:00접수처(학사지원실)합격자 발표2021. 2. 16.(화) 15:00개별 통보합격자 등록기간2021. 2. 18.(목) ~ 2. 19.(금) 16:007. 유의사항가. 제적 당시 학년 및 전공으로 재입학하는 것을 원칙으로 하며 제적 당시 학과(전공)가 구조조정 등으로폐지된 경우 동일 계열의 유사학과(전공)으로 선택하여 입학할 수 있음나. 합격 후 등록기간 내에 등록하지 않으면 재입학 승인을 취소함8. 문의처 : 학사지원실 (☎ 063-220-2083)2020. 12.교 무 처 장",0,0.023529412,0.023529412,0.211764706,0.164705882,0.023529412,1.767182663,0
학사공지,492,484+관리자_년도 2학기 중간 강의평가 실시 안내,2020학년도 2학기 중간 강의평가 실시 안내,관리자,2020-12-10,1762,https://www.jj.ac.kr/jj/community/notice02.do?mode=view&articleNo=190268&article.offset=300&articleLimit=100,"2020학년도 1학기 중간 강의평가를 실시하오니, 학생 여러분의 적극적인 참여와 성실한 답변 부탁드립니다.1.평가기간: ~ 10. 16.(금)까지2. 참여방법가. 웹: inSTAR – 학사관리 – 중간 강의평가 – 수강 과목별 강의평가(바로가기)나. 모바일: JJ Smart Campus – 학사관리 – 중간 강의평가 – 수강 과목별 강의평가3. 중간 강의평가 활용가. 학생 여러분이 참여한 중간 강의평가 결과는 해당 교과목의 각 교수님에게 전달되어 후반부 강의 준비에 영향을 미칠 수 있습니다.나. 교수님에게는 중간 강의평가 결과의 평균 점수만 제공되며 학생 개개인의 평가 결과는 제공되지 않습니다.다. 개방형 응답을 통해 교수님에게 강의에 대한 의견도 남길 수 있습니다. 학생들이 작성한 개방형 응답은 익명으로 교수님에게 전달되고, 이에 대한 교수님의 답변(피드백)이 있을 경우 학생들은 내용을 확인할 수 있습니다.4.교원 피드백 확인가. 확인방법: inSTAR(웹 또는 모바일) - 학사관리 – 중간 강의평가 – 과목별 ‘조회’ 버튼 클릭 및 확인※ 교원의 피드백이 없으면 ‘조회’버튼은 보이지 않습니다.나.교원 피드백 확인 기간: 10. 22.(목) ~ 10. 28.(수)",1.550540369,1.517482517,0,0,0,0,1.253019708,0
학사공지,491,443+학사지원실_ 전체 비대면(온라인)수업 운영 안내,2020학년도 1학기 전체 비대면(온라인)수업 운영 안내,학사지원실,2020-12-05,14504,https://www.jj.ac.kr/jj/community/notice02.do?mode=view&articleNo=190225&article.offset=300&articleLimit=100,"[긴급] 2020학년도1학기강좌 전체 온라인 강의 진행5월18일(월)부터 예정이었던2020학년도1학기 등교를 이태원클럽 집단 감염사태의 영향으로 인하여2차례의 긴급 학사일정관련 회의를 진행하였으며,학생들의 안전과 감염병 확산 방지를고려하여모든 강좌를 온라인(사이버캠퍼스)강의로 변경하게 되었음을 안내합니다.1.개강일: 3. 23.(월)2.등교일:미등교3.종강일: 7. 4.(토)4.2020학년도1학기 수업일수: 15주5.과목별 강의 수강기간:수강학생의 꾸준한 학습을 위하여 기존2주에서1주로 변경6.성적평가방식:절대평가(2020-1학기에 한함)7.실험·실습·실기:제한적 대면수업 실시가.해당 교과목 시행 여부는 사이버캠퍼스또는 개설학과에 확인나.실시하는 강좌는코로나19방역지침 기준을 준수하며,학장의 책임하에 운영됨다.생활속 거리두기가 사회적 거리두기로 변경시1회 참여 수강인원은 축소 운영할 수 있음8.수시시험(중간고사):담당교원 재량으로 결정(실시여부,실시시기 및 실시방법)9.기말시험:대면시험을 원칙으로하며,운영방법 관련 내용은 추후공지10. 온라인 수업 문의 연장 운영: 7. 4.(토)까지※ 학사일정과 관련된 사항은공식적으로 공지하고 있는 해당 게시판을 참고하시기 바랍니다.-교무처장-",1.263764274,0.228384992,0,0,0,0.13050571,1.133258564,0
학사공지,490,418+학사지원실_2020-1학기 폐강 강좌 안내,2020-1학기 폐강 강좌 안내,학사지원실,2020-12-02,2120,https://www.jj.ac.kr/jj/community/notice02.do?mode=view&articleNo=190195&article.offset=300&articleLimit=100,,1.666666667,0,0,0,0,0,1.666666667,0
학사공지,489,495+학사지원실_4주 차 수업 및 기말시험 운영 안내,14주 차 수업 및 기말시험 운영 안내,학사지원실,2020-11-27,10794,https://www.jj.ac.kr/jj/community/notice02.do?mode=view&articleNo=190279&article.offset=300&articleLimit=100,"14주 차 수업 및 기말시험 운영 안내최근 코로나19가 급격히 확산되는 가운데 우리 대학에서도 확진자가 발생함에 따라,대학본부는 대학구성원 모두의 안전을 최우선으로하여14주차 수업과 15주차 기말시험을 모두 비대면으로 운영하는 것을 원칙으로 결정하였습니다.교수와 학생 여러분의 많은 이해와 협조를 부탁드리며,안전을 위해 가급적 외출을 삼가고 방역지침을 준수하여 주시기 바랍니다.감사합니다.2020. 11. 27.교무처장수정11.28.(통) 11:40  :  ""실험‧실습‧실기 등 부득이한 경우를 제외하고는"" 삭제 (실험‧실습‧실기 강좌도 비대면 전환)",1.557811121,1.493086202,0,0,0,0,1.428361283,0
학사공지,488,494+학사지원실_0학년도 동계 계절수업 수강신청 안내,2020학년도 동계 계절수업 수강신청 안내,학사지원실,2020-11-20,4015,https://www.jj.ac.kr/jj/community/notice02.do?mode=view&articleNo=190278&article.offset=300&articleLimit=100,"2020학년도 동계 계절수업을 다음과 같이 운영하고자 하오니관심있는 재학생들의 많은 신청 바랍니다.1. 계절수업 운영 일정구 분기 간비 고수강신청11.26.(목) 11:00 ~ 11.30.(월) 18:00폐강과목 공고12.01.(화) 15:00본교 홈페이지에 공고폐강과목수강신청 정정기간12.01.(화) 16:00 ~ 12.02.(수) 16:00폐강과목 수강 신청자만수강신청 정정 가능수업료납부(등록기간)12.03.(목) 09:00 ~ 12.04.(금) 16:00고지서 출력(12.2.수 오후 5시부터 가능)우리은행 영업시간 내 납부가능수강취소12. 7.(월) 11:00 ~ 12. 11.(금)  17:00계절수업 기간2020.12.14.(월) ~ 2021.01.06.(수)- 원격강의 수업은 온라인으로 진행- 기말시험 대면수업 진행 시 수업시간표 시간에 대면시험 참석하여야 함성적 입력 기간2021.01.06.(수) ~ 01.08.(금) 17:00성적 확인 기간2021.01.11.(월) ~ 01.13.(수)* 등록금 고지서(납부확인서) 출력: inSTAR-장학/등록-등록관리-등록금 고지서/납부확인서(출력)2. 수강신청 학점: 최대 6학점 이내(2015학번 이전 최대 9학점 이내)3. 수업방식가.비대면 수업을 원칙으로 진행하며, 수강신청 시 과목별 수업진행 방식을 확인하여 수업 참석하여야 함(단, 교과목의 특성상 대면수업이 필요한 경우 방역지침 준수를 전제로 대면수업 시행 가능함)나. 기말고사는 대면평가를 원칙으로 함(단, 평가의 공정성 확보가 가능한 경우 비대면 시험도 가능)다. 계절수업 수강생은 비대면 수업 방식 및 수업 시간표를 사전에 확인하여 수업 참석 요망(실시간 수업 시간 및 기말시험 장소 등)4. 평가(성적산출)방법: 절대평가5. 수업료: 1학점 당 80,000원6. 개설과목: 붙임 <2020학년도 동계 계절수업 개설 현황 자료> 참조7. 등록금 환불기준사유 발생 시기반환 금액비고개강 전전액 환불개강 후 수업일 수 1/3 이내납입금 2/3 반환개강 후 수업일 수 2/3 이내납입금 1/3 반환개강 후 수업일 수 2/3 초과반환하지 않음수강취소 불가8. 유의사항가. 등록일자 엄수 요망: 12월 4일까지 등록금을 납부하지 않은 자의 수강신청 내역은 무효 처리함나. 채플 과목은8학기 이상 이수자(건축학과 10학기 이상) 중, 채플미이수한 재학생만 수강신청 가능함다. 수강신청 정정신청은 최초 수강신청 후, 폐강과목을 수강신청 한 재학생에 한하여 가능함라. 사회봉사 과목 수강신청 방법:inSTAR 로그인-학사관리-사회봉사 교과목-교과목 신청(※자세한 사항: 사회봉사센터 홈페이지 수강신청 관련 게시물 참조)9. 계절수업 관련 문의처가. 교양과목: 수퍼스타칼리지 교양학부 220-4648, 3097나. 융합전공: 수퍼스타칼리지 융합학부 220-2821, 2823다. 채플: 선교지원실 220-2423라. 수업료 납부 및 환불: 재무지원실 220-3110마. 원격강좌 수업: 교수학습개발센터 220-2928바. 총괄: 학사지원실 220-2134붙임 2020학년도 동계 계절수업 개설 교과목 현황 1부.  끝.",3.114379085,0.156862745,0.052287582,1.56372549,0.039215686,0.104575163,1.315359477,0
학사공지,487,493+통합 관리자_전공능력 성과관리 자기평가 실시 안내,2020학년도 제2차 전공능력 성과관리 자기평가 실시 안내,통합 관리자,2020-11-17,1116,https://www.jj.ac.kr/jj/community/notice02.do?mode=view&articleNo=190277&article.offset=300&articleLimit=100,2020학년도 제2차 전공능력 성과관리 자기평가 실시를 안내하오니 학생 여러분께서는 적극적으로 참여해 주시기 바랍니다.1. 진단대상:학부 재학생 전체(다전공 이수자는 주전공 및 다전공 모두 진단 실시)※ 「전공능력 성과관리 자기평가」및SUPER핵심역량 진단을 모두 참여한 학생은 진로지도세미나 과목의13주차(11. 25.)출석이 인정됩니다.2.진단기간: 2020. 11. 16.(월) ~ 11. 27.(금)3.참여방법-모바일: JJ SMART CAMPUS로그인->전공능력 성과관리 자기평가->참여하기- PC: inSTAR로그인->전공능력 성과관리 자기평가->참여하기4.문의:교육과정평가센터063-220-2829,0,1.20148857,0,0,0,0,2.110579479,0
학사공지,486,499+학사지원실_동계 계절수업 취업사유 출석인정 안내,2020학년도 동계 계절수업 취업사유 출석인정 안내,학사지원실,2020-11-12,1266,https://www.jj.ac.kr/jj/community/notice02.do?mode=view&articleNo=190283&article.offset=300&articleLimit=100,"2020학년도 동계 계절수업 취업사유 출석인정 안내1. 접수기간가. 1차 접수:2020.12.14.(월) ~ 12.18.(금) /계절학기1주차나. 2차 서류 접수(재직확인): 2020. 12. 29.(화) ~ 2021. 1. 6.(수)- 2차 서류는 반드시 2차 접수 기간 내 발급된 서류를 제출해야 함.2. 접수방법: 학생포털서비스(inSTAR)를 통한 온라인 접수3. 대상자: 2020학년도 전기(2021년 2월) 졸업예정자 중 취업자※ 단, 동계 계절수업 수강신청 학점을 포함하여 졸업 기준을 충족한 자4. 신청절차 및 증빙서류: 붙임 문서(출석인정 처리 안내문) 참조5. 유의사항가. inSTAR 등록 후 출석인정요청서를 출력하여 교과목 담당교수님께 확인을 득한 후행정실에 제출해야 신청이 완료되므로착오 없으시기 바람나. 원격 및 야간강좌는 출석인정(취업사유) 대상 과목이 아님※원격 및 야간강좌는 정상 수강해야 함붙임  1. 출석인정(취업사유) 신청 안내문 1부.2. 취업자 증빙서류 안내문 1부.- 교무처장 -",1.267040898,0,1.344560278,0.19379845,0,0,1.538358728,0
학사공지,485,492+융합학부_합전공 이수 및 변경신청 안내(2차),2020학년도 2학기 Superstar College 연계‧융합전공 이수 및 변경신청 안내(2차),융합학부,2020-11-11,1651,https://www.jj.ac.kr/jj/community/notice02.do?mode=view&articleNo=190276&article.offset=300&articleLimit=100,"2020학년도2학기Superstar College연계‧융합전공 이수 및 변경신청(2차)관련 안내합니다.재학생 여러분의 많은 관심과 신청 바랍니다.1.신청 관련 안내1)신청자격:신(편)입학 후2학기 이상 등록한 자2)신청기간:11. 16.(월)~29.(일)/매 학기1-2주차, 12-13주차 진행3)신청절차: inSTAR를 통해 신청→신청기간이 끝난 후융합교육지원센터의 승인→이수 가능(세부적인 신청 방법은 첨부파일 참조)2.연계‧융합전공 관련 안내1)연계‧융합전공 이수 기준구분복수(부)전공총이수학점주전공중복인정 학점융합교과목이수학점ⓐ참여전공이수학점ⓑ선택이수학점ⓐorⓑ연계전공복수전공3615학점 이내-21학점 이상-융합전공복수전공3612학점 이내12학점 이상9학점 이상3학점부전공216학점 이내9학점 이상3학점 이상3학점2)연계‧융합전공별 소개:http://www.jj.ac.kr/sc홈페이지의 전공별 안내자료 참고3)이수 관련 문의:교육혁신본부 융합교육지원센터(대학본관228호/ 063.220.2821-4)3.연계‧융합전공 현황 안내1) 5개 연계전공연계전공독서‧논술교육식품영양학벤처창업중국비즈니스보육학2) 16개 융합전공(하림산학융합전공 제외)융합전공경영법학드론융합스마트시티일본IT융합국토정보학라이프스타일기획스마트팜탄소융합농생명-ICT보컬퍼포먼스스토리미디어Food R&BD대물차량손해사정사회적경제인공지능Korean Studeis4.기타 안내:연계‧융합전공 이수 승인이 되지 않았더라도,관련 교과목의 수강신청이 가능하며,연계‧융합전공 해당 교과목이라면 전공 이수 전에 수강한 교과목도 인정 가능-교육혁신본부 융합교육지원센터-",0.125156446,0,0.375469337,0.820798726,0.075093867,0,1.316190693,0
학사공지,484,491+학사지원실_2021학년도 1학기 복학 신청 안내,2021학년도 1학기 복학 신청 안내,학사지원실,2020-11-11,3105,https://www.jj.ac.kr/jj/community/notice02.do?mode=view&articleNo=190275&article.offset=300&articleLimit=100,"2021학년도 1학기 복학 신청 안내1복학 신청1. 복학 신청 주요사항 안내구 분내 용대 상■ 일반휴학 및 군입대 휴학 후, 휴학기간이 만료(예정)인 자■휴학기간이 남아있으나 조기 복학을 희망하는 자신청기간■1차:2020. 12. 14.(월) ~ 2021. 2. 2.(화)■ 2차:2021. 2. 3.(수) ~ 3. 1.(월)※3차 기간은 추후 안내 예정※가급적 수강 신청 전까지 복학 후 수강신청을 하시길 권합니다.신청방법■ inSTAR(인스타) 홈페이지 학사관리 메뉴에서 직접 신청처리절차■ 인스타 로그인 → 학사관리 메뉴 → 복학신청 → 신청 즉시 복학 처리됨증빙서류■ 일반휴학 후 복학자: 증빙서류 없음■ 군휴학 후 복학자: 전역증 또는 전역 확인 증명서(①~③ 중 1부) 첨부① 병적증명서(병무청 발급) ② 복무확인서(부대/근무처 발급)③ 병역사항 기재된 초본(주민센터 발급)2. 복학자 수강신청 안내구 분내 용신청기간■ 수강바구니 신청 기간: 2021. 1. 20.(수) ~ 1. 22.(금)■ 수강신청 기간: 2021. 2. 3.(수) ~ 2. 5.(금)- 장애학생: 2021. 1. 27.(수) ~ 1. 29.(금)수강신청학번안내■ 2. 3.(수) 오전 11시부터: 학번 끝자리가 홀수인 재학생■ 2. 4.(목) 오전 11시부터: 학번 끝자리가 짝수인 재학생■ 2. 5.(금) 오전 11시부터: 전체 재학생수강신청방법■ 인스타 로그인 → 학사관리 메뉴 → 수강신청※ 복학신청이 완료된 경우, 수강바구니 기간 수강바구니 담기 가능기타사항■복학(예정)자의 경우 가급적1학기 수강신청기간(2020. 2. 2.)전 까지 복학 신청하여 수강신청을 완료하여 주시길 바랍니다.3. 등록금 납부가. 등록금 고지서 출력: 인스타 로그인 → 수강신청 메뉴 → 등록금 고지서나. 등록금 납부기간 내 납부 처리 가능다.휴학 전 등록금을 기 납부한 학생은 등록금 납부 없음(휴학 전 납부한 등록금은 복학 후 첫 학기 등록금으로 자동 이월처리)2기타 사항1. 개인정보 수정 안내가. 대상자: 개인정보(주소, 핸드폰 연락처 등)가 변경된 재학생 및 휴학생나. 수정방법: 인스타 → 개인정보 수정 클릭 → 개인정보 수정 후 저장다. 학사 관련 업무 발생 시 연락할 수 있도록 개인정보 변경(수정) 요망2. 관련 문의: 담당자(☎063-220-2417), 학과사무실 연락처(별도 파일 참조)교무처 학사지원실",0.153714774,0,0.017079419,3.76235208,0.017079419,0,1.736000976,0
학사공지,483,448+학사지원실_2020학년도 1학기 기말시험 안내,2020학년도 1학기 기말시험 안내,학사지원실,2020-11-06,3847,https://www.jj.ac.kr/jj/community/notice02.do?mode=view&articleNo=190230&article.offset=300&articleLimit=100,"2020학년도1학기 기말시험 안내1. 실시원칙:대면시험을 원칙으로 하되,방법은 담당교원이 자율적으로 결정2.시험기간: 15주차(6. 29.(월) ~ 7. 4.(토))/강의실 방역상황에 따라 강좌별로 상이할 수 있음.3.확인사항:각 강좌 사이버캠퍼스 공지사항 및 과목별SNS단톡방 등을 통해 시험일시 및 장소 확인(공지가 없는 경우 해당 학과에 문의)4.시험대상자 중 유증상자에 대한 평가방법:시험일 전 유증상자에 대한 평가방안을 각 과목별 개별적으로 사전 공지할 예정※유증상자 증빙:의료기관에서 발급하는 초진기록지or입퇴원확인서or자가격리통지서(보건소)등5. 2020-1학기 기말고사 기간 단기 관생 잔여석 모집:https://bit.ly/37kRnby※ 6.11. 현재 접수중에 있으며, 접수상황에 따라 추가 접수할 수 있으니 학교생활관에 문의하시기 바랍니다.스타타워: 063-239-5500~5502, 스타홈/스타빌: 063-239-5520~5522",0.167364017,1.876569038,0,0,0,0,1.667364017,0
학사공지,482,428+학사지원실_2020-1학기 수강신청 관련 일정,2020-1학기 수강신청 관련 일정,학사지원실,2020-11-03,6877,https://www.jj.ac.kr/jj/community/notice02.do?mode=view&articleNo=190206&article.offset=300&articleLimit=100,,1.5,0,0,1.5,0,1.5,0,0
학사공지,481,489+학사지원실_강의 수강을 위한 전산실습실 사용안내,"비대면(동영상, 실시간)강의 수강을 위한 전산실습실 사용안내",학사지원실,2020-10-26,1506,https://www.jj.ac.kr/jj/community/notice02.do?mode=view&articleNo=190272&article.offset=300&articleLimit=100,"비대면(동영상, 실시간)강의 수강을 위한 전산실습실 사용안내1. 목적:  대면수업기간중 비대면(동영상, 실시간) 수업 수강 및 참여를 위한 컴퓨터 사용 지원2. 사용일시: 10.26.(월) 09:00 ~ 종강시까지3. 신청장소: 스타센터 341호 (컴퓨터실습 조교실), Tel: 063-220-24214. 신청방법: 스타센터 341호에 방문하여 문의하시면 사용가능한 실습실 배정교 무 처 장",1.156325544,0,0,0.182648402,0.091324201,0.091324201,0.973677142,0
학사공지,480,488+학사지원실_계절학기 학점교류 실시 및 신청 안내,2020학년도 동계 계절학기 학점교류 실시 및 신청 안내,학사지원실,2020-10-26,3364,https://www.jj.ac.kr/jj/community/notice02.do?mode=view&articleNo=190273&article.offset=300&articleLimit=100,"2020학년도 동계 계절학기 학점교류 실시 및 신청 안내국내 대학 간 학점교류 협정에 의거하여 2020학년도 동계 계절학기 학점교류 학생을다음과 같이 접수하오니 관심 있는 재학생들의 많은 신청 바랍니다.순교류대학신청기한수학 안내문(대학명 클릭)신청자격1전북대10.29.(목)전북대학교- 2학년 이상인 자- 2학기 이상 수료한 자- 직전 학기까지 총 평점평균 3.0이상인 자- 타대학 계절수업 이수 후, 1학기 이상 본교 등록이 가능한 자(2021년 2월 졸업 예정자 신청 대상 제외)- 재학 중 최대 4개 학기 수학 가능2제주대11.12.(목)제주대학교3울산대11.06.(금)울산대학교4계명대11.26.(목)계명대학교5군산대11.06.(금)군산대학교6경남대11.05.(목)경남대학교7한남대12.03.(목)한남대학교8호남대12.02.(수)호남대학교9아주대12.10.(목)아주대학교10고려대11.11.(수)고려대학교- 3학년 이상인 자- 4학기(70학점) 이상 수료한 자- 직전 학기까지 총 평점평균 3.0이상인 자- 타대학 계절수업 이수 후, 1학기 이상 본교 등록이 가능한 자(2021년 2월 졸업 예정자 신청 대상 제외)- 수학기간 재학 중 최대 2개 학기11연세대11.06.(금)연세대학교1. 신청방법: 제출서류를 학과 사무실에 제출(학점교류 과목 이수계획서는 작성 후, 소속 학과 조교에게 확인 후 학과장 서명 받을 것)2. 제출서류(붙임 양식 참조)가. 국내대학 학점교류 신청서 1부.나. 국내대학 학점교류 과목 이수 계획서 1부.3. 유의사항가.교류 대학의 원격(비대면) 수업만 수강하는 것을 권장합니다.(코로나19 감염 예방을 위한 타지역 이동 및 접촉 최소화)나. 교류대학별로 추천기한이 상이하여 접수기간이 다른 점을 유의하시기 바랍니다.다. 붙임 자료의 수학 안내문이 없는 대학의 경우 해당 대학에서 공문이 발송되지 않은 것입니다.(안내문이 없는 대학으로의 학점교류는 접수하는 대로 공지할 예정임)라.이수 계획서에 기재된 과목이 아닌 다른 과목을 신청할 시에는 성적부여가 되지 않습니다.마.2021년 2월 졸업예정자(2020-2학기가 마지막 학기인 학생)는 신청 대상에서 제외 됩니다.4. 관련 문의: 학사지원실(063-220-2134) 또는 학과 사무실붙임  1. 학점교류 신청서 및 교류대학 과목 이수계획서 1부.2. 수학대학 안내문 각 1부.",0.051948052,0.017316017,1.179924242,1.162608225,0.051948052,0,1.145292208,0
학사공지,479,487+학사지원실_년도 1학기 수강신청 일정 변경 안내,(필독) 2021학년도 1학기 수강신청 일정 변경 안내,학사지원실,2020-10-20,4969,https://www.jj.ac.kr/jj/community/notice02.do?mode=view&articleNo=190271&article.offset=300&articleLimit=100,재학생 수강신청 편의성 향상 및 학사일정 효율화를 위하여 2021학년도 1학기 수강신청 일정을다음과 같이 변경하여 시행하오니 변경된 일정을 참조하여 수강신청하여 주시기 바랍니다.교 무 처 장,1.528489599,0,0,1.528489599,0,1.528489599,2.496231535,0
학사공지,478,486+학사지원실_ 사용안내(10.19.~10.23.),수시시험관련 컴퓨터 실습실 사용안내(10.19.~10.23.),학사지원실,2020-10-14,1266,https://www.jj.ac.kr/jj/community/notice02.do?mode=view&articleNo=190270&article.offset=300&articleLimit=100,"2020-2학기 수시시험과 관련한 컴퓨터 실습실 사용안내1. 목적: 수시시험과 관련하여 온라인 시험을 응시하는 학생을 위한 실습실 사용2. 사용일시: 10.19.(월) 09:00 - 10.23.(금) 18:003. 신청장소: 스타센터 341호 (컴퓨터실습 조교실), Tel: 063-220-24214. 신청방법: 스타센터 341호에 방문하여 문의하시면 사용가능한 실습실 배정",0,1.238095238,0,0.19047619,0,0,0.952380952,0
학사공지,477,485+학사지원실_2학기 수업운영 안내(8주 차 이후),2020학년도 2학기 수업운영 안내(8주 차 이후),학사지원실,2020-10-13,15595,https://www.jj.ac.kr/jj/community/notice02.do?mode=view&articleNo=190269&article.offset=300&articleLimit=100,"2020학년도2학기8주 차 이후 수업운영 안내정부의 코로나19사회적거리두기가1단계로 완화와 관련하여2020학년도2학기8주 차 이후 수업 운영 사항을 안내하오니,적극적인 협조부탁드립니다.1. 적용기간: 10월19일(월)부터 종강시 까지2. 수업운영 사항가.전공 교과목구 분수업방식비 고기 존변 경실험·실습·실기제한적 대면수업대면수업대면수업을 위한강의실 밀집도 기준은기존 50%에서2/3이내로 변경(강의실 밀집도 2/3를 초과하는경우 비대면 수업가능)1학년 교과목비대면수업(On&On)또는 제한적 대면수업그 밖의 교과목비대면수업(On&On)또는 제한적 대면수업On&Off(혼합수업) 원칙(2차시 수업의 경우 1개 차시는 대면수업 진행)※ 수강생의 의견을 수렴하여 전면 대면도 가능함나.교양 교과목구 분차시별 수업방식비 고1차시2차시품성채 플동영상강의100% 동영상강의기독교윤리와적성동영상강의실시간수업/대면대면수업을 위한강의실 밀집도 기준은기존 50%에서2/3이내로 변경인간과 공동체동영상강의대면수업기초의사소통동영상강의대면수업소프트웨어동영상강의대면수업외국어동영상강의 또는 실시간수업대면수업핵심전체 강좌동영상강의 또는 실시간수업실시간수업자유전체 강좌동영상강의 또는 실시간수업실시간수업품성진로지도세미나대면강의 또는 실시간학과별 자율 운영공통통합교양, 원격강좌동영상강의100% 동영상강의※ 참고: 위 표는 주 2회 진행하는 수업 기준 예시임. 차시별 수업 운영방식은 서로 교차 가능함.3. 안내사항가.각 과목별 담당 교원은 대면수업과 관련된 안내사항을 사이버캠퍼스 공지사항을 통해 대면수업 계획을 사전에 안내해 주시기 바랍니다.나.학생은 사이버캠퍼스를 통하여 수강과목의 대면수업 운영현황을 확인하시고 정상적인 수업이 이루어 질 수 있도록 준비하여 주시고,등교 전후 개인위생에 만전을 기하여 주시기 바라며,방역과 관련된 사항은 학생지원실의 공지사항을 참고하시기 바랍니다.교무처장",2.299220165,0,0,0,0.021436227,0.021436227,1.227408804,0
학사공지,476,464+학사지원실_2019학년도 후기 졸업일 안내,2019학년도 후기 졸업일 안내,학사지원실,2020-10-08,1573,https://www.jj.ac.kr/jj/community/notice02.do?mode=view&articleNo=190247&article.offset=300&articleLimit=100,"2019학년도 후기 학위수여식은 별도로 개최하지 않고, 졸업사정에  의거 졸업대상자는 학위증을 다음과 같이 배부하오니 단과대학 행정지원실에서 수령하시기 바랍니다.1. 학위수여일 :2020. 8. 19.(수)2. 학위수여식 실시 여부:8월에는 별도 행사 없음, 2021년 2월 통합 학위수여식 행사에 참석 가능(단, 행사 실시 여부는 코로나 상황에 따라 변경 가능)3. 학위증 배부일시 :2020. 8. 19.(수) ~ 8. 28.(금)단, 8. 21.(금)은 학교 혹서기 휴무에 따라 학위증 수령 불가4. 학위증 배부장소:각 단과대학 행정지원실※ 학위증 수령 간  학위복(모) 대여를 희망하는 학생은 8. 19.(수)에 한해 단과대학 행정지원실에서 대여 가능5. 졸업증명서 발급: 8. 19.(수) 09:00부터6. 문의: 학사지원실(063-220-2083)2020. 8.교 무 처 장",0,0,2.257575758,0,0.181818182,0.181818182,1.712121212,0
학사공지,475,463+학사지원실_019학년도 후기 졸업사정 결과 확인,2019학년도 후기 졸업사정 결과 확인,학사지원실,2020-10-08,1131,https://www.jj.ac.kr/jj/community/notice02.do?mode=view&articleNo=190246&article.offset=300&articleLimit=100,"2019학년도 후기(2020년 8월 졸업) 졸업대상자의 최종졸업사정 결과를 다음과 같이안내하오니졸업대상자는 결과를 확인하시기 바랍니다.1. 졸업사정 결과 확인 방법 :인스타(inSTAR) - 학사관리 - 졸업예정자 졸업사정확인2. 확인 및 이의신청가. 기간 : 2020.8.10.(월) 10:00 ~ 8.11.(화) 17:00나. 이의신청내용 : 복수전공, 부전공, 교직 누락여부, 학사학위취득유예 여부3. 졸업사정 안내사항가. 불합격(탈락자)의 경우 상세내역을 확인하시기 바랍니다.나. 학사학위취득유예 신청자 중 졸업을 희망하는 자는 '학사학위취득유예 포기신청서'를 8.28.(금)까지 제출하시기 바랍니다.4. 문의사항: 학사지원실(063-220-2083)2020. 8.교 무 처 장",0,0,1.988636364,0.208333333,0.104166667,0,0.208333333,0
학사공지,474,427+학사지원실_UCK) 및 원광대학교 개설강좌 안내,2020-1학기 한국지역대학연합(RUCK) 및 원광대학교 개설강좌 안내,학사지원실,2020-10-03,1904,https://www.jj.ac.kr/jj/community/notice02.do?mode=view&articleNo=190205&article.offset=300&articleLimit=100,,0.75,0,0,0,0,0,0.75,0
학사공지,473,483+학사지원실_ 학생평가(성적산출) 방법 변경 안내,2020학년도 2학기 학생평가(성적산출) 방법 변경 안내,학사지원실,2020-09-25,4561,https://www.jj.ac.kr/jj/community/notice02.do?mode=view&articleNo=190267&article.offset=300&articleLimit=100,"2020학년도 2학기 학생평가(성적산출) 방법 변경 안내1. 변경사항구 분변경 전변경 후성적산출방법절대평가개인 레슨형 전공실기,개인(팀)프로젝트,Capstone Design유형 교과목전 교과목절대평가(상대평가 비율 없음)상대평가절대평가 과목 외 모든 교과목2. 적용기간: 2020-2학기에 한함-교무처장 -",0.348837209,2.805232558,0,0,0,0,2.456395349,0
학사공지,472,481+학사지원실_기 학사일정 변경 안내(종강일 변경),2020학년도 2학기 학사일정 변경 안내(종강일 변경),학사지원실,2020-09-16,11488,https://www.jj.ac.kr/jj/community/notice02.do?mode=view&articleNo=190265&article.offset=300&articleLimit=100,"2020학년도 2학기 학사일정 변경 안내우리 대학은 코로나19 감염병 확산을 방지하기 위해 2020학년도 2학기 비대면 수업을개강 후 7주차까지 연장하였으며, 이와 관련하여 변경된 학사일정을 다음과 같이 안내합니다.◾ 개강일: 8.31.(월)◾ 비대면 수업 운영기간: 8.31.(월)~10.17.(토) / 기존 3주에서 7주로 연장◾종강일: 12. 12.(토) / 1주 단축(보강 주간 미운영)◾비대면 수업 운영 특별기간: 9.30.(수)~10. 10.(토)- 해당 기간 특별 방역기간으로 모든 교과목 비대면 수업 실시(대면수업 실시 불가)◾2학기 수업운영 변경 사항: 관련 게시물 참조(https://bit.ly/3muda86)재학생들이 보다 안전한 환경에서 수업을 받을 수 있도록방역 수칙을 마련하여학교시설에 대한 소독, 마스크와 손 소독제 비치, 열화상 카메라 비치 및대학 모든 건물의 출입통제시스템을 강화하여 외부인 등으로부터 코로나19에 감염되는 사례가 발생되지 않도록  철저히 대응하고 있습니다.방역 과정에서 다소 불편함이 있으시더라도 학생과 학부모, 그리고 교직원 여러분들의 많은 이해와 협조를 부탁드립니다. 감사합니다.2020. 9. 16.교 무 처 장",0.301003344,0,0,0,0,2.136152767,3.103894703,0
학사공지,471,482+학사지원실_2020-2학기 특별학점 신청 안내,2020-2학기 특별학점 신청 안내,학사지원실,2020-09-16,2196,https://www.jj.ac.kr/jj/community/notice02.do?mode=view&articleNo=190266&article.offset=300&articleLimit=100,"2020-2학기 특별학점 신청 안내1.신청대상:정규학기 내 재학생가. 2019학번까지:기존 특별학점제(외국어,소프트웨어, K-MOOC)신청 및 인정 가능나. 2020학번부터: K-MOOC특별학점만 신청 가능함(외국어 및 소프트웨어 인정 제외)다.기타 특별학점 신청 제외 대상자1) 2020학년도2학기 포함8학기(건축학과10학기)초과 이수자2)졸업기준 학점(외국어 및 정보화)이 없는 국제학생 및 편입생2.접수기간: 2020. 11. 23.(월) ~ 12. 11.(금)3.자격증별 인정과목 및 학점: 2020학년도2학기 수강편람【붙임-1】참조4.신청방법가.인스타(inSTAR)접속→학사관리→특별학점 신청※ 【붙임-2】특별학점 신청 매뉴얼 참조나.준비사항:자격증 및 자격시험 성적표 원본(스캔 파일 첨부,유효 기간 내 자격 한 함)※유효하지 않은 증빙자료(PC화면 캡쳐 이미지 등)는 불인정 처리5.인정범위가.외국어 및 정보화(외국어3/정보화4)범위에서 재수강 처리만 인정/(F학점 제외)※2018학년도부터 순수(신규)학점인정 처리하지 않음나. K-MOOC는 한 학기1학점이 가능하며 재학 중 총3학점까지만 인정※K-MOOC로 신청하는 특별학점은 학점 신규취득 가능(최대3학점까지)다.2015학번부터는79점 이하(C+이하)의 성적만 재수강 처리 가능함라.성적인정 시기: 2020학년도 하계 계절학기 성적에 합산 처리6.유의사항가.특별학점으로 재수강 처리 받고자 하는 과목은2020-2학기에 수강신청하지 않아야 함※기존에 이수한 과목 중에서 특별학점으로 재수강 처리 가능나.특별학점 인정 자격증은 재학기간 내에 취득한 자격증에 한함다.이전에 특별학점으로 인정받은 자격증은 중복 인정되지 않음라.입학 전 취득한 자격증으로는 특별학점 신청을 할 수 없음붙임1.수강편람(특별학점) 1부.2.특별학점 신청 매뉴얼1부.끝.",0.022197558,0.110987791,2.01054384,1.788568257,0,0,1.744173141,0
학사공지,470,480+학사지원실_ 변경안내 (2차: 9.14.(월)),2020학년도 2학기 수업운영 변경안내 (2차: 9.14.(월)),학사지원실,2020-09-14,6781,https://www.jj.ac.kr/jj/community/notice02.do?mode=view&articleNo=190264&article.offset=300&articleLimit=100,"2020학년도2학기 비대면 수업 운영 추가변경 안내(개강 후3주간 + 4주간 추가)지난8.25.(화) 2020학년도2학기 개강 후3주간 비대면 수업 운영을 안내한 바 있습니다.9.13.(일)중앙재난안전대책본부에서는 수도권 사회적 거리두기를2.5단계에서2단계로2주간(9.27.까지)완화,전라북도에서는20일까지만2단계를 유지한다고 발표하였으나,지속적인 코로나19확진자가 발생하고 있는 상황에서우리 대학 학생,교수 등 구성원의 안전을 고려하여 비대면 수업을 아래와 같이 연장하오니 많은 협조와 양해 부탁드립니다.1. 비대면 수업 운영기간: 8. 31.(월) ~ 10. 17.(토)까지(총 7주간)2. 비대면 수업 운영 특별기간: 9.30.(수)~10. 10.(토)-해당 기간 특별 방역기간으로 모든 교과목 비대면 수업 실시(대면수업 실시 불가)3. 대면수업 가능 교과목 기준가.실험.실습.실기 강좌:기존운영 방식과 동일하게 운영나.이론:수강인원이30명 이하인 과목중,강의실 밀집도가50%이하인 교과목에 한하여 운영 가능4. 보강주간 미실시: 추석연휴(9.30.~10.2.), 한글날(10.9.) 에 대한 대체보강주간 폐지5. 기타사항:대면 강의 가능한 기준에 해당되는 교수님들께서는 대면 강의로 전환 시 학생의 의견을 수렴하여 주시고,대면 강의 준비기간(숙소 준비 등)에 문제가 없도록 사전에 안내될 수 있도록 협조 부탁드립니다.2020. 9. 14.교무처장",1.352121352,0,0,0,0,0.284900285,1.735581736,0
학사공지,469,458+학사지원실_20학년도 2학기 휴·복학 신청 안내,2020학년도 2학기 휴·복학 신청 안내,학사지원실,2020-09-07,6328,https://www.jj.ac.kr/jj/community/notice02.do?mode=view&articleNo=190240&article.offset=300&articleLimit=100,"2020학년도 2학기 휴·복학 신청 안내1복학 신청1. 복학 신청 주요사항 안내구 분내 용대 상■ 일반휴학 및 군입대 휴학 후, 휴학기간이 만료(예정)인 자신청기간■ 1차: ~2020. 8. 14.(금)까지 ■ 2차: ~2020. 10. 3.(토)까지신청방법■ inSTAR(인스타) 홈페이지 학사관리 메뉴에서 직접 신청처리절차■ 인스타 로그인 → 학사관리 메뉴 → 복학신청 → 신청 즉시 복학 처리됨증빙서류■ 일반휴학 후 복학자: 증빙서류 없음■군휴학 후 복학자: 전역증 또는 전역 확인 증명서(①~③ 중 1부) 첨부① 병적증명서(병무청 발급) ② 복무확인서(부대/근무처 발급)③ 병역사항 기재된 초본(주민센터 발급)2. 복학자 수강신청 안내구 분내 용신청기간■ 수강바구니 신청 기간: 2020. 8. 5.(수) ~ 8. 9.(일)■ 수강신청 기간: 2020. 8. 19.(수) ~ 8. 23.(일)- 장애학생: 2020. 8. 12.(수) ~ 8. 13.(목)수강신청학번안내■ 8. 19.(수) 오전 11시부터: 학번 끝자리가 짝수인 재학생■ 8. 20.(목) 오전 11시부터: 학번 끝자리가 홀수인 재학생■ 8. 21.(금) 오전 11시부터: 전체 재학생수강신청방법■ 인스타 로그인 → 학사관리 메뉴 → 수강신청※ 복학신청이 완료된 경우, 수강바구니 기간 수강바구니 담기 가능기타사항■복학(예정)자의 경우 가급적2학기 수강신청 마감일(2020. 8. 23.)까지 복학 신청하여 수강신청을 완료하여 주시길 바랍니다.3. 등록금 납부가. 등록금 고지서 출력: 인스타 로그인 → 수강신청 메뉴 → 등록금 고지서나. 등록금 납부기간 내 납부 처리 가능다.휴학 전 등록금을 기 납부한 학생은 등록금 납부 없음(휴학 전 납부한 등록금은 복학 후 첫 학기 등록금으로 자동 이월처리)2휴학 신청1. 휴학 신청 주요사항 안내가. 일반 휴학구 분내 용대 상(휴학사유)■ 질병: 4주 이상 출석할 수 없는 자■ 창업: 사업체 창업 또는 기존 사업체 경영하려는 자■ 기타 사유- 자기개발, 가계곤란, 임신·출산·육아, 천재지변, 돌발사고,장애학생, 그 밖에 학장이 휴학이 필요하다고 인정한 자휴학기간■ 1년 단위(2학기) 휴학 신청(※ 1년 휴학 신청하였어도, 6개월 뒤 복학 신청 가능함)신청기간등록금 미납자~ 2020. 10. 3.(토)까지등록금 납부한 자~ 2020. 10. 17.(토)까지신청방법■ inSTAR(인스타) 홈페이지에서 신청 후 학과사무실 방문 접수처리절차■ 인스타 로그인 → 학사관리 메뉴 → 휴학신청서 작성 → 신청서 출력→ 학과 사무실 방문(CA 및 지도교수 또는 학과장 상담) 및제출 → 접수완료증빙서류■ 질병휴학: 4주 이상 진단서■ 창업: 사업자등록증 또는 법인등기부등본 사본 1부.■ 임신 및 출산: 진단서, 가족관계증명서■ 기타사유: 증빙서류 없음휴학 제한■신·편입생 및 재입학생의 경우 입학 첫 학기는 휴학 신청 제한(※ 단, 5주 이상의 질병 치료 목적의 휴학 또는 군휴학만 가능함)나. 병역의무 이행(군입대) 휴학구 분내 용대 상■ 군입대 예정인 자 ■ 군복무 연장 예정인 자신청기간■ 군입대 전■ 군입대일 1주일 전부터 신청 가능함신청방법■inSTAR(인스타) 홈페이지에서 군휴학 신청 후 학과사무실 방문 접수처리절차■ 인스타 로그인 → 학사관리 메뉴 → 군휴학신청서 작성 → 신청서 출력→ 학과 사무실 방문(CA 및 지도교수 또는 학과장 상담) 및제출→ 접수완료증빙서류■ 병역의무 이행 증빙서류 1부.(입영통지서, 사회복무요원 소집 통지서 등)2. 휴학 변경 안내가. 일반휴학 → 군휴학 변경구 분내 용대 상 자■일반휴학 후 군입대 사유로 군휴학으로 변경하려는 자신청기간■ 군입대 전■ 군 입대일 1주일 전부터 신청 가능함신청방법■inSTAR(인스타) 홈페이지에서 군휴학 신청 후 학과사무실 방문 접수처리절차■ 인스타 로그인 → 학사관리 메뉴 → 군휴학신청서 작성 → 신청서 출력→ 학과 사무실 방문(CA 및 지도교수 또는 학과장 상담)및제출 → 접수완료증빙서류■ 병역의무 이행 증빙서류 1부.(입영통지서, 사회복무요원 소집 통지서 등)주의사항■ 군휴학으로 변경하지 않고 입대한 경우 해당학기 일반휴학으로 처리됨(※군입대 후 본인이 신청할 수 없는 경우,가족 대리 신청 가능함)나. 군휴학 → 일반휴학 변경구 분내 용대 상 자■전역 후, 복학 예정학기에 복학하지 않고 일반 휴학을 신청하려는 자신청기간■전역 후, 복학 예정학기 개강일 전까지신청방법■inSTAR(인스타) 홈페이지에서 복학신청■ 복학신청 완료 후, 인스타에서 일반휴학 신청 뒤 학과사무실 방문 접수처리절차■ 인스타 로그인 → 학사관리 메뉴 → 복학신청 → 일반휴학 신청서 작성 → 신청서 출력→ 학과 사무실 방문(CA 및 지도교수 또는 학과장 상담)및 제출 → 접수완료증빙서류■군휴학 후 복학자: 전역증 또는 전역 확인 증명서(①~③ 중 1부) 첨부① 병적증명서(병무청 발급)② 복무확인서(부대/근무처 발급)③ 병역사항 기재된 초본(주민센터 발급)주의사항■ 군휴학 후 복학처리를 먼저 신청해야 일반휴학 신청이 가능함3. 휴학 연장 안내구 분내 용대 상■ 일반휴학(1년 단위) 기간 만료 후, 휴학을 연장하려는 자■ 병역의무 만료 복학 예정자 중 일반휴학을 신청하려는 자신청기간■ 휴학 만료 학기 수업종료일부터 복학 학기 개시 이전까지(복학 학기 수업일수 1/3 이내에 휴학 연장 신청 가능함)신청방법■inSTAR(인스타) 홈페이지에서 휴학 신청 후 학과사무실 방문 접수처리절차■ 인스타 로그인 → 학사관리 메뉴 → 휴학신청서 작성 → 신청서 출력→ 학과 사무실 방문(CA 및 지도교수 또는 학과장 상담)및 제출 → 접수완료주의사항■ 일반 휴학의 경우 신입생의 경우 최대 8학기(4년) 휴학 가능함(3학년 편입생의 경우 최대 4학기 휴학 가능함)3기타 사항1. 개인정보 수정 안내가.대상자: 개인정보(주소, 핸드폰 연락처 등)가 변경된 재학생 및 휴학생나.수정방법: 인스타 → 개인정보 수정 클릭 → 개인정보 수정 후 저장다.학사 관련 업무 발생 시 연락할 수 있도록 개인정보 변경(수정) 요망2. 관련 문의: 담당자(☎063-220-2417), 학과사무실 연락처(별도 파일 참조)교무처 학사지원실",0.066312997,0,0,3.623284512,0.072944297,0.0066313,1.629281513,0
학사공지,468,426+학사지원실_2020년 8월) 조기졸업 신청 안내,2019학년도 후기(2020년 8월) 조기졸업 신청 안내,학사지원실,2020-09-03,1256,https://www.jj.ac.kr/jj/community/notice02.do?mode=view&articleNo=190204&article.offset=300&articleLimit=100,,0,0,1.875,0.9375,0,0,0.9375,0
학사공지,467,476+학사지원실_(변경) 과목 사이버캠퍼스 수강 안내,2020-2학기 수강신청 정정(변경) 과목 사이버캠퍼스 수강 안내,학사지원실,2020-08-31,2034,https://www.jj.ac.kr/jj/community/notice02.do?mode=view&articleNo=190260&article.offset=300&articleLimit=100,"2020-2학기 수강신청 정정기간 중 과목 변경을 할 경우사이버 캠퍼스 수강교과목 확인가능 시간을 다음과 같이 안내하오니 수강 신청 변경 시 참조하시기 바랍니다.1. 대상과목: 수강신청 변경 후, 신규 수강 과목2. 사이버캠퍼스내 신규 과목 수강과목 확인기간-  수강신청 정정기간에 1일 2회 동기화 처리했던 부분이 수강신청 정정기간이 끝난 이후(9.7.월)부터1일 1회(05시)에 동기화 처리되므로 해당 시간을 이후에 사이버캠퍼스에 반영되므로 착오없으시기 바랍니다.3. 사이버캠퍼스에 본인의 수강과목이 반영된 이후 부터 해당 교과목의 온라인 강의 수강이 가능하며,동기화이후에도 반영되지 않을경우 교수학습개발센터 (063-220-2928)로 문의 주시기 바랍니다.",1.187154897,0,0,1.079628015,0,0,1.997965708,0
학사공지,466,475+수퍼스타칼리지 융합학부_합전공 이수 및 변경신청 안내(1차),2020학년도 2학기 Superstar College 연계‧융합전공 이수 및 변경신청 안내(1차),수퍼스타칼리지 융합학부,2020-08-27,1360,https://www.jj.ac.kr/jj/community/notice02.do?mode=view&articleNo=190259&article.offset=300&articleLimit=100,"2020학년도2학기Superstar College연계‧융합전공 이수 및 변경신청(1차)관련 안내합니다.재학생 여러분의 많은 관심과 신청 바랍니다.1.신청 관련 안내1)신청자격:신(편)입학 후2학기 이상 등록한 자2)신청기간:8. 31.(월)~9. 13.(일)/매 학기1-2주차, 12-13주차 진행3)신청절차: inSTAR를 통해 신청→신청기간이 끝난 후융합교육지원센터의 승인→이수 가능(세부적인 신청 방법은 첨부파일 참조)2.연계‧융합전공 관련 안내1)연계‧융합전공 이수 기준구분복수(부)전공총이수학점주전공중복인정 학점융합교과목이수학점ⓐ참여전공이수학점ⓑ선택이수학점ⓐorⓑ연계전공복수전공3615학점 이내-21학점 이상-융합전공복수전공3612학점 이내12학점 이상9학점 이상3학점부전공216학점 이내9학점 이상3학점 이상3학점2)연계‧융합전공별 소개:http://www.jj.ac.kr/sc홈페이지의 전공별 안내자료 참고3)이수 관련 문의:교육혁신본부 융합교육지원센터(대학본관228호/ 063.220.2821-4)3.연계‧융합전공 현황 안내: 6개 연계전공, 15개 융합전공(하림산학융합전공 제외)연계전공융합전공독서‧논술교육경영법학라이프스타일기획스토리미디어벤처창업국토정보학보컬퍼포먼스인공지능보육학농생명-ICT사회적경제탄소융합식품영양학대물차량손해사정스마트시티Food R&BD일본IT융합드론융합스마트팜Korean Studeis중국비즈니스4.기타 안내:연계‧융합전공 이수 승인이 되지 않았더라도,관련 교과목의 수강신청이 가능하며,연계‧융합전공 해당 교과목이라면 전공 이수 전에 수강한 교과목도 인정 가능-교육혁신본부 융합교육지원센터-",0.125156446,0,0.375469337,0.820798726,0.075093867,0,1.316190693,0
학사공지,465,474+학사지원실_2021년 2월) 조기졸업 신청 안내,2020학년도 전기(2021년 2월) 조기졸업 신청 안내,학사지원실,2020-08-26,1299,https://www.jj.ac.kr/jj/community/notice02.do?mode=view&articleNo=190258&article.offset=300&articleLimit=100,"2020학년도 전기(2021년 2월 졸업) 조기졸업 신청을 다음과 같이안내하오니 대상 학생들은 신청하여 주시기바랍니다.1. 신청기간 :2020. 8. 31.(월) ~ 9. 11.(금) 17:002. 신청장소 :각 단과대학 행정지원실3. 신청대상구분세부내용2015학번 이전․ 5학기 이상 수료하고 6학기 등록을 필한 자로서 119학점 이상 취득하고 총 평균 평점이 4.0 이상인자2016학번 이후․ 5학기 이상 수료하고 6학기 등록을 필한 자로서 112학점 이상(간호학과는 119학점 이상) 취득하고 총 평균 평점이 4.1 이상인자* 편입생은 조기졸업 신청 제외4. 제출서류 :조기졸업 신청서, 성적증명서 각 1부5. 참고사항가. 조기졸업요건구분세부내용2015학번 이전․ 3학년(6학기)이상 등록하고, 총 140학점(건축학과 2013학번 이전 160학점) 이상을 취득한 자로서, 해당 학과(전공)의 졸업기준을 충족한 자․ 총 평점평균이 4.0이상인 자2016학번 이후․ 3학년(6학기)이상 등록하고, 총 130학점 이상(간호학과는 140학점 이상)을 취득한 자로서, 해당 학과(전공)의 졸업기준을 충족한 자․ 총 평점평균이 4.1이상인 자나. 조기졸업 탈락 시, 다음 학기 정규등록을 하여야 하며 성적장학금 수혜 대상에서 제외됨다. 조기졸업 신청을 취소하고자 하는 경우는 신청학기 기말고사 시작 전(2020.12.11.)까지 조기졸업 포기 신청서를 작성하여 각 단과대학 행정지원실에 제출하여야 하며, 이 경우에는 성적장학금 수혜대상에 포함됨6. 문의처 :학사지원실(063-220-2083)2020. 8.교 무 처 장",0,0.101010101,2.531565657,1.341540404,0.176767677,0,1.038510101,0
학사공지,464,472+학사지원실_업 운영 변경 안내(개강 후 3주간),2020학년도 2학기 수업 운영 변경 안내(개강 후 3주간),학사지원실,2020-08-25,15262,https://www.jj.ac.kr/jj/community/notice02.do?mode=view&articleNo=190256&article.offset=300&articleLimit=100,"2020학년도2학기 비대면 수업 운영 안내(개강 후3주간)우리 대학은7월29일(수) 2020학년도2학기 수업운영방안을 안내한 바 있습니다.현재 코로나19사회적거리두기2단계 적용 및 전국적 확산의 방지를 위하여 아래와 같이수업운영 방법이 변경되었음을 안내합니다.1. 비대면 온라인 수업 운영기간: 8. 31.(월) ~ 9. 19.(토)까지(3주간)2. 참고:일부 실험.실습.실기 강좌의 경우 제한적으로 대면강의가 실시될 수 있으므로해당 교과목별 안내를 확인하시기 바랍니다.※ 코로나19의 확산을 예방하기 위한 불가피한 조치이오니 학생 및 교직원 여러분의 많은 협조 부탁드리며,개인방역수칙도 철저히 지켜주시기 바랍니다.2020. 8. 25.교무처장",1.270164576,0,0,0,0,1.930910869,2.041714193,0
학사공지,463,473+학사지원실_2020-2학기 폐강 강좌 안내,2020-2학기 폐강 강좌 안내,학사지원실,2020-08-25,2560,https://www.jj.ac.kr/jj/community/notice02.do?mode=view&articleNo=190257&article.offset=300&articleLimit=100,"2020학년도 2학기 개설 강좌 중 수강인원 미달에 따른 폐강 과목을다음과 같이 안내하오니 해당 과목의 수강신청자는 아래 사항을 참고하여 수강신청을 정정하시기 바랍니다.1. 폐강과목 현황: 39개 강좌(자세한 목록은 첨부파일 참조)- 폐강과목 수강신청 내역은 일괄 삭제합니다.2. 폐강과목 수강신청자 수강신청 정정기간- 1차: 8.26.(수) 11:00 ~ 8. 28. (금) 17:00- 2차: 8.28.(금) 17:00 ~ 9. 4.(금) 18:003. 교양과목의 폐강여부는 수강신청 정정기간 중 수퍼스타칼리지 교양학부에서 별도 공지 할 예정입니다.4. 폐강문의- 전공, 기초 등: 학사지원실(063-220-2134, 2417)- 교양강좌: 수퍼스타칼리지 교양학부(063-220-4648, 3097)붙임 2020-2학기 폐강 강좌 1부.   끝.",2.142857143,0,0,0.285714286,0.047619048,0,1.80952381,0
학사공지,462,471+학사지원실_학년도 2학기 취업사유 출석인정 안내,2020학년도 2학기 취업사유 출석인정 안내,학사지원실,2020-08-24,3765,https://www.jj.ac.kr/jj/community/notice02.do?mode=view&articleNo=190255&article.offset=300&articleLimit=100,"2020학년도 2학기 취업사유 출석인정 안내1. 접수기간가. 1차 접수: 2020. 8.31.(월) ~ 9. 11.(금) / 개강 1~2주차※ 1차 접수일 이전 취업자는 1차 접수기간 내 신청※ 1차 접수기간 이후 취업자 – 취업일 기준 2주 이내 신청나.2차 서류 접수 연장(재직확인): 2020. 11. 23.(월) ~ 12. 10.(목)※ 학사 일정 변경으로 인한 2차 서류 접수기간 변경됨2. 접수방법: 학생포털서비스(inSTAR)를 통한 온라인 접수3. 대상자: 2020학년도 전기(2021년 2월) 졸업예정자 중 취업자※ 단, 동계 계절수업 수강신청 학점을 포함하여 졸업 기준을 충족한 자4. 신청절차 및 증빙서류: 붙임 문서(출석인정 처리 안내문) 참조5. 유의사항가. inSTAR 등록 후 출석인정요청서를 출력하여 교과목 담당교수님께 확인을득한 후행정실에 제출해야 신청이 완료되므로착오 없으시기 바람나. 원격 및 야간강좌는 출석인정(취업사유) 대상 과목이 아님※원격 및 야간강좌는 정상 수강해야 함붙임  1. 출석인정(취업사유) 신청 안내문 1부.2. 취업자 증빙서류 안내문 1부.- 교무처장 -",0.176678445,0,1.58869258,0.247349823,0,0.070671378,1.659363958,0
학사공지,461,470+학사지원실_K) 원격강좌 개설 및 수강신청 안내,2020-2학기 한국지역대학연합(RUCK) 원격강좌 개설 및 수강신청 안내,학사지원실,2020-08-21,2160,https://www.jj.ac.kr/jj/community/notice02.do?mode=view&articleNo=190254&article.offset=300&articleLimit=100,"본교와 학점교류 협약대학인 한국지역대학연합(RUCK) 및 원광대학교 2020학년도 2학기 원격강좌 운영 사항을다음과 같이 안내하오니 원격강좌(RUCK) 수강을 희망하는 학생은 아래 신청 기간에 신청하여 주시기 바랍니다.1. 한국지역대학연합(RUCK) 및 원광대학교 개설 강좌 내역: 첨부 자료 참조2. 수강 자격: 직전학기 평점평균 3.0 이상인 재학생3. 수강신청 기간: 8. 31.(월) 11:00 ~ 9. 4.(금) 18:00- 수강신청 기간 내 전주대학교 수강신청 홈페이지에서 수강신청4. 강의 수강 사이트가. 가톨릭관동대 https://tlms.cku.ac.kr나. 경남대 http://cyber.kyungnam.ac.kr다. 계명대 http://ctl.kmu.ac.kr라. 아주대 https://eclass2.ajou.ac.kr (아주대 포털: https://mportal.ajou.ac.kr/main.do )마. 울산대 https://ulms.ulsan.ac.kr바. 호남대 http://ctl.honam.ac.kr사. 원광대http://wvu.wonkwang.ac.kr/5. 수강관련 문의: 교수학습개발센터(063-220-2998, 2928)",1.698841699,0,0.033783784,0.916988417,0,0,0.781853282,0
학사공지,460,468+수퍼스타칼리지_및 이전 입학자에 대한 경과규정 안내,교양 교육과정 개선에 따른 2019학번 및 이전 입학자에 대한 경과규정 안내,수퍼스타칼리지,2020-08-18,1218,https://www.jj.ac.kr/jj/community/notice02.do?mode=view&articleNo=190251&article.offset=300&articleLimit=100,"교양 교육과정 개선에 따른 2019학번 및 이전 입학자에 대한 경과규정 안내1.교양 교육과정 개편에 따른 이수기준 변경구분2019학번 이전 입학생2020학번 이후 입학생외국어3학점 이수6학점 이수(3학점×2개)의사소통2학점 이수3학점 이수(3학점×1개)소프트웨어2학점 이수3학점 이수(3학점×1개)2020학번부터는 개편된 교양 외국어 이수기준(3학점x2회)을 준수해야 함.※대학영어,실용생활영어(1),중급중국어회화(1),중급영어(3),고급영어(3)은 외국어2학점 이하로 이수한 학생만 수강신청 가능(외국어3학점 이상 이수자부터는 위 과목 수강신청 불가)2.재수강 시 교과성적 적용방법:당초의 취득성적과 재수강한 성적 중 높은 과목으로 적용ex)통합교양의 경우 과거2학점에서1학점으로 축소되어,재수강 시 현재 과목이 과거 성적보다 높으면1학점으로 대체 인정되어 졸업학점이1학점 줄어들게 되므로 졸업학점 계산에 착오가 생기지 않도록 확인 필요ex)의사소통 과목이2학점일 때 이수한 과목을 현재 의사소통3학점 과목으로 재수강 하는 경우,현재 과목의 성적이 높으면 과거2학점은 졸업학점에서 빠지며3학점 취득한 것이 졸업학점으로 인정됨문의사항:외국어(220-2008) /의사소통,소프트웨어(220-2603)",0.06504065,0.162601626,0.910569106,0.06504065,0,0,0.762715069,0
학사공지,459,465+학사지원실_년도 2학기 재입학 합격자 등록 안내,2020학년도 2학기 재입학 합격자 등록 안내,학사지원실,2020-08-18,817,https://www.jj.ac.kr/jj/community/notice02.do?mode=view&articleNo=190248&article.offset=300&articleLimit=100,"2020학년도 2학기 재입학 합격자 등록기간을 다음과 같이 안내합니다.1. 등록기간 :2020. 8. 20.(목)~8. 21(금)2. 납부은행:우리은행 전국 각 지점3. 납부금액 :입학금 + 수업료4. 납부계좌:개인별 가상계좌5. 등록금 고지서 출력방법: 학교 홈페이지 - inSTAR(인스타) 로그인 - 장학,등록 메뉴 - 등록금 고지서 클릭 - 재입학 등록금 고지서 출력 버튼 클릭6. 유의사항:재입학 합격자가 정해진 등록기간 내 등록하지 않을 시 재입학이 취소됨7. 문의사항:학사지원실(063-220-2083)2020. 8.교 무 처 장",0.065789474,0,0,1.680161943,0.065789474,0,1.219635628,0
학사공지,458,467+학사지원실_강바구니 활용 방법안내(신입생 참조),수강바구니 활용 방법안내(신입생 참조),학사지원실,2020-08-18,2857,https://www.jj.ac.kr/jj/community/notice02.do?mode=view&articleNo=190250&article.offset=300&articleLimit=100,"수강바구니를 처음 사용하는 신입생을 위한 수강신청시 수강바구니 활용방법에 대한 안내입니다.1. 수강신청으로 로그인합니다.(http://sugang.jj.ac.kr)(각 일자별 수강대상학번이 다르므로 로그인전 화면의 수강신청 일정 확인)2.  로그인후 수강바구니탭을 확인하시면, 수강바구니 기간에 담아 놓은 과목을 확인할 수 있습니다.바구니에 담아놓은 과목중본인 학년과 다른 교과목이 있는경우는 학년선택을 ""전체""로 선택후 ""개설강좌조회""를 클릭해서해당 과목을 확인할 수 있습니다.※ 수강신청을 하려면 신청부분에 체크를 하고, 아래 ""수강신청내역""에 과목을 확인후 ""저장""버튼을 클릭하여야 수강신청이 진행 됩니다.",0.466472303,0,0,0.408163265,0,0.058309038,2.785581765,0
학사공지,457,466+수퍼스타칼리지_20-2학기 교양 교과목 시간표 안내,2020-2학기 교양 교과목 시간표 안내,수퍼스타칼리지,2020-08-18,1385,https://www.jj.ac.kr/jj/community/notice02.do?mode=view&articleNo=190249&article.offset=300&articleLimit=100,2020-2학기 교양 교과목 시간표를 붙임과 같이 안내합니다.참고하셔서 수강신청 하시길 바랍니다.수퍼스타칼리지,3.576437588,0,0,0.322580645,0,0,1.626928471,0
학사공지,456,469+수퍼스타칼리지_및 기독교 교과목 수강신청 관련 안내,2020-2학기 채플 및 기독교 교과목 수강신청 관련 안내,수퍼스타칼리지,2020-08-18,1661,https://www.jj.ac.kr/jj/community/notice02.do?mode=view&articleNo=190252&article.offset=300&articleLimit=100,"2020-2학기 채플 및 기독교 교과목의 원활한 수강신청을 위해 학생 여러분께 안내 말씀 드립니다.***채플 수강신청 안내http://202.31.229.63/2020-2학기-기독교-교과목-수강신청-안내***기독교 교과목 수강신청 안내http://202.31.229.63/2020학년도-2학기-채플-진행안내상단 링크를 통해 세부내용을 확인하시고, 기타 문의사항은 카카오톡 채널 ""전주대학교 선교지원실"", 전화 063.220.2423 진경환 으로 문의주시면 답변 드리겠습니다.감사합니다.",2.332887701,0,0,1.203208556,0.073529412,0,1.276737968,0
학사공지,455,498+학사지원실_험 중 문제 발생 시 대응 방법 안내,[필독] 사이버캠퍼스 퀴즈시험 중 문제 발생 시 대응 방법 안내,학사지원실,2020-08-12,1391,https://www.jj.ac.kr/jj/community/notice02.do?mode=view&articleNo=190282&article.offset=300&articleLimit=100,"사이버캠퍼스 퀴즈시험 중 문제 발생 시 대응 방법 안내코로나19로 인하여 비대면 기말시험을 진행하고 있습니다. 이와 관련하여 사이버캠퍼스에서 퀴즈 기능을 통한 평가 진행 및 과제 일괄제출 등의 기능으로 인해 특정 시점에 서버 부하가 급격히 증가하는 경향이 나타나고 있으며, 이에 따라 일부 서버에서 지연 현상이 발생하고 있습니다.이러한 지연 현상 해소를 위해 서비스를 재시작하는 중페이지 오류가 뜨는 현상을 경험할 수 있으며, 이 경우 서비스가 로그아웃되거나 기존에 입력했던 내역들이 사라지는 것은 아니므로 이전 페이지로 돌아가시면 시험을 계속 진행하실 수 있음을 안내드립니다.※ 처리 지연으로 인한 시간적인 손해는 사이버캠퍼스의 시간 손실 보전 기능을 통해 일부 보전됨을 안내드립니다.원격교육지원센터",0,1.08778626,0,0,0.050890585,0,1.08778626,0
학사공지,454,461+학사지원실_2020학년도 2학기 수업운영 안내,2020학년도 2학기 수업운영 안내,학사지원실,2020-07-29,14353,https://www.jj.ac.kr/jj/community/notice02.do?mode=view&articleNo=190243&article.offset=300&articleLimit=100,"2020학년도 2학기 수업운영 안내1.수업운영 기본방향가. 코로나바이러스(COVID19) 감염증의 확산에 효과적 대응을 위해사회적거리두기 단계에 따른 수업운영나. 대학교육에서수업의 질을 향상시키기 위해교과목의 특성에 따라 수업방식을 다양화다.사회적 거리두기 단계에 따른 수업 방식 원칙사회적거리두기수업방식수업 방식 원칙비 고1단계대면수업- 기존 원격 강좌 외 전체 교과목전면 대면 수업2단계혼합수업-비대면(On-line)과 대면(Off-line)을 혼합한 플립러닝 기반On&Off수업2학기 기본 방향3단계비대면수업-모든 교과목 전면On&On 수업진행(동영상&실시간)교내 확진자 발생 시※사회적 거리두기 단계 변화(코로나바이러스 감염 우려 완화 또는 심각)시,수업방식 전환 가능함.2. 교과목별 수업운영 방법 확인방법가. 수강바구니 및 수강신청 화면에서 과목별 수업운영 방법 안내 예정(조회 방법등은 추후 별도 공지)나. 교목별 기본 수업운영방법은 참고사항으로 코로나19상황에 따라 변경될 수 있음3. 학사관련 주요 기본사항가.온라인 실시간 수업 수강방법:사이버캠퍼스 로그인 후,실시간 수업 수강나. 수시시험: 1학기와 동일하게 담당 교원이 선택하며, 대면/비대면 평가 모두 가능다.기말시험:원격 강좌(RUCK등)외 모든 교과목 대면(Off-line)시험 원칙임라. 출결처리: 2020-1학기와 동일하게 수업 담당교원이 사이버캠퍼스 출석을 출결관리시스템에 입력하며,학생은 출결관리시스템에서 출결사항 확인 필수4. 기타 자세한 사항은 붙임문서를 참고하시기 바랍니다.",2.260157274,0.104849279,0,0.02621232,0,0,1.683486239,0
학사공지,453,460+학사지원실_020학년도 2학기 전과 합격자 안내,2020학년도 2학기 전과 합격자 안내,학사지원실,2020-07-28,1566,https://www.jj.ac.kr/jj/community/notice02.do?mode=view&articleNo=190242&article.offset=300&articleLimit=100,"2020학년도 2학기 전과 합격자를 다음과 같이 안내하오니, 해당 학생들은 수강신청 및 등록과 관련하여 착오없으시기 바랍니다.1. 합격자 확인 :인스타(inSTAR) - 학사관리 - 전과신청정보 조회2. 등록금 납부가. 등록기간 : 2020.8.24.(월) 09:00 ~ 2020.8.28.(금) 16:00나. 등록금을 기 납부한 경우, 전입학과의 등록금이 전입 전 학과보다 많을 경우 차액을 추가로 납부하여야 하며 등록금이 적은 경우 차액은 환불함다. 유의사항 : 등록기간에 등록(전액)을 하지 않을 경우 합격이 취소됨(분할납부 불가)3. 수강신청가. 전입학과 사무실에서 수강신청 및 교육과정에 대한 지도를 받기 바람나. 전입학과 기준으로 재학생 정규 수강신청 때 수강신청이 가능함4. 전과 취소가. 전과 합격자 중 전과를 포기하고자 하는 경우, 전과포기원을 작성하여 2020학년도 2학기 수업일수 2/3 이내에 현재 소속 학과(전과 후)의 동의를 받아 학사지원실에 제출하여야 함5. 문의사항: 학사지원실(063-220-2083)2020. 7.교 무 처 장",0.223463687,0,0,0.52141527,0.074487896,0,1.475368207,0
학사공지,452,459+학사지원실_20학년도 2학기 학점교류 실시 안내,2020학년도 2학기 학점교류 실시 안내,학사지원실,2020-07-21,1599,https://www.jj.ac.kr/jj/community/notice02.do?mode=view&articleNo=190241&article.offset=300&articleLimit=100,2020학년도2학기 학점교류 실시 안내국내대학 간 학점교류 협정에 의거하여2020학년도2학기 학점교류 학생을다음과 같이 접수하오니 관심 있는 재학생들의 많은 신청 바랍니다.교류대학신청기한수학 안내문다운로드(아래 학교명 클릭)신청자격(공통)전북대7. 24.(금)전북대학교- 2학년 이상- 2학기 이상 수료자-직전 학기까지 평점평균이3.0이상인 자2020-2학기가 마지막 학기인 재학생은신청 불가경남대7. 28.(화)경남대학교계명대8. 6.(목)계명대학교군산대8. 7.(금)군산대학교우석대8. 13.(목)우석대학교울산대7. 24.(금)울산대학교한남대8. 14.(금)한남대학교1.신청 방법가.교류대학2학기 개설과목을 조회 후 본인 수강 과목 선택나.학점교류 신청서(붙임-1)및 교류대학 과목 이수계획서(붙임-2)작성다.학점교류 신청서 및 교류대학 과목 이수계획 신청서를 학과 사무실에 제출(이수계획서는 학과사무실에서 작성)2.신청 시 유의사항가.교류대학별로 추천기한이 상이하여 접수기간이 다른 점을 유의바람나.이수 계획서에 기재된 과목이 아닌 다른 과목을 신청할 시에는 성적부여가 되지 않음다.2020-2학기 마지막 학기 재학생은 신청 불가3.관련 문의:학사지원실(063-220-2134)또는 소속 학과 사무실붙임1.학점교류 신청서1부.2.교류대학 과목 이수계획서1부.3.교류대학별 수학 안내문 각1부.끝,0,0.029761905,1.512681159,0.357142857,0.148809524,0,1.423395445,0
학사공지,451,442+학사지원실_학기 [온라인 수업 문의] 운영 안내,2020-1학기 [온라인 수업 문의] 운영 안내,학사지원실,2020-07-05,4935,https://www.jj.ac.kr/jj/community/notice02.do?mode=view&articleNo=190224&article.offset=300&articleLimit=100,"2020-1학기 [온라인 수업 문의]운영 안내온라인 수업과 관련하여 총학생회와 학사모니터 회의 결과 의견을 수렴하여학생들이 해당 강좌의담당 교원에게 문의할 수 있는프로그램을 운영하오니 참고하시기 바랍니다.1. 운영기간: 5. 8.(금) 11:00 ~ 7. 4.(토)까지2. 신청방법:인스타-학사관리-온라인수업문의-해당강좌 선택 후 문의사항 작성3. 운영방법:익명으로 신청할 수 있으며담당교원이 답변 작성 시 푸쉬메세지로내용을 전달받을 수 있음4. 참고사항:합리적 사유가 없는 감정적인 불만사항은 접수되지 않으며,온라인 수업 강의콘텐츠수강에 있어 강의방법 제안 등을 문의할 수 있는 프로그램입니다.붙임 온라인 수업 문의 매뉴얼(학생용) 1부.",1.612503869,0,0,0.111420613,0,0,1.222531724,0
학사공지,450,417+통합 관리자_20학년도 1학기 학사일정 변경 안내,2020학년도 1학기 학사일정 변경 안내,통합 관리자,2020-07-02,31756,https://www.jj.ac.kr/jj/community/notice02.do?mode=view&articleNo=190194&article.offset=300&articleLimit=100,,0,0,0,0,0,1.304347826,2.608695652,0
학사공지,449,407+학사지원실_2020-1학기 수강신청 안내,2020-1학기 수강신청 안내,학사지원실,2020-07-01,11718,https://www.jj.ac.kr/jj/community/notice02.do?mode=view&articleNo=190184&article.offset=400&articleLimit=100,,1.764705882,0,0,1.764705882,0,0,1.764705882,0
학사공지,448,455+학사지원실_ 출결관리 시스템 사용 안내[매뉴얼],2020학년도 모바일 출결관리 시스템 사용 안내[매뉴얼],학사지원실,2020-06-26,3059,https://www.jj.ac.kr/jj/community/notice02.do?mode=view&articleNo=190237&article.offset=300&articleLimit=100,"2020학년도 모바일 출결관리시스템 사용 관련 안내입니다.1. 설치URL:http://ucampus.jj.ac.kr/app2. 도움말:http://ucampus.jj.ac.kr/help3. 모바일 출결관리시스템 아이디 및 비번 입력 안내- 아이디: 학번- 비밀번호:학생포털웹서비스(inSTAR) 암호(8자리)※설치 후 로그인 에러 발생 시 처리 안내- 비밀번호를 8자리 이상 입력한 경우 로그인 에러 메시지 발생(앱로그인 시 반드시 비밀번호를8자리 까지만 입력 요망)4. 기타 자세한 사항은 첨부 매뉴얼을 확인하시기 바랍니다.5. 출결 앱 추가 개선 사항 안내가. 수강 교과목의 휴보강의 등록 및 취소 시 학생의 스마트폰으로 PUSH메세지가 도착하며 아래 화면에 등록됩니다.-> 메인화면의 ""휴보강공지"" 부분에 등록되어있습니다.나.수강학생의 출결사항이 변동될 경우 학생의 스마트폰으로 PUSH 메세지가 도착다.학생의 시간표를 2가지 종류로 확인이 가능(두가지 화면중 편한 방법으로 확인 가능)앱메인->시간표 선택 시6. 관련 문의 연락처: 교무처 학사지원실(063-220-2417, 2083)",0.215827338,0,0,0.107913669,0.035971223,0,2.162769784,0
학사공지,447,454+학사지원실_ 기말시험 기간 전산실습실 사용 안내,2020-1학기 기말시험 기간 전산실습실 사용 안내,학사지원실,2020-06-25,1013,https://www.jj.ac.kr/jj/community/notice02.do?mode=view&articleNo=190236&article.offset=300&articleLimit=100,기말시험 기간 전산실습실 사용 안내기말시험 기간 동안 과제수행 및 온라인 강의 수강 등을 위해 컴퓨터 사용이 필요한 학생들은 스타센터의 전산실습실 사용이다음과 같이 가능하오니 참고하시기 바랍니다.전산강의실:스타센터339호사용 문의:정보통신지원실220-2421,0.413793103,1.448275862,0,0,0.137931034,0,1.172413793,0
학사공지,446,453+학사지원실_0학년도 하계 계절수업 수강취소 안내,2020학년도 하계 계절수업 수강취소 안내,학사지원실,2020-06-24,1250,https://www.jj.ac.kr/jj/community/notice02.do?mode=view&articleNo=190235&article.offset=300&articleLimit=100,2020학년도 하계 계절학기 수강취소 신청에 대하여 다음과 같이 안내하오니참고하시기 바랍니다.1.신청절차:인스타 로그인->학사관리->수강신청내역 조회->해당 교과목 수강 취소2.신청기간: 6. 29(월) ~ 7. 3.(금)까지3.등록금 환불 문의: 220-31104.수강취소 문의: 220-21345.등록금 환불기준사유 발생 시기반환 금액비 고개강 전전액환불개강 후 수업일수1/3이내납입금2/3반환개강 후 수업일수2/3이내납입금1/3반환개강 후 수업일수2/3초과반환하지 않음수강취소 불가,1.616300366,0,0,0.43956044,0,0.293040293,1.396520147,0
학사공지,445,451+통합 관리자_20학년도 1학기 강의평가 실시 안내,2020학년도 1학기 강의평가 실시 안내,통합 관리자,2020-06-22,1504,https://www.jj.ac.kr/jj/community/notice02.do?mode=view&articleNo=190233&article.offset=300&articleLimit=100,"2020학년도1학기 강의평가를 실시하오니,학생 여러분의 적극적인 참여와 성실한 답변 부탁드립니다.1. 기간: 6. 22.(월) ~ 7. 14.(화)2.강의평가 바로가기",1.729879741,1.729879741,0,0,0,0,1.304347826,0
학사공지,444,452+학사지원실_수업 폐강과목 안내 및 수강정정 안내,2020학년도 하계 계절수업 폐강과목 안내 및 수강정정 안내,학사지원실,2020-06-22,1329,https://www.jj.ac.kr/jj/community/notice02.do?mode=view&articleNo=190234&article.offset=300&articleLimit=100,"2020학년도 하계 계절수업 폐강과목 안내 및 수강정정 안내2020학년도 하계 계절수업 폐강과목을 다음과 같이 공고하오니 폐강과목 수강신청자는 아래 사항을 참고하시기 바랍니다.1. 폐강강좌이수구분과목명교원학수번호교선언어의이해유기선05654-01교선문화콘텐츠와뉴미디어권수태12735-01교선발상과표현이용욱12749-01교선디자인과창의성임도하13391-01교선한자와한문김형술13395-01교선경제자료의이해최종수15529-01교필화학과생활봉필훈09360-01교필생활영어회화(1)잉그리드15963-01교필실용영어회화(1)스캇15966-01교필창의적사고와소통장미영15972-01교필공감적사고와스피치박찬흥15973-01교필실용생활영어(1)이영철16081-01교필실용생활영어(1)이수진16081-02교필고급영어(3)다니엘16082-01교필중급영어(3)나오미16087-02교필중급영어(3)스튜어트16087-032.폐강과목 수강신청자 수강신청 정정기간: 6. 22(월) 16:00 ~ 6. 23.(화) 16:003.폐강과목 수강자 유의사항가.수강신청을 정정하고자 하는 학생의 경우 정정기간에 수강신청 내역을 정정해야함나.폐강과목 수강신청자의 수강정정은 인스타-수강신청에서 신청다.일반학생은 수강신청 정정할 수 없으며,폐강과목 수강신청자에 한해서 정정이 가능함4.폐강과목 관련 문의4.폐강과목 관련 문의(063)가.교양:교양학부(220-4648, 3097, 2008, 2603)나.기타:학사지원실(220-2134)",1.212931454,0,0,0.275482094,0.055096419,0,1.819802301,0
학사공지,443,450+학사지원실_ 2학기 학사학위취득 유예 신청 안내,2020학년도 2학기 학사학위취득 유예 신청 안내,학사지원실,2020-06-22,1093,https://www.jj.ac.kr/jj/community/notice02.do?mode=view&articleNo=190232&article.offset=300&articleLimit=100,2020학년도 2학기 학사학위취득 유예 신청 안내2020학년도 2학기 학사학위취득 유예(구.졸업연장) 신청에 대해 다음과 같이 안내하오니 참고하시기 바랍니다.1. 신청대상:2019학년도 후기 졸업대상자(2020년 8월) 중 학칙이 정한 졸업요건을 전부 갖춘 학생2. 신청기간:2020. 7. 27.(월)~8. 5.(수) 17:00까지3. 신청방법 :'학사학위취득 유예 신청서'(첨부1) 작성 후 각 단과대학 행정지원실에 제출4. 학사학위취득 유예 구분 및 등록구분등록신청목적재수강계절학기 수강료 기준: 학점당 8만원교과목 재이수를 통한 성적 향상 목적자기개발별도의 학점등록 없음순수 자기개발 목적5. 주의사항(필독)가. 학사학위취득 유예는 학기 단위로최대 2회까지 신청 가능나. 신청제외: 외국인 유학생은 신청 불가다. 학사학위취득 유예기간 중 휴학 불가라. 신청자가 졸업사정에서 불합격한 경우 그 신청은 당연 취소됨마. 신청취소:2020. 8. 28.(금)까지'학사학위취득 유예 포기신청서(첨부2) 제출6. 문의:각 학과 사무실2020. 6.교 무 처 장,0.037313433,0.037313433,1.556503198,1.743070362,0.111940299,0,1.220682303,0
학사공지,442,449+학사지원실_2020학년도 2학기 재입학 안내,2020학년도 2학기 재입학 안내,학사지원실,2020-06-16,2247,https://www.jj.ac.kr/jj/community/notice02.do?mode=view&articleNo=190231&article.offset=300&articleLimit=100,"2020학년도 2학기 재입학 안내2020학년도 2학기 재입학 전형에 대해 다음과 같이 안내합니다.1. 신청대상:자퇴,휴학만기,미등록 등의 사유로 제적된 자2. 제외대상(학칙 제13조 의거)가. 퇴학 등 징계처분으로 제적된 자나. 제적 후 1학기 이상 경과하지 않은 자예) 2020년 3월 제적(2020-1학기 제적자) → 재입학 불가2020년 2월 제적(2019-2학기 제적자) → 재입학 가능3.선발인원: 227명(정원내 210명,정원외 17명)※ 모집단위별 모집인원은 재입학 모집요강을 참조할 것4.전형방법 및 선발기준:신청자 수가 재입학 여석을 초과할 경우 선발 우선순위가.총 취득학점이 많은 자나.총 성적 평점평균이 높은 자5.제출서류,제출기간 및 제출처가.제출서류:재입학원서1부(해당 게시글 첨부파일에서다운로드 가능)나.제출기간: 2020. 7. 13.(월)∼ 8.13.(목) 12:00다.제출처: 학사지원실(스타센터234호)6.전형일정구 분일 시(기 간)내 용공 지2020. 6. 29.(월) ~ 8. 13.(목)우리대학 홈페이지신청서 접수2020. 7. 13.(월) ~ 8. 13.(목) 12:00접수처(학사지원실)합격자 발표2020. 8. 18.(화) 15:00개별 통보합격자 등록기간2020. 8. 20.(목) ~ 8. 21.(금) 16:007.유의사항가.제적 당시 학년 및 전공으로 재입학하는 것을 원칙으로 하며 제적 당시 학과(전공)가 구조조정 등으로 폐지된 경우 동일 계열의 유사학과(전공)으로 선택하여 입학할 수 있음나. 합격 후 등록기간 내에 등록하지 않으면 재입학 승인을 취소함8.문의처: 학사지원실 (☎063-220-2083)2020. 6.교 무 처 장",0,0.024096386,0.024096386,0.21686747,0.168674699,0.024096386,1.844007609,0
학사공지,441,457+학사지원실_하계 계절수업 취업사유 출석인정 안내,2020학년도 하계 계절수업 취업사유 출석인정 안내,학사지원실,2020-06-07,1365,https://www.jj.ac.kr/jj/community/notice02.do?mode=view&articleNo=190239&article.offset=300&articleLimit=100,"2020학년도 하계 계절수업 취업사유 출석인정 안내1.접수기간1) 1차 접수:2020. 7.6.(월) ~ 7. 10.(금) /계절학기1주차2) 2차 서류 접수(재직확인): 2020. 7. 20.(월) ~ 7. 24.(금)2.접수방법:학생포털서비스(inSTAR)를 통한 온라인 접수3.대상자: 2019학년도 후기(2020년8월)졸업예정자※단,하계 계절수업 수강신청 학점을 포함하여 졸업 기준을 충족한 자4.신청절차 및 증빙서류:붙임 문서(출석인정 처리 안내문)참조5.유의사항:원격 및 야간강좌는 출석인정(취업사유)대상 과목이 아님※원격 및 야간강좌는 정상 수강해야 함붙임1.출석인정(취업사유)신청 안내문1부.2.취업자 증빙서류 안내문1부.",1.314594803,0,1.426639621,0.168067227,0,0,1.538684439,0
학사공지,440,456+학사지원실_공개 및 확인(이의 신청) 기간 안내,2020학년도 1학기 성적 공개 및 확인(이의 신청) 기간 안내,학사지원실,2020-06-07,4709,https://www.jj.ac.kr/jj/community/notice02.do?mode=view&articleNo=190238&article.offset=300&articleLimit=100,"2020학년도 1학기 성적 공개 및 확인(이의신청) 안내1. 출결 확인가. 출결 확인기간: 7.6.(월) ~ 7.13.(월)나. 출결 확인방법: 출결앱(또는 inSTAR - 수강신청내역 - 출결 이력 조회)※ 반드시 기한 내, 자료 확인 후출결에 대한 이의사항이 있을 경우 해당 교과목의 담당 교수에게 정정 요청하시기 바랍니다.2. 성적 확인 및 성적 이의신청가. 성적 확인기간:  7.15.(수) 오전 11시 ~ 7.21.(화) 오후 3시까지나. 조회방법:  inSTAR or 전주대 포털 앱 -> 학사관리 -> 학기별 성적 조회다.이의신청:  inSTAR  -> 학사관리 -> '성적이의신청’을 통해서만 이의신청 가능3. 참고사항가. (중간, 기말, 과제 등) 성적평가 영역별 상세 성적을 조회 가능나. 합리적 사유가 없는 이의신청(장학금 및 재수강 등 개인적 사정 등에 호소)은 이의신청 사유에 해당되지 않으며,부정 청탁금지법에 위배 근거 자료로 남을 수 있으니 유의하시기 바랍니다.",0.080321285,1.234939759,0,1.154618474,0.040160643,0,0.953815261,0
학사공지,439,438+학사지원실_학기 대체보강일 안내(4.27.변경),[필독]2020-1학기 대체보강일 안내(4.27.변경),학사지원실,2020-06-04,3775,https://www.jj.ac.kr/jj/community/notice02.do?mode=view&articleNo=190218&article.offset=300&articleLimit=100,"2020학년도1학기 공휴일과 관련하여 대체보강일을 안내하오니 재학생 여러분들은수업참석에 참고하시기 바랍니다.휴무일대체보강일지정사유4.15.(수)/21대 국회의원 선거온라인 수업 진행-고등교육법 시행령 제14조에 의거 학점 당 매학기15시간이상의 수업을 실시하도록 되어 있고,-교육부가 감사 등을 통하여 수업일수가 부족함에도(1학점 당15시간 이상)학점을 부여할 경우 이를 취소 조치하고 있으며,-국경일,개교기념일,기타 다른 규정에 의거 공휴일로 운영되는 수업일에 대해서는 대체보강일을 지정하여 운영하도록 하고,이에 대한 대책으로 보강일을 지정하여 운영4.30.(목)/부처님 오신 날5.1.(금)/개교기념일 휴무5.5.(화)/어린이날※휴무일의 실험.실습.실기강좌에 대한 수업은 자체보강 실시.※대체보강일에 온라인 수업을 운영하는 것은2020-1학기에 한함.※신종 코로나바이러스 추이에 따라 또는 교육부의 추가 조치사항이 있는 경우,학사일정은변경될 수 있음.-교무처장-",1.545061523,0,0.12371134,0,0,0.164948454,2.017958098,0
학사공지,438,439+학사지원실_2020-1학기 수강취소 안내,2020-1학기 수강취소 안내,학사지원실,2020-06-04,3180,https://www.jj.ac.kr/jj/community/notice02.do?mode=view&articleNo=190219&article.offset=300&articleLimit=100,,0,0,0,0,0,0,1.764705882,0
학사공지,437,445+학사지원실_2020학년도 2학기 전과 안내,2020학년도 2학기 전과 안내,학사지원실,2020-05-19,4067,https://www.jj.ac.kr/jj/community/notice02.do?mode=view&articleNo=190227&article.offset=300&articleLimit=100,"2020학년도 2학기 전과 안내1. 신청자격가. 2015학번 이전◦ 2학년 : 전입학기 개시일 현재 정규학기를 2회 이상 이수하고 35학점 이상 70학점 미만의 학점을 취득한 자◦ 3학년 : 전입학기 개시일 현재 정규학기를 4회 이상 이수하고 70학점 이상 105학점 미만의 학점을 취득한 자◦ 4학년 : 전입학기 개시일 현재 정규학기를 6회 이상 이수하고 105학점 이상의 학점을 취득한 자나. 2016학번 이후◦ 2학년 : 전입학기 개시일 현재 정규학기를 2회 이상 이수하고 33학점 이상 65학점 미만의 학점을 취득한 자◦ 3학년 : 전입학기 개시일 현재 정규학기를 4회 이상 이수하고 65학점 이상 98학점 미만의 학점을 취득한 자◦ 4학년 : 전입학기 개시일 현재 정규학기를 6회 이상 이수하고 98학점 이상의 학점을 취득한 자* 2020학년도 하계 계절학기 수강자의 경우 수강신청 학점을 포함하여 기준을 충족하면 신청할 수 있으나, 학점을 취득하지 못하는 경우는 신청 및 합격이 취소됨2. 전과 허용 범위◦ 학칙이 허용하는 범위 내에서 2학년 이상에 대하여 실시*전과는 재학생만 신청 가능(휴학생은 복학 후에 신청하여야 함)* 편입생은 4학년 전과 신청 가능3. 추진일정구분일시(기간)내용비고전과신청서 접수2020. 6. 29.(월) ~2020. 7. 16.(목) 17:00까지접수처: 학사지원실(스타센터 234호)필기.실기.면접 전형2020. 7. 21.(화)각 학과(전공)별 실시합격자 발표2020. 7. 28.(화) 15:00개별 통보합격자 등록추후 공지합격자 등록금 납부지정기간 내 미등록시 전과 합격이 취소됨4. 제출서류 및 접수처◦ 제출서류 :전과신청서 1부(붙임 2)◦ 접수처 :학사지원실(스타센터 234호)5. 유의사항◦ 추후 안내를 위해 신청서에 본인의 연락처를 정확히 기재◦전과는 재학기간 중 1회로 제한◦전과는 매 학기 시행하되 사범대학 및 보건계열학과(간호학과, 물리치료학과, 방사선학과, 보건관리학과, 작업치료학과)의 전과는 1학기에만 모집함◦ 장학금 포기 : 전과할 경우 장학규정 제6조에 의거, 2020학년도 2학기 성적장학금 혜택을 받지 못함◦ 전과 합격자는 지정된 등록기간 내에 전입학과 기준으로 등록금을 납부하여야 하며, 지정 기간 내 등록금 미납부시 합격이 취소됨(이 경우 2020학년도 2학기 성적장학금을 수혜받지 못함)◦ 교직이수자가 전과할 경우 교직이수가 취소됨◦ 전과포기 : 전과 합격자가 전과를 포기하고자 할 때 포기신청서를 작성하여 전과 후 첫 학기 수업일수 2/3이내에 단과대학 행정실에 제출※문의사항◦ 필기,실기,면접전형/교과과정 문의 : 각 학과 사무실◦ 신청방법/일정 문의 : 063-220-2083,2135,2136붙 임 : 1. 2020학년도 2학기 전과 모집요강 1부2. 전과신청서 1부",0.029090909,0.029090909,0.261818182,0.32,0.145454545,0.029090909,1.797575758,0
학사공지,436,444+학사지원실_도 하계 계절학기 학점교류 실시 안내,2020학년도 하계 계절학기 학점교류 실시 안내,학사지원실,2020-05-13,3192,https://www.jj.ac.kr/jj/community/notice02.do?mode=view&articleNo=190226&article.offset=300&articleLimit=100,"2020학년도하계 계절학기 학점교류 실시 안내국내대학 간 학점교류 협정에 의거하여2020학년도하계 계절학기 학점교류 학생을 다음과 같이 접수하오니 관심 있는 학생들의 많은 신청 바랍니다.교류대학신청기한수학 안내문다운신청자격연세대5. 15.(금)연세대학교3학년 이상으로4학기 이상 수료자로 직전학기까지의 총 평점평균3.0이상인 자고려대5. 20.(수)고려대학교제주대5. 15.(금)제주대학교2학년 이상으로2학기이상 수료자로 직전학기까지 총 평점평균3.0이상인 자전북대5. 20.(수)전북대학교군산대5. 15.(금)군산대학교원광대우석대6. 29.(월)우석대학교한국지역대학연합경남대계명대관동대아주대울산대5. 12.(화)울산대학교한남대6.18.(목)한남대학교호남대5. 28.(목)호남대학교전주비전대1학기 이상 이수한 자로 직전 학기까지의총 평점평균3.0이상인 자한일장신대1.신청방법:신청서를 학과 사무실에 제출(이수계획서는 학과사무실에서 작성)2.유의사항가.해당 대학의 원격수업만 수강하기를 권장함(코로나 감염 확산에 따른 이동 최소화)나.교류대학별로 추천기한이 상이하여 접수기간이 다른 점을 유의바람다.붙임 자료의 수학 안내문이 없는 대학의 경우 해당 대학에서 공문이 발송되지 않은 것이며,안내문이 없는 대학으로의 학점교류는 접수하는 대로 공지할 예정임라.이수 계획서에 기재된 과목이 아닌 다른 과목을 신청할 시에는 성적부여가 되지 않습니다.마.마지막 학기 학생은 신청불가3.문의:학사지원실(063-220-2134)또는 학과 사무실붙임1.학점교류 신청서1부.2.교류대학 과목 이수계획서1부.3.수학안내문 각1부.",0.025380711,0.025380711,1.288776086,0.203045685,0.076142132,0,1.288776086,0
학사공지,435,416+학사지원실_2019학년도 학위수여식 취소 안내,2019학년도 학위수여식 취소 안내,학사지원실,2020-05-02,2000,https://www.jj.ac.kr/jj/community/notice02.do?mode=view&articleNo=190193&article.offset=300&articleLimit=100,,0,0,1.5,0,0,0,1.5,0
학사공지,434,441+통합 관리자_년도 1학기 중간 강의평가 실시 안내,2020학년도 1학기 중간 강의평가 실시 안내,통합 관리자,2020-04-29,2075,https://www.jj.ac.kr/jj/community/notice02.do?mode=view&articleNo=190222&article.offset=300&articleLimit=100,,1.153846154,1.153846154,0,0,0,0,1.153846154,0
학사공지,433,440+학사지원실_20-1학기 성적 평가방법 변경 안내,[필독] 2020-1학기 성적 평가방법 변경 안내,학사지원실,2020-04-16,9558,https://www.jj.ac.kr/jj/community/notice02.do?mode=view&articleNo=190220&article.offset=300&articleLimit=100,,0,2.142857143,0,0,0,0,2.142857143,0
학사공지,432,497+학사지원실_0학년도 동계 계절수업 수강취소 안내,2020학년도 동계 계절수업 수강취소 안내,학사지원실,2020-04-12,1354,https://www.jj.ac.kr/jj/community/notice02.do?mode=view&articleNo=190281&article.offset=300&articleLimit=100,"2020학년도 동계 계절학기 수강취소에 대하여다음과 같이 안내하오니 수강 취소하려는 재학생은 참조하시기 바랍니다.1. 신청절차: 인스타 로그인 -> 학사관리 -> 수강신청내역 조회 -> 해당 교과목 수강 취소※수강 과목 등록 후, 부분 수강 취소(2과목 등록 후, 1과목 취소하는 경우)도 가능함2. 신청기간: ~ 2020. 12. 28.(월) 까지3. 등록금 환불 문의(재무지원실): 063-220-31104. 수강취소 문의(학사지원실): 063-220-21345. 등록금 환불기준사유 발생 시기반환 금액비 고개강 전전액환불~12.13.(일)까지개강 후 수업일수 1/3 이내납입금 2/3 반환~12.18.(금)까지개강 후 수업일수 2/3 이내납입금 1/3 반환~12.28.(월)까지개강 후 수업일수 2/3 초과반환하지 않음12.29.(화)이후수강취소 불가",1.485849057,0,0,0.330188679,0.094339623,0.188679245,1.391509434,0
학사공지,431,479+학사지원실_2020학년도 2학기 수강취소 안내,2020학년도 2학기 수강취소 안내,학사지원실,2020-04-09,2382,https://www.jj.ac.kr/jj/community/notice02.do?mode=view&articleNo=190263&article.offset=300&articleLimit=100,"2020학년도 2학기 수강취소 신청에 대하여 다음과 같이 안내하오니수강취소를 희망하는 재학생은 참고하여 기간 내 취소하여 주시기  바랍니다.1. 신청절차: 학생포털웹서비스(inSTAR) -> 학사관리 -> 수강신청 내역 조회 -> 수강 취소 희망 교과목 수강취소 신청2. 신청기간: 9. 7.(월) 11:00 ~ 9. 25.(금) 18:00 까지3. 수강취소 시 주의사항가. 수강취소는 최대 6학점 이내에서 가능나. 수강취소 처리 완료 후, 이를 번복하여 수강취소 신청 취소 불가다. 수강취소 처리 완료 후, 다른 과목으로 대체하여 수강신청 불가라.장학규정에 의한 성적장학생 선발 기준이 학기 기준 12학점 이상 취득자 이므로수강취소 신청 시 유의하여 취소 요망",0.161725067,0.053908356,0.107816712,0.431266846,0.107816712,0,1.715633423,0
학사공지,430,462+학사지원실_2020-2학기 수강신청 안내,2020-2학기 수강신청 안내,학사지원실,2020-04-08,12105,https://www.jj.ac.kr/jj/community/notice02.do?mode=view&articleNo=190245&article.offset=300&articleLimit=100,"* 2020학년도 2학기 수강신청 기간을 다음과 같이 안내하오니 참고하시기 바랍니다.1. 수강바구니 기간: 8.  5.(수) 11:00 ~ 8.  9.(일) 24:002. 장애대학생 수강신청 기간: 8. 12.(수) 11:00 ~ 8. 13.(목) 17:003. 재학생 수강신청 기간:  8. 19.(수) 11:00 ~ 8. 23.(일) 17:00가. 학번 끝자리가 짝수인 재학생: 8. 19.(수) 11:00 ~ 17:00나. 학번 끝자리가 홀수인 재학생: 8. 20.(목) 11:00 ~ 17:00다. 전체 재학생: 8. 21.(금) 11:00 ~ 8. 23.(일) 17:004. 폐강과목 공고: 8. 25(화) 15:00 본교 홈페이지 공지사항(학사)  게시 및 안내(※폐강과목 수강 학생에게 개인별 안내 및 공지 없음)5. 수강신청 정정기간:  8. 26.(수) 11:00 ~ 9. 4.(금) 18:006. RUCK 강좌 수강신청: 8. 31.(월) 11:00∼9. 4.(금) 18:00※ 직전학기 3.0이상만 수강신청 가능7. 수강취소 기간: 9. 7.(월) 11:00 ~ 9. 25(금) 18:00(6학점 이내만 취소 가능)8. 개설 교과목 시간표 확인:  7. 29.(수) 11:00 ~※ 인스타 로그인 - 학사관리 - 수업계획서(개설강좌) 조회 - 학과선택 - 조회(시간표는 수강신청 편람 아닌 인스타에서 확인 가능하며, 학과 사정에 따라 시간표가 변동될 수 있습니다.)9. 학과학년제한 해제: 8. 26.(수) 11:00~가. 해제 영역: 외국어, 인성, 의사소통, 소프트웨어, 기초, 채플, 기독교※ 핵심교양은 학과학년제한 해제에서 제외나. 교직: 1차(일부과목) 해제 8. 26.(수) 11:00∼ / 2차 해제 8. 31.(월) 11:00∼9. 4.(금)10. 문의전화가. 교양과목: 220-2008(외국어), 2009(인성), 2603(소프트웨어,의사소통), 3097(통합,핵심,자유교양)나. 교직: 220-2346(교육학과)다. 채플&기독교와문화(선교지원실): 220-2423, 2737,3149라. 수강신청 시스템(inSTAR): 220-2134(학사지원실)11. 붙임: 수강신청 FAQ 1부.",2.062103652,0,0.018587361,1.931992128,0.037174721,0,1.876230046,0
학사공지,429,437+통합 관리자_전공능력 성과관리 자기평가 실시 안내,[진로지도세미나 2주차] 2020학년도 전공능력 성과관리 자기평가 실시 안내,통합 관리자,2020-03-26,5908,https://www.jj.ac.kr/jj/community/notice02.do?mode=view&articleNo=190216&article.offset=300&articleLimit=100,,0,0.697674419,0,0,0,0,1.395348837,0
학사공지,428,436+학사지원실_의자료 무단 복제 및 배포 금지 안내,[필독] 강의자료 무단 복제 및 배포 금지 안내,학사지원실,2020-03-20,3302,https://www.jj.ac.kr/jj/community/notice02.do?mode=view&articleNo=190215&article.offset=300&articleLimit=100,,1.111111111,0,0,0,0,0,1.111111111,0
학사공지,427,435+학사지원실_1학기 1~6주차 온라인 수강 재안내,[필독] 2020-1학기 1~6주차 온라인 수강 재안내,학사지원실,2020-03-20,9809,https://www.jj.ac.kr/jj/community/notice02.do?mode=view&articleNo=190214&article.offset=300&articleLimit=100,,0,0,0,0,0,0,0.967741935,0
학사공지,426,434+사회봉사센터_정 및 변경사항 안내_3. 19.일자,[필독-수정]2020-1학기 사회봉사 교과목 운영 일정 및 변경사항 안내_3. 19.일자,사회봉사센터,2020-03-19,3202,https://www.jj.ac.kr/jj/community/notice02.do?mode=view&articleNo=190213&article.offset=300&articleLimit=100,,0.6,0,0,0,0,0.6,1.2,0
학사공지,425,432+통합 관리자_ 진단 실시 안내(재학생 전체 대상),2020학년도 SUPER 핵심역량 진단 실시 안내(재학생 전체 대상),통합 관리자,2020-03-18,4165,https://www.jj.ac.kr/jj/community/notice02.do?mode=view&articleNo=190211&article.offset=300&articleLimit=100,,0,0,0,0,0,0,0.769230769,0
학사공지,424,433+수퍼스타칼리지_랙 운영(2020학년도 신입생 기준),교양 교과목 트랙 운영(2020학년도 신입생 기준),수퍼스타칼리지,2020-03-18,2160,https://www.jj.ac.kr/jj/community/notice02.do?mode=view&articleNo=190212&article.offset=300&articleLimit=100,"2020학년도 1학기 수강 편람에 안내된 바와 같이 이번 학기부터 실행되는 교양 교과목 트랙을 다음과 같이 안내합니다.구 분A 트랙B 트랙1-1학기채플, 진로지도세미나, 외국어, 의사소통, 인성채플, 진로지도세미나,외국어, 소프트웨어, 자유교양1-2학기채플, 진로지도세미나,외국어, 소프트웨어, 자유교양채플, 진로지도세미나, 외국어, 의사소통, 인성2-1학기채플, 진로지도세미나, 기독교, 핵심교양 1채플, 진로지도세미나, 핵심교양 12-2학기채플, 진로지도세미나, 핵심교양 2채플, 진로지도세미나, 기독교, 핵심교양 2인문영미언어문화, 역사문화, 중국어중국일본언어문화, 한국문학, 경배와찬양사회과학법학, 경찰학, 행정문헌정보, 사회복지, 상담심리경영금융보험, 부동산, 회계세무경제, 경영학, 물류무역의과학방사선, 간호, 물리치료, 작업치료보건관리, 바이오식품, 환경생명, 재활, 운동처방공과소방안전, 정보통신, *토목환경, 탄소나노, *기계자동차산업공학, 건축학, *컴퓨터공학, *건축공학, *전기전자, *기계시스템문화융합게임콘텐츠, 스마트미디어, 공연방송연기, 음악예술심리치료, 경기지도, 생활체육, 산업디자인, 영화방송, 시각디자인문화관광관광경영, 호텔경영, 패션산업외식산업, 한식조리사범국어교육, 영어교육, 중등특수, 한문교육,수학교육, 과학교육, 가정교육미래융합창업경영금융, 문화콘텐츠, 농생명 ICT, 미래기술융합- *표시된 학과는ABEEK학과이므로ABEEK규정에 따라 수강-공과대학ABEEK학과는 인성 과목을1, 2학기 교차하여 수강위 표에서 본인 학과가 속한 트랙의 교양 교과목을 수강하면 됩니다.해당하는 트랙 외의 과목은 학과학년 제한 해제 이후에 여석에 따라 신청 가능합니다.",1.082272484,0,0,0.023894863,0,0,0.071684588,0
학사공지,423,431+학사지원실_인한 사이버캠퍼스 강좌 확인방법 안내,[필독](수정) 수강신청 정정으로 인한 사이버캠퍼스 강좌 확인방법 안내,학사지원실,2020-03-17,4616,https://www.jj.ac.kr/jj/community/notice02.do?mode=view&articleNo=190210&article.offset=300&articleLimit=100,,1.5,0,0,0.75,0,0,0.75,0
학사공지,422,430+융합교육지원센터_lege 연계.융합전공 이수신청 안내,2020학년도 1학기 Superstar College 연계.융합전공 이수신청 안내,융합교육지원센터,2020-03-16,1658,https://www.jj.ac.kr/jj/community/notice02.do?mode=view&articleNo=190209&article.offset=300&articleLimit=100,,0,0,0,0.652173913,0,0,0.652173913,0
학사공지,421,429+학사지원실_기 ‘채플’ 수업 원격강좌 시행 안내,2020-1학기 ‘채플’ 수업 원격강좌 시행 안내,학사지원실,2020-03-13,2927,https://www.jj.ac.kr/jj/community/notice02.do?mode=view&articleNo=190207&article.offset=300&articleLimit=100,,2.142857143,0,0,0,0,0,1.071428571,0
학사공지,420,490+학사지원실_2021학년도 1학기 전과 안내,2021학년도 1학기 전과 안내,학사지원실,2020-03-11,4258,https://www.jj.ac.kr/jj/community/notice02.do?mode=view&articleNo=190274&article.offset=300&articleLimit=100,"2021학년도 1학기 전과 안내1. 신청자격(현재소속)가. 일반 단과대학(2015학번 이전)◦ 2학년 : 전입학기 개시일 현재 정규학기를 2회 이상 이수하고 35학점 이상 70학점 미만의 학점을 취득한 자◦ 3학년 : 전입학기 개시일 현재 정규학기를 4회 이상 이수하고 70학점 이상 105학점 미만의 학점을 취득한 자◦ 4학년 : 전입학기 개시일 현재 정규학기를 6회 이상 이수하고 105학점 이상의 학점을 취득한 자나. 일반 단과대학(2016학번 이후)◦ 2학년 : 전입학기 개시일 현재 정규학기를 2회 이상 이수하고 33학점 이상 65학점 미만의 학점을 취득한 자◦ 3학년 : 전입학기 개시일 현재 정규학기를 4회 이상 이수하고 65학점 이상 98학점 미만의 학점을 취득한 자◦ 4학년 : 전입학기 개시일 현재 정규학기를 6회 이상 이수하고 98학점 이상의 학점을 취득한 자다. 미래융합대학◦ 2학년 : 전입학기 개시일 현재 정규학기를 2회 이상 이수하고 30학점 이상 60학점 미만의 학점을 취득한 자* 2020학년도 동계 계절학기 수강자의 경우 수강신청 학점을 포함하여 기준을 충족하면 신청할 수 있으나, 학점을 취득하지 못하는 경우는 신청 및 합격이 취소됨2. 전과 허용 범위◦ 학칙이 허용하는 범위 내에서 2학년 이상에 대하여 실시◦전과는 재학생만 신청 가능(휴학생은 복학 후에 신청하여야 함)◦ 편입생은 4학년 전과 신청 가능◦ 미래융합대학과 그 외 단과대학 상호 간의 전과는 불가함3. 추진일정구분일시(기간)내용비고전과신청서 접수2020. 12. 7.(월) ~ 12. 28.(월) 17:00까지접수처: 학사지원실(스타센터 234호)필기.실기.면접 전형2021. 1. 6.(수)각 학과(전공)별 실시전형실시 시각 및 장소는 추후 공지합격자 발표2021. 1. 20.(수) 15:00개별 통보합격자 등록추후 공지합격자 등록금 납부지정기간 내 미등록시 전과 합격이 취소됨4. 제출서류 및 접수처◦ 제출서류 :전과신청서 1부(붙임 2)◦ 접수처 :학사지원실(스타센터 234호)5. 유의사항◦ 추후 안내를 위해 신청서에 본인의 연락처를 정확히 기재◦전과는 신청자별로 1개의 모집단위에만 신청하되, 전과 횟수는 제한하지 않음◦전과는 매 학기 시행하되 사범대학 및 보건계열학과(간호학과, 물리치료학과, 방사선학과, 보건관리학과, 작업치료학과)의 전과는 1학기에만 모집함◦ 장학금 포기 : 전과할 경우 장학규정 제6조에 의거, 2021학년도 1학기 성적장학금 혜택을 받지 못함◦전과 합격자는 지정된 등록기간 내에 전입학과 기준으로 등록금을 납부하여야 하며, 지정 기간 내 등록금 미납부시 합격이 취소됨(이 경우 2021학년도 1학기 성적장학금을 수혜받지 못함)◦ 교직이수자가 전과할 경우 교직이수가 취소됨◦ 전과포기 : 전과 합격자가 전과를 포기하고자 할 때 전과 후 첫 학기 시작일 전까지 전과취소신청서를 작성하여 단과대학 행정실에 제출※문의사항◦ 필기, 실기, 면접전형/교과과정 문의: 각 학과 사무실학칙이 허용하는 범위 내에서 2학년 이상에 대하여 실시◦ 신청방법/일정 문의: 063-220-2083,2135,2136붙임: 1. 2021학년도 1학기 전과 모집요강 1부2. 전과신청서 1부교무처장",0.012738854,0.025477707,0.267515924,0.305732484,0.127388535,0.025477707,1.794055202,0
학사공지,419,478+수퍼스타칼리지_교양 교과목에 대한 재수강 신청 안내,폐지된 자유교양 및 핵심교양 교과목에 대한 재수강 신청 안내,수퍼스타칼리지,2020-03-09,1434,https://www.jj.ac.kr/jj/community/notice02.do?mode=view&articleNo=190262&article.offset=300&articleLimit=100,"폐지된 자유교양 및 핵심교양 교과목에 대한 재수강 신청 안내1. 시행제도: 폐지된 자유교양 및 핵심교양 교과목에 대해 재수강 신청2. 취지: 기존 자유교양 및 핵심교양 교과목 폐지 시, 대체과목이 지정되지 않아 재수강이 불가하였기에 폐지된 자유교양 및 핵심교양 과목의 재수강을 원하는 학생들의 수요를 반영하여 학생들의 성적 향상을 돕고자 함3. 폐지 자유교양 교과목 재수강 신청 조건: 2015학번부터는 C+ 이하 성적을 받은 폐지된 교과목에 한함4. 신청방법- 자유교양: 자유교양 교과목 수강신청 후 재수강 신청서를 개강 후 4주 이내(이번 학기 한정, 기존 2주 이내) 학사지원실에 제출- 핵심교양: 재수강을 원하는 교과목과 같은 영역 내에 개설된 다른 강좌를 선택하여수강신청 후 재수강 신청서를 개강 후 4주 이내(이번 학기 한정, 기존 2주 이내) 학사지원실에 제출(※ 수강신청 이전에 수퍼스타칼리지 교양학부 행정실(063-220-3097)로 연락하여 교과목 폐지여부에 대한 확인 필수)5. 적용시점: 자유교양-2019학년도 1학기 / 핵심교양-2020학년도 2학기6. 기타: 이외의 재수강 신청은 기본 방식과 동일(개별적인 수강신청)붙임 재수강 신청서 1부.",1.31713555,0.066889632,0,1.283690734,0.16722408,0.066889632,0.982687389,0
학사공지,418,447+학사지원실_2020학년도 하계 계절수업 안내,2020학년도 하계 계절수업 안내,학사지원실,2020-03-06,5521,https://www.jj.ac.kr/jj/community/notice02.do?mode=view&articleNo=190229&article.offset=300&articleLimit=100,"2020학년도 하계 계절수업을 다음과 같이 실시하오니 참고하시기 바랍니다.1. 주요일정구 분기 간비 고수강신청6.17.(수) 11:00 ~ 6.21.(일) 18:00폐강과목 공고6.22.(월) 15:00본교 홈페이지에 공고폐강과목수강신청 정정기간6.22.(월) 16:00 ~ 6.23.(화) 16:00폐강과목 수강신청자만정정이 가능수업료납부(등록기간)6.24.(수) ~ 6.26.(금) 16:00우리은행 영업시간 이내 납부수강취소6. 29(월) 11:00 ~ 7. 3.(금)  17:00계절수업 기간7.6.(월) ~ 7.24.(금)성적 입력 기간7.24(금) ~ 7.26.(일) 17:00성적 확인 기간7.27.(월) ~ 7.29.(수)2.운영방법:온라인 수업※온라인 수업 유형 중실시간 강의 진행 및 대면시험시행을 위하여시간표가 입력되어 있으니 참고하시기 바랍니다.3.평가방법:절대평가4.수업료: 1학점 당80,000원5.개설과목:붙임참조6.등록금 환불기준사유 발생 시기반환 금액비고개강 전전액 환불개강 후 수업일 수1/3이내납입금2/3반환개강 후 수업일 수2/3이내납입금1/3반환개강 후 수업일 수2/3초과반환하지 않음수강취소 불가7.유의사항가.등록일자 엄수 요망: 6월26일까지 등록금을 납부하지 않은 자의 수강신청 내역은 무효 처리함나.채플은8학기 이상 이수자(건축학과10학기 이상)중에서 채플 미패스자만 수강신청 가능다.일반학생은 수강신청 정정할 수 없으며,폐강과목 수강신청자에 한해서 정정이 가능함8.문의:계절수업 관련사항(063-220-)가.교양:교양학부4648, 3097나.융합전공:융합학부2821, 2823다.채플:선교지원실2423라.수업료 납부 및 환불:재무지원실3110마.원격강좌 수업:교수학습개발센터2928바.총괄:학사지원실2134붙임 1.2020학년도 하계 계절수업 개설 교과목 현황 1부.2. 교양 교과목 시간표1부.",2.14416476,0.108695652,0.02173913,0.239130435,0.065217391,0.108695652,1.622425629,0
학사공지,417,423+학사지원실_년도 1학기 신/편입생 수강신청 안내,2020학년도 1학기 신/편입생 수강신청 안내,학사지원실,2020-02-27,8772,https://www.jj.ac.kr/jj/community/notice02.do?mode=view&articleNo=190200&article.offset=300&articleLimit=100,,1.153846154,0,0,2.307692308,0,0,1.153846154,0
학사공지,416,422+학사지원실_안내(03.04.~03.15.) 연장,2020학년도 신/편입생 학생증 신청 안내(03.04.~03.15.) 연장,학사지원실,2020-02-27,10705,https://www.jj.ac.kr/jj/community/notice02.do?mode=view&articleNo=190199&article.offset=300&articleLimit=100,,0,0,0,1.428571429,0,0,0.714285714,0
학사공지,415,421+학사지원실_20학년도 신/편입생 학번 조회 안내,2020학년도 신/편입생 학번 조회 안내,학사지원실,2020-02-27,11365,https://www.jj.ac.kr/jj/community/notice02.do?mode=view&articleNo=190198&article.offset=300&articleLimit=100,,0,0,0,1.304347826,0,0,1.304347826,0
학사공지,414,420+학사지원실_년도 1학기 재입학 합격자 등록 안내,2020학년도 1학기 재입학 합격자 등록 안내,학사지원실,2020-02-18,1281,https://www.jj.ac.kr/jj/community/notice02.do?mode=view&articleNo=190197&article.offset=300&articleLimit=100,,0,0,0,1.153846154,0,0,1.153846154,0
학사공지,413,419+학사지원실_ 수강신청 정정기간 변경 안내(수정),2020-1학기 수강신청 정정기간 변경 안내(수정),학사지원실,2020-02-13,6140,https://www.jj.ac.kr/jj/community/notice02.do?mode=view&articleNo=190196&article.offset=300&articleLimit=100,,1.034482759,0,0,1.034482759,0,0,2.068965517,0
학사공지,412,446+융합교육지원센터_연계‧융합전공 이수 및 변경신청 안내,2020학년도 1학기 Superstar College 연계‧융합전공 이수 및 변경신청 안내,융합교육지원센터,2020-02-06,1304,https://www.jj.ac.kr/jj/community/notice02.do?mode=view&articleNo=190228&article.offset=300&articleLimit=100,"2020학년도1학기Superstar College연계‧융합전공 이수 및 변경신청관련하여 안내드립니다.재학생 여러분의 많은 관심과 신청 바랍니다.1.신청 관련 안내1)신청자격:신(편)입학 후2학기 이상 등록한 자2)신청기간:6. 8.(월)~6. 21.(일)/매 학기12-13주차 진행3)신청절차: inSTAR를 통해 신청→신청기간이 끝난 후융합교육지원센터의 승인→이수 가능(세부적인 신청 방법은 첨부파일 참조)2.연계‧융합전공 관련 안내1)연계‧융합전공 이수 기준구분복수(부)전공총이수학점주전공중복인정 학점융합전공신설학점ⓐ참여전공이수학점ⓑ기타이수학점ⓐorⓑ연계전공복수전공36학점15학점 이내-21학점 이상-융합전공복수전공36학점12학점 이내12학점 이상9학점 이상3학점부전공21학점6학점 이내9학점 이상3학점 이상3학점2)연계‧융합전공별 소개:http://www.jj.ac.kr/sc홈페이지의 전공별 안내자료 참고3)이수 관련 문의:교육혁신본부 융합교육지원센터(대학본관228호/ 063.220.2821-4)3.연계‧융합전공 현황 안내연계전공융합전공독서‧논술교육경영법학사회적경제벤처창업국토정보학스마트팜보육학농생명-ICT스토리미디어식품영양학대물차량손해사정탄소융합일본IT융합라이프스타일기획Food R&BD중국비즈니스보컬퍼포먼스Korean Studeis4. 기타안내:연계‧융합전공 이수 승인이 되지 않았더라도,관련 교과목의 수강신청이 가능하며,연계‧융합전공 해당 교과목이라면 전공 이수 전에 수강한 교과목도 인정 가능-교육혁신본부 융합교육지원센터-",0.106666667,0,0.48,0.881568627,0.08,0,1.389803922,0
학사공지,411,424+학사지원실_2020-1학기 특별학점 신청 안내,2020-1학기 특별학점 신청 안내,학사지원실,2020-02-03,1607,https://www.jj.ac.kr/jj/community/notice02.do?mode=view&articleNo=190201&article.offset=300&articleLimit=100,,0,0,1.5,1.5,0,0,1.5,0
학사공지,410,425+학사지원실_20-1학기 출석인정(취업사유) 안내,2020-1학기 출석인정(취업사유) 안내,학사지원실,2020-02-03,2292,https://www.jj.ac.kr/jj/community/notice02.do?mode=view&articleNo=190203&article.offset=300&articleLimit=100,,0,0,1.304347826,0,0,0,1.304347826,0
학사공지,409,415+학사지원실_019학년도 전기 졸업사정 결과 확인,2019학년도 전기 졸업사정 결과 확인,학사지원실,2020-01-31,2192,https://www.jj.ac.kr/jj/community/notice02.do?mode=view&articleNo=190192&article.offset=300&articleLimit=100,,0,0,1.363636364,0,0,0,0,0
학사공지,408,414+기초융합교육원_20-1학기 교양 교과목 시간표 안내,2020-1학기 교양 교과목 시간표 안내,기초융합교육원,2020-01-29,3492,https://www.jj.ac.kr/jj/community/notice02.do?mode=view&articleNo=190191&article.offset=300&articleLimit=100,,2.608695652,0,0,0,0,0,1.304347826,0
학사공지,407,413+사회봉사센터_사교과목 수강신청 및 변경 사항 안내,[4차 수정 게시-필독] 2020-1학기 사회봉사교과목 수강신청 및 변경 사항 안내,사회봉사센터,2020-01-28,2483,https://www.jj.ac.kr/jj/community/notice02.do?mode=view&articleNo=190190&article.offset=300&articleLimit=100,,1.276595745,0,0,0.638297872,0,0,1.276595745,0
학사공지,406,412+기초융합교육원_및 이전 입학자에 대한 경과규정 안내,수정공지(외국어 수강신청 안내)교양 교육과정 개선에 따른 2019학번 및 이전 입학자에 대한 경과규정 안내,기초융합교육원,2020-01-28,4924,https://www.jj.ac.kr/jj/community/notice02.do?mode=view&articleNo=190189&article.offset=300&articleLimit=100,,0.5,0,0,0.5,0,0,1.5,0
학사공지,405,411+학사지원실_020학년도 1학기 전과 합격자 안내,2020학년도 1학기 전과 합격자 안내,학사지원실,2020-01-20,2089,https://www.jj.ac.kr/jj/community/notice02.do?mode=view&articleNo=190188&article.offset=300&articleLimit=100,,0,0,0,0,0,0,1.363636364,0
학사공지,404,410+학사지원실_20학년도 1학기 학점교류 실시 안내,2020학년도 1학기 학점교류 실시 안내,학사지원실,2020-01-20,1696,https://www.jj.ac.kr/jj/community/notice02.do?mode=view&articleNo=190187&article.offset=400&articleLimit=100,,0,0,1.304347826,0,0,0,1.304347826,0
학사공지,403,409+학사지원실_계절학기 성적 공개 및 이의신청 안내,2019학년도 동계 계절학기 성적 공개 및 이의신청 안내,학사지원실,2020-01-17,1014,https://www.jj.ac.kr/jj/community/notice02.do?mode=view&articleNo=190186&article.offset=400&articleLimit=100,,0,0.9375,0,0.9375,0,0,0.9375,0
학사공지,402,408+기초융합교육원_따른 교양 대체동일 교과목 지정 안내,교양교육과정 개편에 따른 교양 대체동일 교과목 지정 안내,기초융합교육원,2020-01-14,2129,https://www.jj.ac.kr/jj/community/notice02.do?mode=view&articleNo=190185&article.offset=400&articleLimit=100,,0.9375,0,0,0,0,0,0.9375,0
학사공지,401,496+학사지원실_폐강과목 안내 및 수강신청 정정 안내,2020학년도 동계 계절수업 폐강과목 안내 및 수강신청 정정 안내,학사지원실,2020-01-12,1550,https://www.jj.ac.kr/jj/community/notice02.do?mode=view&articleNo=190280&article.offset=300&articleLimit=100,"2020학년도 동계 계절수업 폐강과목 및 수강신청 정정 안내2020학년도 동계 계절수업 폐강과목을 다음과 같이 공고하오니폐강과목 수강 신청자는 아래 사항을 참고하여 수강신청 정정하여 주시기 바랍니다.1. 폐강 과목: 총9개 과목(붙임 파일 참조)2. 폐강과목 수강신청 정정기간: 12. 01(화) 16:00부터 ~ 12. 02.(수) 16:00까지※수강신청 정정기간 이후 수강신청 정정 불가3. 유의사항가.폐강과목 수강 신청자에 한해 수강과목 정정 신청 가능함나. 폐강과목 수강 신청 정정 방법: 인스타-수강신청-수강과목 정정 신청다.수강신청 정정 기간 내 폐강 과목 미변경 시 수강신청 포기로 간주함4. 폐강과목 관련 문의가. 교양과목: 교양학부(063-220-4648, 3097, 2008, 2603)나. 기타과목: 학사지원실(063-220-2134)",2.09443486,0,0,1.425468021,0.047281324,0,1.763465593,0
학사공지,400,477+학사지원실_년도 2학기 출석인정(일반공결) 안내,2020학년도 2학기 출석인정(일반공결) 안내,학사지원실,2020-01-09,3114,https://www.jj.ac.kr/jj/community/notice02.do?mode=view&articleNo=190261&article.offset=300&articleLimit=100,"2020학년도2학기 출석인정(일반공결)안내출석인정(공결)신청방법에 대한 안내입니다.1.인스타(https://instar.jj.ac.kr/)에 로그인2.학사관리→출석인정신청 선택(아래 그림을 참고하시기 바랍니다.)3.「신규」버튼을 클릭한 후 신청구분에서 해당 사유 선택가.교육과정으로 운영되는 현장실습...선택 시 우측 사유구분을 선택나.가족(민법 제779조..)이 사망한 경우 선택 시 우측 사유구분을 선택(해당 선택에 있는 경우만 처리 가능)4.결석일시:해당사유로 처리해야 하는 시작일시부터 종료일시까지 입력※하나의 사유로 여러 번 신청하지 마세요.(3일의 경우:예]시작일시: 2020-09-14 09:00종료일시: 2020-09-16 20:00까지 입력하여 한 건으로 입력하세요)5.신청상세사유:해당 사유를 상세하게 입력하세요.6.신청절차-입력자료 확인 후""저장""버튼 클릭→""출석인정요청서""의""출력""버튼 클릭하여 출력→""출석인정요청서""의 서명 후→소속학과 사무실에 증빙서류와 함께 제출7. 유의사항: 원격강좌는 정상 수강해야 함붙임: 출석인정(일반공결)신청 안내1부.-교무처장-",0.036363636,0,0,0.254545455,0,0,1.444755245,0
학사공지,399,406+학사지원실_20학년도 1학기 휴·복학 신청 안내,2020학년도 1학기 휴·복학 신청 안내,학사지원실,2019-12-27,6768,https://www.jj.ac.kr/jj/community/notice02.do?mode=view&articleNo=190183&article.offset=400&articleLimit=100,,0,0,0,2.608695652,0,0,1.304347826,0
학사공지,398,405+학사지원실_동계 계절학기 취업사유 출석인정 안내,2019학년도 동계 계절학기 취업사유 출석인정 안내,학사지원실,2019-12-26,1199,https://www.jj.ac.kr/jj/community/notice02.do?mode=view&articleNo=190182&article.offset=400&articleLimit=100,,0,0,1.034482759,0,0,0,1.034482759,0
학사공지,397,404+학사지원실_기 성적&석차 공개 및 이의신청 안내,2019학년도 2학기 성적&석차 공개 및 이의신청 안내,학사지원실,2019-12-23,3436,https://www.jj.ac.kr/jj/community/notice02.do?mode=view&articleNo=190181&article.offset=400&articleLimit=100,,0,0.967741935,0,0.967741935,0,0,0.967741935,0
학사공지,396,403+학사지원실_ 1학기 학사학위취득 유예 신청 안내,2020학년도 1학기 학사학위취득 유예 신청 안내,학사지원실,2019-12-12,1941,https://www.jj.ac.kr/jj/community/notice02.do?mode=view&articleNo=190180&article.offset=400&articleLimit=100,,0,0,1.071428571,1.071428571,0,0,1.071428571,0
학사공지,395,376+학사지원실_2018학년도 후기 졸업일 안내,2018학년도 후기 졸업일 안내,학사지원실,2019-12-08,1362,https://www.jj.ac.kr/jj/community/notice02.do?mode=view&articleNo=190153&article.offset=400&articleLimit=100,,0,0,1.666666667,0,0,0,1.666666667,0
학사공지,394,365+학사지원실_9학년도 하계 계절학기 수강취소 안내,2019학년도 하계 계절학기 수강취소 안내,학사지원실,2019-12-06,1502,https://www.jj.ac.kr/jj/community/notice02.do?mode=view&articleNo=190142&article.offset=400&articleLimit=100,,0,0,0,0,0,0,1.25,0
학사공지,393,400+융합교육지원센터_lege 연계‧융합전공 이수신청 안내,2019학년도 2학기 13-14주차 Superstar College 연계‧융합전공 이수신청 안내,융합교육지원센터,2019-11-29,1523,https://www.jj.ac.kr/jj/community/notice02.do?mode=view&articleNo=190177&article.offset=400&articleLimit=100,,0,0,0,0.555555556,0,0,0.555555556,0
학사공지,392,398+학사지원실_도 휴학 신청 기간 변경(최종) 안내,2020학년도 휴학 신청 기간 변경(최종) 안내,학사지원실,2019-11-25,4975,https://www.jj.ac.kr/jj/community/notice02.do?mode=view&articleNo=190175&article.offset=400&articleLimit=100,,0,0,0,2.222222222,0,0,2.222222222,0
학사공지,391,399+학사지원실_학년도 동계 계절수업 안내(기간변경),2019학년도 동계 계절수업 안내(기간변경),학사지원실,2019-11-25,3707,https://www.jj.ac.kr/jj/community/notice02.do?mode=view&articleNo=190176&article.offset=400&articleLimit=100,,1.2,0,0,0,0,0,2.4,0
학사공지,390,396+통합 관리자_기 중간 강의평가 이벤트 당첨자 발표,2019학년도 2학기 중간 강의평가 이벤트 당첨자 발표,통합 관리자,2019-11-13,1355,https://www.jj.ac.kr/jj/community/notice02.do?mode=view&articleNo=190173&article.offset=400&articleLimit=100,,0.967741935,0.967741935,0,0,0,0,0,0
학사공지,389,397+학사지원실_2020학년도 1학기 전과 안내,2020학년도 1학기 전과 안내,학사지원실,2019-11-13,4252,https://www.jj.ac.kr/jj/community/notice02.do?mode=view&articleNo=190174&article.offset=400&articleLimit=100,,0,0,0,0,0,0,1.666666667,0
학사공지,388,395+학사지원실_동계 계절학기 국내대학 학점교류 안내,2019학년도 동계 계절학기 국내대학 학점교류 안내,학사지원실,2019-10-28,1671,https://www.jj.ac.kr/jj/community/notice02.do?mode=view&articleNo=190172&article.offset=400&articleLimit=100,,0,0,1.034482759,0,0,0,1.034482759,0
학사공지,387,363+학사지원실_9학년도 하계 계절수업 폐강과목 안내,2019학년도 하계 계절수업 폐강과목 안내,학사지원실,2019-10-06,1494,https://www.jj.ac.kr/jj/community/notice02.do?mode=view&articleNo=190140&article.offset=400&articleLimit=100,,1.25,0,0,0,0,0,1.25,0
학사공지,386,362+학사지원실_2019학년도 2학기 재입학 안내,2019학년도 2학기 재입학 안내,학사지원실,2019-10-06,1760,https://www.jj.ac.kr/jj/community/notice02.do?mode=view&articleNo=190139&article.offset=400&articleLimit=100,,0,0,0,0,0,0,1.578947368,0
학사공지,385,364+학사지원실_하계 계절학기 취업사유 출석인정 안내,2019학년도 하계 계절학기 취업사유 출석인정 안내,학사지원실,2019-10-06,1235,https://www.jj.ac.kr/jj/community/notice02.do?mode=view&articleNo=190141&article.offset=400&articleLimit=100,,0,0,1.034482759,0,0,0,1.034482759,0
학사공지,384,393+학사지원실_2019-2학기 특별학점 신청 안내,2019-2학기 특별학점 신청 안내,학사지원실,2019-09-23,2487,https://www.jj.ac.kr/jj/community/notice02.do?mode=view&articleNo=190170&article.offset=400&articleLimit=100,,0,0,1.5,1.5,0,0,1.5,0
학사공지,383,402+학사지원실_수업 폐강과목 안내 및 수강정정 안내,2019학년도 동계 계절수업 폐강과목 안내 및 수강정정 안내,학사지원실,2019-09-12,1700,https://www.jj.ac.kr/jj/community/notice02.do?mode=view&articleNo=190179&article.offset=400&articleLimit=100,,0.882352941,0,0,0,0,0,1.764705882,0
학사공지,382,392+학사지원실_2019-2학기 수강취소 안내,2019-2학기 수강취소 안내,학사지원실,2019-09-09,1613,https://www.jj.ac.kr/jj/community/notice02.do?mode=view&articleNo=190169&article.offset=400&articleLimit=100,,0,0,0,0,0,0,1.764705882,0
학사공지,381,390+기초융합교육원_학년도 2학기 폐강 교양 교과목 안내,2019학년도 2학기 폐강 교양 교과목 안내,기초융합교육원,2019-08-30,1715,https://www.jj.ac.kr/jj/community/notice02.do?mode=view&articleNo=190167&article.offset=400&articleLimit=100,,1.2,0,0,0,0,0,1.2,0
학사공지,380,386+학사지원실_2019-2학기 대체보강일 안내,2019-2학기 대체보강일 안내,학사지원실,2019-08-28,4173,https://www.jj.ac.kr/jj/community/notice02.do?mode=view&articleNo=190163&article.offset=400&articleLimit=100,,1.666666667,0,0,0,0,0,1.666666667,0
학사공지,379,387+학사지원실_과목 성적 처리방법 변경) 사전 안내,학사제도(5명 미만 교직 교과목 성적 처리방법 변경) 사전 안내,학사지원실,2019-08-28,1076,https://www.jj.ac.kr/jj/community/notice02.do?mode=view&articleNo=190164&article.offset=400&articleLimit=100,,0.833333333,0.833333333,0,0,0,0,2.5,0
학사공지,378,388+학사지원실_ 수강신청 제한학점 변경) 사전 안내,학사제도(학사경고자 수강신청 제한학점 변경) 사전 안내,학사지원실,2019-08-28,1301,https://www.jj.ac.kr/jj/community/notice02.do?mode=view&articleNo=190165&article.offset=400&articleLimit=100,,0.967741935,0,0.967741935,0.967741935,0,0,1.935483871,0
학사공지,377,389+학사지원실_대체학점 인정 기준 변경) 사전 안내,학사제도(편입생 채플 대체학점 인정 기준 변경) 사전 안내,학사지원실,2019-08-28,1434,https://www.jj.ac.kr/jj/community/notice02.do?mode=view&articleNo=190166&article.offset=400&articleLimit=100,,0,0,0.909090909,0.909090909,0,0,1.818181818,0
학사공지,376,384+학사지원실_학년도 2학기 취업사유 출석인정 안내,2019학년도 2학기 취업사유 출석인정 안내,학사지원실,2019-08-27,1346,https://www.jj.ac.kr/jj/community/notice02.do?mode=view&articleNo=190161&article.offset=400&articleLimit=100,,0,0,1.2,0,0,0,1.2,0
학사공지,375,385+학사지원실_(공결) 시 시험 결시제도 시행 안내,출석인정(공결) 시 시험 결시제도 시행 안내,학사지원실,2019-08-27,1155,https://www.jj.ac.kr/jj/community/notice02.do?mode=view&articleNo=190162&article.offset=400&articleLimit=100,,0,1.2,0,0,0,0,1.2,0
학사공지,374,380+기초융합교육원_정정 상담 안내(8. 26.~27.),기초융합교육원 하계 워크숍으로 인한 수강신청 정정 상담 안내(8. 26.~27.),기초융합교육원,2019-08-26,770,https://www.jj.ac.kr/jj/community/notice02.do?mode=view&articleNo=190157&article.offset=400&articleLimit=100,,0.652173913,0,0,0.652173913,0,0,0.652173913,0
학사공지,373,383+학사지원실_2020년 2월) 조기졸업 신청 안내,2019학년도 전기(2020년 2월) 조기졸업 신청 안내,학사지원실,2019-08-26,982,https://www.jj.ac.kr/jj/community/notice02.do?mode=view&articleNo=190160&article.offset=400&articleLimit=100,,0,0,1.875,0.9375,0,0,0.9375,0
학사공지,372,381+학사지원실_채플 학점 부여 안내,채플 학점 부여 안내,학사지원실,2019-08-26,1863,https://www.jj.ac.kr/jj/community/notice02.do?mode=view&articleNo=190158&article.offset=400&articleLimit=100,,0,0,2.5,0,0,0,2.5,0
학사공지,371,382+학사지원실_졸업예정증명서 발급기준 변경 안내,졸업예정증명서 발급기준 변경 안내,학사지원실,2019-08-26,1296,https://www.jj.ac.kr/jj/community/notice02.do?mode=view&articleNo=190159&article.offset=400&articleLimit=100,,0,0,1.578947368,0,0,0,3.157894737,0
학사공지,370,379+학사지원실_년도 2학기 재입학 합격자 등록 안내,2019학년도 2학기 재입학 합격자 등록 안내,학사지원실,2019-08-20,1103,https://www.jj.ac.kr/jj/community/notice02.do?mode=view&articleNo=190156&article.offset=400&articleLimit=100,,0,0,0,1.153846154,0,0,1.153846154,0
학사공지,369,"378+학사지원실_강 교과목(기초, 전공, 교직) 안내","2019학년도 2학기 폐강 교과목(기초, 전공, 교직) 안내",학사지원실,2019-08-14,1835,https://www.jj.ac.kr/jj/community/notice02.do?mode=view&articleNo=190155&article.offset=400&articleLimit=100,,0.882352941,0,0,0,0,0,0.882352941,0
학사공지,368,377+학사지원실_UCK) 및 원광대학교 개설강좌 안내,2019-2학기 한국지역대학연합(RUCK) 및 원광대학교 개설강좌 안내,학사지원실,2019-08-13,1896,https://www.jj.ac.kr/jj/community/notice02.do?mode=view&articleNo=190154&article.offset=400&articleLimit=100,,0.75,0,0,0,0,0,0.75,0
학사공지,367,348+학사지원실_신/편입생 학생증 신청 안내 (연장),2019학년도 신/편입생 학생증 신청 안내 (연장),학사지원실,2019-08-03,1960,https://www.jj.ac.kr/jj/community/notice02.do?mode=view&articleNo=190125&article.offset=400&articleLimit=100,,0,0,0,2.068965517,0,0,1.034482759,0
학사공지,366,374+학사지원실_019학년도 2학기 전과 합격자 안내,2019학년도 2학기 전과 합격자 안내,학사지원실,2019-07-18,2140,https://www.jj.ac.kr/jj/community/notice02.do?mode=view&articleNo=190151&article.offset=400&articleLimit=100,,0,0,0,0,0,0,1.363636364,0
학사공지,365,372+학사지원실_계절학기 성적 공개 및 이의신청 안내,2019학년도 하계 계절학기 성적 공개 및 이의신청 안내,학사지원실,2019-07-17,1318,https://www.jj.ac.kr/jj/community/notice02.do?mode=view&articleNo=190149&article.offset=400&articleLimit=100,,0,0.9375,0,0.9375,0,0,0.9375,0
학사공지,364,373+학사지원실_2019-2학기 수강신청 안내,2019-2학기 수강신청 안내,학사지원실,2019-07-17,8889,https://www.jj.ac.kr/jj/community/notice02.do?mode=view&articleNo=190150&article.offset=400&articleLimit=100,,1.764705882,0,0,1.764705882,0,0,1.764705882,0
학사공지,363,371+학사지원실_19학년도 2학기 학점교류 실시 안내,2019학년도 2학기 학점교류 실시 안내,학사지원실,2019-07-16,1380,https://www.jj.ac.kr/jj/community/notice02.do?mode=view&articleNo=190148&article.offset=400&articleLimit=100,,0,0,1.304347826,0,0,0,1.304347826,0
학사공지,362,370+학사지원실_2019-2학기 수강바구니 기간 안내,2019-2학기 수강바구니 기간 안내,학사지원실,2019-07-15,2169,https://www.jj.ac.kr/jj/community/notice02.do?mode=view&articleNo=190147&article.offset=400&articleLimit=100,,0,0,0,0,0,0,1.428571429,0
학사공지,361,367+학사지원실_ 2학기 학사학위취득 유예 신청 안내,2019학년도 2학기 학사학위취득 유예 신청 안내,학사지원실,2019-06-20,1678,https://www.jj.ac.kr/jj/community/notice02.do?mode=view&articleNo=190144&article.offset=400&articleLimit=100,,0,0,1.071428571,1.071428571,0,0,1.071428571,0
학사공지,360,366+통합 관리자_학기 학석사 연계과정 선발 계획 안내,2019학년도 2학기 학석사 연계과정 선발 계획 안내,통합 관리자,2019-06-19,1256,https://www.jj.ac.kr/jj/community/notice02.do?mode=view&articleNo=190143&article.offset=400&articleLimit=100,,0,0,0,0,1,0,1,0
학사공지,359,347+기초융합교육원_학년도 1학기 폐강 교양 교과목 안내,2019학년도 1학기 폐강 교양 교과목 안내,기초융합교육원,2019-06-03,1681,https://www.jj.ac.kr/jj/community/notice02.do?mode=view&articleNo=190124&article.offset=400&articleLimit=100,,1.2,0,0,0,0,0,1.2,0
학사공지,358,361+융합교육지원센터_lege 연계‧융합전공 이수신청 안내,2019학년도 1학기 Superstar College 연계‧융합전공 이수신청 안내,융합교육지원센터,2019-05-31,1686,https://www.jj.ac.kr/jj/community/notice02.do?mode=view&articleNo=190138&article.offset=400&articleLimit=100,,0,0,0,0.652173913,0,0,0.652173913,0
학사공지,357,360+기초융합교육원_등급별 수강 가능한 외국어 과목 안내,영어 등급별 수강 가능한 외국어 과목 안내,기초융합교육원,2019-05-21,1525,https://www.jj.ac.kr/jj/community/notice02.do?mode=view&articleNo=190137&article.offset=400&articleLimit=100,,0,0,0,0,0,0,1.25,0
학사공지,356,359+학사지원실_2019학년도 하계 계절수업 안내,2019학년도 하계 계절수업 안내,학사지원실,2019-05-21,3965,https://www.jj.ac.kr/jj/community/notice02.do?mode=view&articleNo=190136&article.offset=400&articleLimit=100,,1.578947368,0,0,0,0,0,1.578947368,0
학사공지,355,358+학사지원실_2019학년도 2학기 전과 안내,2019학년도 2학기 전과 안내,학사지원실,2019-05-20,2917,https://www.jj.ac.kr/jj/community/notice02.do?mode=view&articleNo=190135&article.offset=400&articleLimit=100,,0,0,0,0,0,0,1.666666667,0
학사공지,354,356+학사지원실_도 하계 계절학기 학점교류 실시 안내,대학 e-러닝 2019학년도 하계 계절학기 학점교류 실시 안내,학사지원실,2019-05-14,1282,https://www.jj.ac.kr/jj/community/notice02.do?mode=view&articleNo=190133&article.offset=400&articleLimit=100,,0,0,0.857142857,0,0,0,0.857142857,0
학사공지,353,357+학사지원실_적표 우편발송 종료) 변경 사전 안내,학사제도(성적표 우편발송 종료) 변경 사전 안내,학사지원실,2019-05-14,1592,https://www.jj.ac.kr/jj/community/notice02.do?mode=view&articleNo=190134&article.offset=400&articleLimit=100,,0,1.111111111,0,0,0,0,2.222222222,0
학사공지,352,353+학사지원실_ 수강신청 제한학점) 변경 사전 안내,학사제도(ROTC 후보생 수강신청 제한학점) 변경 사전 안내,학사지원실,2019-05-13,766,https://www.jj.ac.kr/jj/community/notice02.do?mode=view&articleNo=190130&article.offset=400&articleLimit=100,,0.882352941,0,0.882352941,0.882352941,0,0,1.764705882,0
학사공지,351,354+학사지원실_절대평가 과목 추가) 변경 사전 안내,학사제도(성적처리 절대평가 과목 추가) 변경 사전 안내,학사지원실,2019-05-13,1100,https://www.jj.ac.kr/jj/community/notice02.do?mode=view&articleNo=190131&article.offset=400&articleLimit=100,,0,1.935483871,0,0,0,0,2.903225806,0
학사공지,350,352+학사지원실_학 및 편입생 휴학) 변경 사전 안내,학사제도(일반 휴학 및 편입생 휴학) 변경 사전 안내,학사지원실,2019-05-13,1160,https://www.jj.ac.kr/jj/community/notice02.do?mode=view&articleNo=190129&article.offset=400&articleLimit=100,,0,0,0,3,0,0,2,0
학사공지,349,355+학사지원실_인정학점 처리 절차) 변경 사전 안내,학사제도(편입생 인정학점 처리 절차) 변경 사전 안내,학사지원실,2019-05-13,1225,https://www.jj.ac.kr/jj/community/notice02.do?mode=view&articleNo=190132&article.offset=400&articleLimit=100,,0,0,1,1,0,0,3,0
학사공지,348,391+융합교육지원센터_lege 연계‧융합전공 이수신청 안내,2019학년도 2학기 1-2주차 Superstar College 연계‧융합전공 이수신청 안내,융합교육지원센터,2019-05-09,1627,https://www.jj.ac.kr/jj/community/notice02.do?mode=view&articleNo=190168&article.offset=400&articleLimit=100,,0,0,0,0.576923077,0,0,0.576923077,0
학사공지,347,375+학사지원실_018학년도 후기 졸업사정 결과 확인,2018학년도 후기 졸업사정 결과 확인,학사지원실,2019-05-08,1357,https://www.jj.ac.kr/jj/community/notice02.do?mode=view&articleNo=190152&article.offset=400&articleLimit=100,,0,0,1.363636364,0,0,0,0,0
학사공지,346,369+학사지원실_19학년도 2학기 휴·복학 신청 안내,2019학년도 2학기 휴·복학 신청 안내,학사지원실,2019-05-07,5053,https://www.jj.ac.kr/jj/community/notice02.do?mode=view&articleNo=190146&article.offset=400&articleLimit=100,,0,0,0,2.608695652,0,0,1.304347826,0
학사공지,345,346+학사지원실_2019년 8월) 조기졸업 신청 안내,2018학년도 후기(2019년 8월) 조기졸업 신청 안내,학사지원실,2019-05-03,1474,https://www.jj.ac.kr/jj/community/notice02.do?mode=view&articleNo=190123&article.offset=400&articleLimit=100,,0,0,1.875,0.9375,0,0,0.9375,0
학사공지,344,350+학사지원실_하계 계절학기 국내대학 학점교류 안내,2019학년도 하계 계절학기 국내대학 학점교류 안내,학사지원실,2019-04-19,2456,https://www.jj.ac.kr/jj/community/notice02.do?mode=view&articleNo=190128&article.offset=400&articleLimit=100,,0,0,1.034482759,0,0,0,1.034482759,0
학사공지,343,351+학사지원실_2019학년도 1학기 대체보강일 안내,2019학년도 1학기 대체보강일 안내,학사지원실,2019-04-19,3252,https://www.jj.ac.kr/jj/community/notice02.do?mode=view&articleNo=190127&article.offset=400&articleLimit=100,,1.428571429,0,0,0,0,0,1.428571429,0
학사공지,342,349+학사지원실_19학년도 1학기 특별학점 신청 안내,2019학년도 1학기 특별학점 신청 안내,학사지원실,2019-04-15,1801,https://www.jj.ac.kr/jj/community/notice02.do?mode=view&articleNo=190126&article.offset=400&articleLimit=100,,0,0,1.304347826,1.304347826,0,0,1.304347826,0
학사공지,341,401+학사지원실_2020학년도 1학기 재입학 안내,2020학년도 1학기 재입학 안내,학사지원실,2019-02-12,2670,https://www.jj.ac.kr/jj/community/notice02.do?mode=view&articleNo=190178&article.offset=400&articleLimit=100,,0,0,0,0,0,0,1.578947368,0
학사공지,340,394+통합 관리자_ 중간 강의평가 실시 및 이벤트 안내,2019학년도 2학기 중간 강의평가 실시 및 이벤트 안내,통합 관리자,2019-02-10,2382,https://www.jj.ac.kr/jj/community/notice02.do?mode=view&articleNo=190171&article.offset=400&articleLimit=100,,0.9375,0.9375,0,0,0,0,0.9375,0
학사공지,339,368+학사지원실_기 성적&석차 공개 및 이의신청 안내,2019학년도 1학기 성적&석차 공개 및 이의신청 안내,학사지원실,2019-01-07,2942,https://www.jj.ac.kr/jj/community/notice02.do?mode=view&articleNo=190145&article.offset=400&articleLimit=100,,0,0.967741935,0,0.967741935,0,0,0.967741935,0
